gameId,gameDateTimeEst,hometeamCity,hometeamName,hometeamId,awayteamCity,awayteamName,awayteamId,homeScore,awayScore,winner,gameType,attendance,gameLabel,seriesGameNumber,totalScore,scoreDifference
22500013,2025-12-25 17:30:00+00:00,Denver,Nuggets,1610612743,Minnesota,Timberwolves,1610612750,142,138,1610612743,Regular Season,20046.0,,,280,4
22500012,2025-12-25 15:00:00+00:00,Los Angeles,Lakers,1610612747,Houston,Rockets,1610612745,96,119,1610612745,Regular Season,18997.0,,,215,23
22500011,2025-12-25 12:00:00+00:00,Golden State,Warriors,1610612744,Dallas,Mavericks,1610612742,126,116,1610612744,Regular Season,18064.0,,,242,10
22500010,2025-12-25 09:30:00+00:00,Oklahoma City,Thunder,1610612760,San Antonio,Spurs,1610612759,102,117,1610612759,Regular Season,18203.0,,,219,15
22500009,2025-12-25 07:00:00+00:00,New York,Knicks,1610612752,Cleveland,Cavaliers,1610612739,126,124,1610612752,Regular Season,19812.0,,,250,2
22500422,2025-12-23 17:30:00+00:00,LA,Clippers,1610612746,Houston,Rockets,1610612745,128,108,1610612746,Regular Season,17927.0,,,236,20
22500421,2025-12-23 17:00:00+00:00,Sacramento,Kings,1610612758,Detroit,Pistons,1610612765,127,136,1610612765,Regular Season,17832.0,,,263,9
22500420,2025-12-23 17:00:00+00:00,Portland,Trail Blazers,1610612757,Orlando,Magic,1610612753,106,110,1610612753,Regular Season,17073.0,,,216,4
22500419,2025-12-23 16:00:00+00:00,Utah,Jazz,1610612762,Memphis,Grizzlies,1610612763,128,137,1610612763,Regular Season,18186.0,,,265,9
22500418,2025-12-23 16:00:00+00:00,Phoenix,Suns,1610612756,Los Angeles,Lakers,1610612747,132,108,1610612756,Regular Season,17071.0,,,240,24
22500417,2025-12-23 15:30:00+00:00,San Antonio,Spurs,1610612759,Oklahoma City,Thunder,1610612760,130,110,1610612759,Regular Season,19133.0,,,240,20
22500416,2025-12-23 15:00:00+00:00,Minnesota,Timberwolves,1610612750,New York,Knicks,1610612752,115,104,1610612750,Regular Season,18978.0,,,219,11
22500415,2025-12-23 15:00:00+00:00,Dallas,Mavericks,1610612742,Denver,Nuggets,1610612743,131,130,1610612742,Regular Season,19432.0,,,261,1
22500411,2025-12-23 14:30:00+00:00,Atlanta,Hawks,1610612737,Chicago,Bulls,1610612741,123,126,1610612741,Regular Season,15367.0,,,249,3
22500412,2025-12-23 14:30:00+00:00,Cleveland,Cavaliers,1610612739,New Orleans,Pelicans,1610612740,141,118,1610612739,Regular Season,19432.0,,,259,23
22500414,2025-12-23 14:30:00+00:00,Miami,Heat,1610612748,Toronto,Raptors,1610612761,91,112,1610612761,Regular Season,19801.0,,,203,21
22500413,2025-12-23 14:30:00+00:00,Indiana,Pacers,1610612754,Milwaukee,Bucks,1610612749,94,111,1610612749,Regular Season,16509.0,,,205,17
22500409,2025-12-23 14:00:00+00:00,Charlotte,Hornets,1610612766,Washington,Wizards,1610612764,126,109,1610612766,Regular Season,18679.0,,,235,17
22500410,2025-12-23 14:00:00+00:00,Philadelphia,76ers,1610612755,Brooklyn,Nets,1610612751,106,114,1610612751,Regular Season,19746.0,,,220,8
22500408,2025-12-22 17:00:00+00:00,Portland,Trail Blazers,1610612757,Detroit,Pistons,1610612765,102,110,1610612765,Regular Season,19335.0,,,212,8
22500407,2025-12-22 17:00:00+00:00,Golden State,Warriors,1610612744,Orlando,Magic,1610612753,120,97,1610612744,Regular Season,18064.0,,,217,23
22500406,2025-12-22 16:30:00+00:00,Oklahoma City,Thunder,1610612760,Memphis,Grizzlies,1610612763,119,103,1610612760,Regular Season,18203.0,,,222,16
22500405,2025-12-22 16:00:00+00:00,Denver,Nuggets,1610612743,Utah,Jazz,1610612762,135,112,1610612743,Regular Season,19887.0,,,247,23
22500404,2025-12-22 15:00:00+00:00,New Orleans,Pelicans,1610612740,Dallas,Mavericks,1610612742,119,113,1610612740,Regular Season,16978.0,,,232,6
22500403,2025-12-22 14:30:00+00:00,Boston,Celtics,1610612738,Indiana,Pacers,1610612754,103,95,1610612738,Regular Season,19156.0,,,198,8
22500402,2025-12-22 14:00:00+00:00,Cleveland,Cavaliers,1610612739,Charlotte,Hornets,1610612766,139,132,1610612739,Regular Season,19432.0,,,271,7
22500401,2025-12-21 17:00:00+00:00,Sacramento,Kings,1610612758,Houston,Rockets,1610612745,125,124,1610612758,Regular Season,15796.0,,,249,1
22500399,2025-12-21 14:00:00+00:00,Washington,Wizards,1610612764,San Antonio,Spurs,1610612759,113,124,1610612759,Regular Season,20028.0,,,237,11
22500400,2025-12-21 14:00:00+00:00,Minnesota,Timberwolves,1610612750,Milwaukee,Bucks,1610612749,103,100,1610612750,Regular Season,18978.0,,,203,3
22500397,2025-12-21 13:00:00+00:00,Brooklyn,Nets,1610612751,Toronto,Raptors,1610612761,96,81,1610612751,Regular Season,17548.0,,,177,15
22500398,2025-12-21 13:00:00+00:00,New York,Knicks,1610612752,Miami,Heat,1610612748,132,125,1610612752,Regular Season,19812.0,,,257,7
22500396,2025-12-21 10:30:00+00:00,Atlanta,Hawks,1610612737,Chicago,Bulls,1610612741,150,152,1610612741,Regular Season,15110.0,,,302,2
22500394,2025-12-20 22:00:00+00:00,Sacramento,Kings,1610612758,Portland,Trail Blazers,1610612757,93,98,1610612757,Regular Season,15963.0,,,191,5
22500395,2025-12-20 17:30:00+00:00,LA,Clippers,1610612746,Los Angeles,Lakers,1610612747,103,88,1610612746,Regular Season,17927.0,,,191,15
22500393,2025-12-20 16:30:00+00:00,Utah,Jazz,1610612762,Orlando,Magic,1610612753,127,128,1610612753,Regular Season,18186.0,,,255,1
22500392,2025-12-20 15:30:00+00:00,Golden State,Warriors,1610612744,Phoenix,Suns,1610612756,119,116,1610612744,Regular Season,18064.0,,,235,3
22500391,2025-12-20 15:00:00+00:00,Memphis,Grizzlies,1610612763,Washington,Wizards,1610612764,122,130,1610612764,Regular Season,15780.0,,,252,8
22500390,2025-12-20 14:30:00+00:00,Detroit,Pistons,1610612765,Charlotte,Hornets,1610612766,112,86,1610612765,Regular Season,20062.0,,,198,26
22500389,2025-12-20 14:00:00+00:00,New Orleans,Pelicans,1610612740,Indiana,Pacers,1610612754,128,109,1610612740,Regular Season,16434.0,,,237,19
22500388,2025-12-20 14:00:00+00:00,Toronto,Raptors,1610612761,Boston,Celtics,1610612738,96,112,1610612738,Regular Season,19533.0,,,208,16
22500387,2025-12-20 14:00:00+00:00,Philadelphia,76ers,1610612755,Dallas,Mavericks,1610612742,121,114,1610612755,Regular Season,19056.0,,,235,7
22500386,2025-12-20 12:00:00+00:00,Denver,Nuggets,1610612743,Houston,Rockets,1610612745,101,115,1610612745,Regular Season,19955.0,,,216,14
22500385,2025-12-19 16:30:00+00:00,Minnesota,Timberwolves,1610612750,Oklahoma City,Thunder,1610612760,112,107,1610612750,Regular Season,18978.0,,,219,5
22500384,2025-12-19 14:30:00+00:00,Cleveland,Cavaliers,1610612739,Chicago,Bulls,1610612741,125,136,1610612741,Regular Season,19432.0,,,261,11
22500383,2025-12-19 14:30:00+00:00,Atlanta,Hawks,1610612737,San Antonio,Spurs,1610612759,98,126,1610612759,Regular Season,15505.0,,,224,28
22500382,2025-12-19 14:00:00+00:00,New York,Knicks,1610612752,Philadelphia,76ers,1610612755,107,116,1610612755,Regular Season,19812.0,,,223,9
22500381,2025-12-19 14:00:00+00:00,Boston,Celtics,1610612738,Miami,Heat,1610612748,129,116,1610612738,Regular Season,19156.0,,,245,13
22500380,2025-12-18 17:00:00+00:00,Portland,Trail Blazers,1610612757,Sacramento,Kings,1610612758,134,133,1610612757,Regular Season,16382.0,,,267,1
22500377,2025-12-18 16:00:00+00:00,Denver,Nuggets,1610612743,Orlando,Magic,1610612753,126,115,1610612743,Regular Season,19731.0,,,241,11
22500379,2025-12-18 16:00:00+00:00,Utah,Jazz,1610612762,Los Angeles,Lakers,1610612747,135,143,1610612747,Regular Season,18186.0,,,278,8
22500378,2025-12-18 16:00:00+00:00,Phoenix,Suns,1610612756,Golden State,Warriors,1610612744,99,98,1610612756,Regular Season,17071.0,,,197,1
22500376,2025-12-18 15:30:00+00:00,Dallas,Mavericks,1610612742,Detroit,Pistons,1610612765,116,114,1610612742,Regular Season,19600.0,,,230,2
22500374,2025-12-18 15:00:00+00:00,Milwaukee,Bucks,1610612749,Toronto,Raptors,1610612761,105,111,1610612761,Regular Season,17341.0,,,216,6
22500370,2025-12-18 15:00:00+00:00,San Antonio,Spurs,1610612759,Washington,Wizards,1610612764,119,94,1610612759,Regular Season,18754.0,,,213,25
22500369,2025-12-18 15:00:00+00:00,Oklahoma City,Thunder,1610612760,LA,Clippers,1610612746,122,101,1610612760,Regular Season,18203.0,,,223,21
22500375,2025-12-18 15:00:00+00:00,New Orleans,Pelicans,1610612740,Houston,Rockets,1610612745,133,128,1610612740,Regular Season,16766.0,,,261,5
22500373,2025-12-18 14:30:00+00:00,Brooklyn,Nets,1610612751,Miami,Heat,1610612748,95,106,1610612748,Regular Season,17548.0,,,201,11
22500371,2025-12-18 14:00:00+00:00,Charlotte,Hornets,1610612766,Atlanta,Hawks,1610612737,133,126,1610612766,Regular Season,16124.0,,,259,7
22500372,2025-12-18 14:00:00+00:00,Indiana,Pacers,1610612754,New York,Knicks,1610612752,113,114,1610612752,Regular Season,15660.0,,,227,1
22500367,2025-12-17 15:00:00+00:00,Chicago,Bulls,1610612741,Cleveland,Cavaliers,1610612739,127,111,1610612741,Regular Season,18872.0,,,238,16
22500368,2025-12-17 15:00:00+00:00,Minnesota,Timberwolves,1610612750,Memphis,Grizzlies,1610612763,110,116,1610612763,Regular Season,16287.0,,,226,6
22501226,2025-12-15 17:30:00+00:00,LA,Clippers,1610612746,Memphis,Grizzlies,1610612763,103,121,1610612763,Regular Season,17927.0,,,224,18
22501225,2025-12-15 16:30:00+00:00,Denver,Nuggets,1610612743,Houston,Rockets,1610612745,128,125,1610612743,Regular Season,19596.0,,,253,3
22501224,2025-12-15 16:00:00+00:00,Utah,Jazz,1610612762,Dallas,Mavericks,1610612742,140,133,1610612762,Regular Season,18186.0,,,273,7
22501227,2025-12-15 14:30:00+00:00,Miami,Heat,1610612748,Toronto,Raptors,1610612761,96,106,1610612761,Regular Season,19600.0,,,202,10
22501222,2025-12-15 14:00:00+00:00,Boston,Celtics,1610612738,Detroit,Pistons,1610612765,105,112,1610612765,Regular Season,19156.0,,,217,7
22501221,2025-12-14 16:00:00+00:00,Portland,Trail Blazers,1610612757,Golden State,Warriors,1610612744,136,131,1610612757,Regular Season,19064.0,,,267,5
22501228,2025-12-14 15:00:00+00:00,Phoenix,Suns,1610612756,Los Angeles,Lakers,1610612747,114,116,1610612747,Regular Season,17071.0,,,230,2
22501220,2025-12-14 14:00:00+00:00,Minnesota,Timberwolves,1610612750,Sacramento,Kings,1610612758,117,103,1610612750,Regular Season,15466.0,,,220,14
22501223,2025-12-14 14:00:00+00:00,Chicago,Bulls,1610612741,New Orleans,Pelicans,1610612740,104,114,1610612740,Regular Season,18372.0,,,218,10
22501219,2025-12-14 13:00:00+00:00,Brooklyn,Nets,1610612751,Milwaukee,Bucks,1610612749,127,82,1610612751,Regular Season,16439.0,,,209,45
22501217,2025-12-14 13:00:00+00:00,Atlanta,Hawks,1610612737,Philadelphia,76ers,1610612755,120,117,1610612737,Regular Season,16250.0,,,237,3
22501218,2025-12-14 10:30:00+00:00,Cleveland,Cavaliers,1610612739,Charlotte,Hornets,1610612766,111,119,1610612766,Regular Season,19432.0,,,230,8
22501216,2025-12-14 10:00:00+00:00,Indiana,Pacers,1610612754,Washington,Wizards,1610612764,89,108,1610612764,Regular Season,16001.0,,,197,19
22501215,2025-12-12 17:00:00+00:00,Golden State,Warriors,1610612744,Minnesota,Timberwolves,1610612750,120,127,1610612750,Regular Season,18064.0,,,247,7
22501214,2025-12-12 15:30:00+00:00,Dallas,Mavericks,1610612742,Brooklyn,Nets,1610612751,119,111,1610612742,Regular Season,19032.0,,,230,8
22501213,2025-12-12 15:00:00+00:00,Memphis,Grizzlies,1610612763,Utah,Jazz,1610612762,126,130,1610612762,Regular Season,15502.0,,,256,4
22501212,2025-12-12 14:00:00+00:00,Washington,Wizards,1610612764,Cleveland,Cavaliers,1610612739,126,130,1610612739,Regular Season,15465.0,,,256,4
22501210,2025-12-12 14:00:00+00:00,Detroit,Pistons,1610612765,Atlanta,Hawks,1610612737,142,115,1610612765,Regular Season,18989.0,,,257,27
22501211,2025-12-12 14:00:00+00:00,Philadelphia,76ers,1610612755,Indiana,Pacers,1610612754,115,105,1610612755,Regular Season,19746.0,,,220,10
22501209,2025-12-12 14:00:00+00:00,Charlotte,Hornets,1610612766,Chicago,Bulls,1610612741,126,129,1610612741,Regular Season,16205.0,,,255,3
22501208,2025-12-11 17:00:00+00:00,Sacramento,Kings,1610612758,Denver,Nuggets,1610612743,105,136,1610612743,Regular Season,16307.0,,,241,31
22501207,2025-12-11 15:00:00+00:00,New Orleans,Pelicans,1610612740,Portland,Trail Blazers,1610612757,143,120,1610612740,Regular Season,13448.0,,,263,23
22501206,2025-12-11 15:00:00+00:00,Milwaukee,Bucks,1610612749,Boston,Celtics,1610612738,116,101,1610612749,Regular Season,15458.0,,,217,15
22501205,2025-12-11 15:00:00+00:00,Houston,Rockets,1610612745,LA,Clippers,1610612746,115,113,1610612745,Regular Season,18055.0,,,228,2
22500366,2025-12-08 15:00:00+00:00,New Orleans,Pelicans,1610612740,San Antonio,Spurs,1610612759,132,135,1610612759,Regular Season,15783.0,,,267,3
22500365,2025-12-08 14:30:00+00:00,Minnesota,Timberwolves,1610612750,Phoenix,Suns,1610612756,105,108,1610612756,Regular Season,16046.0,,,213,3
22500364,2025-12-08 14:00:00+00:00,Indiana,Pacers,1610612754,Sacramento,Kings,1610612758,116,105,1610612754,Regular Season,16465.0,,,221,11
22500363,2025-12-07 15:00:00+00:00,Utah,Jazz,1610612762,Oklahoma City,Thunder,1610612760,101,131,1610612760,Regular Season,18186.0,,,232,30
22500362,2025-12-07 14:30:00+00:00,Philadelphia,76ers,1610612755,Los Angeles,Lakers,1610612747,108,112,1610612747,Regular Season,20431.0,,,220,4
22500361,2025-12-07 14:00:00+00:00,Chicago,Bulls,1610612741,Golden State,Warriors,1610612744,91,123,1610612744,Regular Season,18449.0,,,214,32
22500360,2025-12-07 13:00:00+00:00,Memphis,Grizzlies,1610612763,Portland,Trail Blazers,1610612757,119,96,1610612763,Regular Season,14189.0,,,215,23
22500359,2025-12-07 13:00:00+00:00,Charlotte,Hornets,1610612766,Denver,Nuggets,1610612743,106,115,1610612743,Regular Season,18416.0,,,221,9
22500358,2025-12-07 10:30:00+00:00,Toronto,Raptors,1610612761,Boston,Celtics,1610612738,113,121,1610612738,Regular Season,18492.0,,,234,8
22500357,2025-12-07 07:00:00+00:00,New York,Knicks,1610612752,Orlando,Magic,1610612753,106,100,1610612752,Regular Season,19812.0,,,206,6
22500356,2025-12-06 15:30:00+00:00,Dallas,Mavericks,1610612742,Houston,Rockets,1610612745,122,109,1610612742,Regular Season,19310.0,,,231,13
22500355,2025-12-06 15:00:00+00:00,Minnesota,Timberwolves,1610612750,LA,Clippers,1610612746,109,106,1610612750,Regular Season,17506.0,,,215,3
22500354,2025-12-06 15:00:00+00:00,Miami,Heat,1610612748,Sacramento,Kings,1610612758,111,127,1610612758,Regular Season,19700.0,,,238,16
22500353,2025-12-06 14:30:00+00:00,Detroit,Pistons,1610612765,Milwaukee,Bucks,1610612749,124,112,1610612765,Regular Season,19931.0,,,236,12
22500352,2025-12-06 14:30:00+00:00,Cleveland,Cavaliers,1610612739,Golden State,Warriors,1610612744,94,99,1610612744,Regular Season,19432.0,,,193,5
22500351,2025-12-06 14:00:00+00:00,Washington,Wizards,1610612764,Atlanta,Hawks,1610612737,116,131,1610612737,Regular Season,15596.0,,,247,15
22500350,2025-12-06 12:00:00+00:00,Brooklyn,Nets,1610612751,New Orleans,Pelicans,1610612740,119,101,1610612751,Regular Season,17055.0,,,220,18
22500349,2025-12-05 16:30:00+00:00,Oklahoma City,Thunder,1610612760,Dallas,Mavericks,1610612742,132,111,1610612760,Regular Season,18203.0,,,243,21
22500346,2025-12-05 15:00:00+00:00,Houston,Rockets,1610612745,Phoenix,Suns,1610612756,117,98,1610612745,Regular Season,18055.0,,,215,19
22500348,2025-12-05 15:00:00+00:00,Milwaukee,Bucks,1610612749,Philadelphia,76ers,1610612755,101,116,1610612755,Regular Season,17341.0,,,217,15
22500347,2025-12-05 15:00:00+00:00,Memphis,Grizzlies,1610612763,LA,Clippers,1610612746,107,98,1610612763,Regular Season,15052.0,,,205,9
22500345,2025-12-05 15:00:00+00:00,Chicago,Bulls,1610612741,Indiana,Pacers,1610612754,105,120,1610612754,Regular Season,20471.0,,,225,15
22500340,2025-12-05 14:30:00+00:00,Atlanta,Hawks,1610612737,Denver,Nuggets,1610612743,133,134,1610612743,Regular Season,16149.0,,,267,1
22500342,2025-12-05 14:30:00+00:00,Detroit,Pistons,1610612765,Portland,Trail Blazers,1610612757,122,116,1610612765,Regular Season,19907.0,,,238,6
22500343,2025-12-05 14:30:00+00:00,New York,Knicks,1610612752,Utah,Jazz,1610612762,146,112,1610612752,Regular Season,19812.0,,,258,34
22500344,2025-12-05 14:30:00+00:00,Toronto,Raptors,1610612761,Charlotte,Hornets,1610612766,86,111,1610612766,Regular Season,19800.0,,,197,25
22500341,2025-12-05 14:30:00+00:00,Cleveland,Cavaliers,1610612739,San Antonio,Spurs,1610612759,130,117,1610612739,Regular Season,19432.0,,,247,13
22500338,2025-12-05 14:00:00+00:00,Boston,Celtics,1610612738,Los Angeles,Lakers,1610612747,126,105,1610612738,Regular Season,19156.0,,,231,21
22500339,2025-12-05 14:00:00+00:00,Orlando,Magic,1610612753,Miami,Heat,1610612748,106,105,1610612753,Regular Season,17794.0,,,211,1
22500337,2025-12-04 15:00:00+00:00,New Orleans,Pelicans,1610612740,Minnesota,Timberwolves,1610612750,116,125,1610612750,Regular Season,16459.0,,,241,9
22500335,2025-12-04 14:30:00+00:00,Brooklyn,Nets,1610612751,Utah,Jazz,1610612762,110,123,1610612762,Regular Season,16485.0,,,233,13
22500336,2025-12-04 14:30:00+00:00,Toronto,Raptors,1610612761,Los Angeles,Lakers,1610612747,120,123,1610612747,Regular Season,19800.0,,,243,3
22500333,2025-12-04 14:00:00+00:00,Philadelphia,76ers,1610612755,Golden State,Warriors,1610612744,99,98,1610612755,Regular Season,18221.0,,,197,1
22500334,2025-12-04 14:00:00+00:00,Washington,Wizards,1610612764,Boston,Celtics,1610612738,101,146,1610612738,Regular Season,16026.0,,,247,45
22500332,2025-12-03 15:30:00+00:00,Dallas,Mavericks,1610612742,Miami,Heat,1610612748,118,108,1610612742,Regular Season,19509.0,,,226,10
22500329,2025-12-03 15:00:00+00:00,Chicago,Bulls,1610612741,Brooklyn,Nets,1610612751,103,113,1610612751,Regular Season,20633.0,,,216,10
22500330,2025-12-03 15:00:00+00:00,Houston,Rockets,1610612745,Sacramento,Kings,1610612758,121,95,1610612745,Regular Season,18055.0,,,216,26
22500331,2025-12-03 15:00:00+00:00,Milwaukee,Bucks,1610612749,Detroit,Pistons,1610612765,113,109,1610612749,Regular Season,16256.0,,,222,4
22500328,2025-12-03 14:30:00+00:00,New York,Knicks,1610612752,Charlotte,Hornets,1610612766,119,104,1610612752,Regular Season,19812.0,,,223,15
22500327,2025-12-03 14:30:00+00:00,Atlanta,Hawks,1610612737,LA,Clippers,1610612746,92,115,1610612746,Regular Season,16470.0,,,207,23
22500326,2025-12-03 14:00:00+00:00,Orlando,Magic,1610612753,San Antonio,Spurs,1610612759,112,114,1610612759,Regular Season,17643.0,,,226,2
22500324,2025-12-03 14:00:00+00:00,Cleveland,Cavaliers,1610612739,Portland,Trail Blazers,1610612757,110,122,1610612757,Regular Season,19432.0,,,232,12
22500325,2025-12-03 14:00:00+00:00,Indiana,Pacers,1610612754,Denver,Nuggets,1610612743,120,135,1610612743,Regular Season,15578.0,,,255,15
22500323,2025-12-02 18:00:00+00:00,Golden State,Warriors,1610612744,Oklahoma City,Thunder,1610612760,112,124,1610612760,Regular Season,18064.0,,,236,12
22500321,2025-12-02 15:00:00+00:00,New Orleans,Pelicans,1610612740,Minnesota,Timberwolves,1610612750,142,149,1610612750,Regular Season,12770.0,,,291,7
22500322,2025-12-02 15:00:00+00:00,San Antonio,Spurs,1610612759,Memphis,Grizzlies,1610612763,126,119,1610612759,Regular Season,18354.0,,,245,7
22500320,2025-12-02 15:00:00+00:00,Boston,Celtics,1610612738,New York,Knicks,1610612752,123,117,1610612738,Regular Season,19156.0,,,240,6
22500319,2025-12-02 14:30:00+00:00,Toronto,Raptors,1610612761,Portland,Trail Blazers,1610612757,121,118,1610612761,Regular Season,19203.0,,,239,3
22500318,2025-12-02 14:00:00+00:00,Philadelphia,76ers,1610612755,Washington,Wizards,1610612764,121,102,1610612755,Regular Season,16743.0,,,223,19
22500317,2025-12-01 17:00:00+00:00,Los Angeles,Lakers,1610612747,Phoenix,Suns,1610612756,108,125,1610612756,Regular Season,18997.0,,,233,17
22500315,2025-12-01 16:00:00+00:00,Denver,Nuggets,1610612743,Dallas,Mavericks,1610612742,121,131,1610612742,Regular Season,19587.0,,,252,10
22500316,2025-12-01 16:00:00+00:00,Utah,Jazz,1610612762,Houston,Rockets,1610612745,133,125,1610612762,Regular Season,18186.0,,,258,8
22500313,2025-12-01 14:30:00+00:00,Miami,Heat,1610612748,LA,Clippers,1610612746,140,123,1610612748,Regular Season,19600.0,,,263,17
22500314,2025-12-01 14:30:00+00:00,Orlando,Magic,1610612753,Chicago,Bulls,1610612741,125,120,1610612753,Regular Season,18096.0,,,245,5
22500312,2025-12-01 14:30:00+00:00,Brooklyn,Nets,1610612751,Charlotte,Hornets,1610612766,116,103,1610612751,Regular Season,16443.0,,,219,13
22500310,2025-12-01 14:00:00+00:00,Indiana,Pacers,1610612754,Cleveland,Cavaliers,1610612739,119,135,1610612739,Regular Season,15470.0,,,254,16
22500309,2025-12-01 14:00:00+00:00,Detroit,Pistons,1610612765,Atlanta,Hawks,1610612737,99,98,1610612765,Regular Season,19008.0,,,197,1
22500311,2025-12-01 14:00:00+00:00,Washington,Wizards,1610612764,Milwaukee,Bucks,1610612749,129,126,1610612764,Regular Season,13709.0,,,255,3
22500308,2025-11-30 16:30:00+00:00,Los Angeles,Lakers,1610612747,New Orleans,Pelicans,1610612740,133,121,1610612747,Regular Season,18824.0,,,254,12
22500307,2025-11-30 16:00:00+00:00,Sacramento,Kings,1610612758,Memphis,Grizzlies,1610612763,107,115,1610612763,Regular Season,15901.0,,,222,8
22500306,2025-11-30 14:00:00+00:00,Minnesota,Timberwolves,1610612750,San Antonio,Spurs,1610612759,125,112,1610612750,Regular Season,16979.0,,,237,13
22500303,2025-11-30 13:00:00+00:00,New York,Knicks,1610612752,Toronto,Raptors,1610612761,116,94,1610612752,Regular Season,19812.0,,,210,22
22500302,2025-11-30 13:00:00+00:00,Cleveland,Cavaliers,1610612739,Boston,Celtics,1610612738,115,117,1610612738,Regular Season,19432.0,,,232,2
22500304,2025-11-30 13:00:00+00:00,Philadelphia,76ers,1610612755,Atlanta,Hawks,1610612737,134,142,1610612737,Regular Season,17225.0,,,276,8
22500305,2025-11-30 13:00:00+00:00,Portland,Trail Blazers,1610612757,Oklahoma City,Thunder,1610612760,115,123,1610612760,Regular Season,17597.0,,,238,8
22500301,2025-11-30 10:00:00+00:00,Utah,Jazz,1610612762,Houston,Rockets,1610612745,101,129,1610612745,Regular Season,18186.0,,,230,28
22500300,2025-11-29 17:00:00+00:00,LA,Clippers,1610612746,Dallas,Mavericks,1610612742,110,114,1610612742,Regular Season,17927.0,,,224,4
22500299,2025-11-29 16:00:00+00:00,Phoenix,Suns,1610612756,Denver,Nuggets,1610612743,112,130,1610612743,Regular Season,17071.0,,,242,18
22500298,2025-11-29 15:30:00+00:00,Golden State,Warriors,1610612744,New Orleans,Pelicans,1610612740,104,96,1610612744,Regular Season,18064.0,,,200,8
22500297,2025-11-29 15:00:00+00:00,Milwaukee,Bucks,1610612749,Brooklyn,Nets,1610612751,116,99,1610612749,Regular Season,16396.0,,,215,17
22500296,2025-11-29 15:00:00+00:00,Miami,Heat,1610612748,Detroit,Pistons,1610612765,135,138,1610612765,Regular Season,19600.0,,,273,3
22500295,2025-11-29 14:30:00+00:00,Indiana,Pacers,1610612754,Chicago,Bulls,1610612741,103,101,1610612754,Regular Season,17006.0,,,204,2
22500294,2025-11-29 13:00:00+00:00,Charlotte,Hornets,1610612766,Toronto,Raptors,1610612761,118,111,1610612766,Regular Season,17060.0,,,229,7
22500293,2025-11-29 12:00:00+00:00,Minnesota,Timberwolves,1610612750,Boston,Celtics,1610612738,119,115,1610612750,Regular Season,17344.0,,,234,4
22500291,2025-11-24 17:00:00+00:00,Golden State,Warriors,1610612744,Utah,Jazz,1610612762,134,117,1610612744,Regular Season,18064.0,,,251,17
22500292,2025-11-24 17:00:00+00:00,Sacramento,Kings,1610612758,Minnesota,Timberwolves,1610612750,117,112,1610612758,Regular Season,16957.0,,,229,5
22500290,2025-11-24 16:30:00+00:00,Phoenix,Suns,1610612756,Houston,Rockets,1610612745,92,114,1610612745,Regular Season,17071.0,,,206,22
22500288,2025-11-24 15:00:00+00:00,Milwaukee,Bucks,1610612749,Portland,Trail Blazers,1610612757,103,115,1610612757,Regular Season,16526.0,,,218,12
22500287,2025-11-24 15:00:00+00:00,Memphis,Grizzlies,1610612763,Denver,Nuggets,1610612743,115,125,1610612743,Regular Season,15519.0,,,240,10
22500289,2025-11-24 15:00:00+00:00,New Orleans,Pelicans,1610612740,Chicago,Bulls,1610612741,143,130,1610612740,Regular Season,16690.0,,,273,13
22500285,2025-11-24 14:30:00+00:00,Brooklyn,Nets,1610612751,New York,Knicks,1610612752,100,113,1610612752,Regular Season,18019.0,,,213,13
22500286,2025-11-24 14:30:00+00:00,Miami,Heat,1610612748,Dallas,Mavericks,1610612742,106,102,1610612748,Regular Season,19600.0,,,208,4
22500283,2025-11-24 14:00:00+00:00,Indiana,Pacers,1610612754,Detroit,Pistons,1610612765,117,122,1610612765,Regular Season,17009.0,,,239,5
22500284,2025-11-24 14:00:00+00:00,Toronto,Raptors,1610612761,Cleveland,Cavaliers,1610612739,110,99,1610612761,Regular Season,17127.0,,,209,11
22500281,2025-11-23 15:00:00+00:00,Phoenix,Suns,1610612756,San Antonio,Spurs,1610612759,111,102,1610612756,Regular Season,17071.0,,,213,9
22500282,2025-11-23 15:00:00+00:00,Utah,Jazz,1610612762,Los Angeles,Lakers,1610612747,106,108,1610612747,Regular Season,18186.0,,,214,2
22500280,2025-11-23 14:00:00+00:00,Oklahoma City,Thunder,1610612760,Portland,Trail Blazers,1610612757,122,95,1610612760,Regular Season,18203.0,,,217,27
22500276,2025-11-23 13:00:00+00:00,Atlanta,Hawks,1610612737,Charlotte,Hornets,1610612766,113,110,1610612737,Regular Season,17460.0,,,223,3
22500278,2025-11-23 13:00:00+00:00,Cleveland,Cavaliers,1610612739,LA,Clippers,1610612746,120,105,1610612739,Regular Season,19432.0,,,225,15
22500277,2025-11-23 13:00:00+00:00,Boston,Celtics,1610612738,Orlando,Magic,1610612753,138,129,1610612738,Regular Season,19156.0,,,267,9
22500279,2025-11-23 13:00:00+00:00,Toronto,Raptors,1610612761,Brooklyn,Nets,1610612751,119,109,1610612761,Regular Season,18038.0,,,228,10
22500275,2025-11-23 08:00:00+00:00,Philadelphia,76ers,1610612755,Miami,Heat,1610612748,117,127,1610612748,Regular Season,18850.0,,,244,10
22500274,2025-11-22 17:00:00+00:00,Denver,Nuggets,1610612743,Sacramento,Kings,1610612758,123,128,1610612758,Regular Season,19893.0,,,251,5
22500273,2025-11-22 15:30:00+00:00,Dallas,Mavericks,1610612742,Memphis,Grizzlies,1610612763,96,102,1610612763,Regular Season,19623.0,,,198,6
22500271,2025-11-22 15:00:00+00:00,Chicago,Bulls,1610612741,Washington,Wizards,1610612764,121,120,1610612741,Regular Season,21302.0,,,241,1
22500272,2025-11-22 15:00:00+00:00,Milwaukee,Bucks,1610612749,Detroit,Pistons,1610612765,116,129,1610612765,Regular Season,17341.0,,,245,13
22500270,2025-11-22 14:00:00+00:00,New Orleans,Pelicans,1610612740,Atlanta,Hawks,1610612737,98,115,1610612737,Regular Season,18397.0,,,213,17
22500269,2025-11-22 12:00:00+00:00,Orlando,Magic,1610612753,New York,Knicks,1610612752,133,121,1610612753,Regular Season,18014.0,,,254,12
22500268,2025-11-22 08:00:00+00:00,Charlotte,Hornets,1610612766,LA,Clippers,1610612746,116,131,1610612746,Regular Season,18721.0,,,247,15
22500266,2025-11-20 20:00:00+00:00,Milwaukee,Bucks,1610612749,Philadelphia,76ers,1610612755,114,123,1610612755,Regular Season,16574.0,,,237,9
22500265,2025-11-20 20:00:00+00:00,Memphis,Grizzlies,1610612763,Sacramento,Kings,1610612758,137,96,1610612763,Regular Season,14704.0,,,233,41
22500267,2025-11-20 20:00:00+00:00,San Antonio,Spurs,1610612759,Atlanta,Hawks,1610612737,135,126,1610612759,Regular Season,18354.0,,,261,9
22500264,2025-11-20 19:00:00+00:00,Orlando,Magic,1610612753,LA,Clippers,1610612746,129,101,1610612753,Regular Season,17801.0,,,230,28
22500263,2025-11-19 22:00:00+00:00,Portland,Trail Blazers,1610612757,Chicago,Bulls,1610612741,121,122,1610612741,Regular Season,17795.0,,,243,1
22500262,2025-11-19 21:30:00+00:00,Dallas,Mavericks,1610612742,New York,Knicks,1610612752,111,113,1610612752,Regular Season,18513.0,,,224,2
22500259,2025-11-19 20:00:00+00:00,Minnesota,Timberwolves,1610612750,Washington,Wizards,1610612764,120,109,1610612750,Regular Season,16578.0,,,229,11
22500260,2025-11-19 20:00:00+00:00,New Orleans,Pelicans,1610612740,Denver,Nuggets,1610612743,118,125,1610612743,Regular Season,16484.0,,,243,7
22500261,2025-11-19 20:00:00+00:00,Oklahoma City,Thunder,1610612760,Sacramento,Kings,1610612758,113,99,1610612760,Regular Season,18203.0,,,212,14
22500257,2025-11-19 19:30:00+00:00,Miami,Heat,1610612748,Golden State,Warriors,1610612744,110,96,1610612748,Regular Season,19600.0,,,206,14
22500256,2025-11-19 19:00:00+00:00,Indiana,Pacers,1610612754,Charlotte,Hornets,1610612766,127,118,1610612754,Regular Season,17003.0,,,245,9
22500255,2025-11-19 19:00:00+00:00,Cleveland,Cavaliers,1610612739,Houston,Rockets,1610612745,104,114,1610612745,Regular Season,19432.0,,,218,10
22500258,2025-11-19 19:00:00+00:00,Philadelphia,76ers,1610612755,Toronto,Raptors,1610612761,112,121,1610612761,Regular Season,17077.0,,,233,9
22500254,2025-11-18 23:00:00+00:00,Portland,Trail Blazers,1610612757,Phoenix,Suns,1610612756,110,127,1610612756,Regular Season,17051.0,,,237,17
22500253,2025-11-18 22:30:00+00:00,Los Angeles,Lakers,1610612747,Utah,Jazz,1610612762,140,126,1610612747,Regular Season,18997.0,,,266,14
22500252,2025-11-18 20:00:00+00:00,San Antonio,Spurs,1610612759,Memphis,Grizzlies,1610612763,111,101,1610612759,Regular Season,18354.0,,,212,10
22500250,2025-11-18 19:30:00+00:00,Brooklyn,Nets,1610612751,Boston,Celtics,1610612738,99,113,1610612738,Regular Season,18118.0,,,212,14
22500251,2025-11-18 19:30:00+00:00,Atlanta,Hawks,1610612737,Detroit,Pistons,1610612765,112,120,1610612765,Regular Season,17353.0,,,232,8
22500249,2025-11-18 19:00:00+00:00,Orlando,Magic,1610612753,Golden State,Warriors,1610612744,121,113,1610612753,Regular Season,18846.0,,,234,8
22500248,2025-11-17 21:00:00+00:00,Denver,Nuggets,1610612743,Chicago,Bulls,1610612741,127,130,1610612741,Regular Season,19951.0,,,257,3
22500246,2025-11-17 20:00:00+00:00,Minnesota,Timberwolves,1610612750,Dallas,Mavericks,1610612742,120,96,1610612750,Regular Season,16712.0,,,216,24
22500247,2025-11-17 20:00:00+00:00,New Orleans,Pelicans,1610612740,Oklahoma City,Thunder,1610612760,109,126,1610612760,Regular Season,13757.0,,,235,17
22500244,2025-11-17 19:30:00+00:00,Miami,Heat,1610612748,New York,Knicks,1610612752,115,113,1610612748,Regular Season,19600.0,,,228,2
22500245,2025-11-17 19:30:00+00:00,Toronto,Raptors,1610612761,Charlotte,Hornets,1610612766,110,108,1610612761,Regular Season,19037.0,,,218,2
22500242,2025-11-17 19:00:00+00:00,Detroit,Pistons,1610612765,Indiana,Pacers,1610612754,127,112,1610612765,Regular Season,19058.0,,,239,15
22500243,2025-11-17 19:00:00+00:00,Philadelphia,76ers,1610612755,LA,Clippers,1610612746,110,108,1610612755,Regular Season,18008.0,,,218,2
22500241,2025-11-17 19:00:00+00:00,Cleveland,Cavaliers,1610612739,Milwaukee,Bucks,1610612749,118,106,1610612739,Regular Season,19432.0,,,224,12
22500240,2025-11-16 20:00:00+00:00,Utah,Jazz,1610612762,Chicago,Bulls,1610612741,150,147,1610612762,Regular Season,18186.0,,,297,3
22500239,2025-11-16 20:00:00+00:00,Phoenix,Suns,1610612756,Atlanta,Hawks,1610612737,122,124,1610612737,Regular Season,17071.0,,,246,2
22500238,2025-11-16 19:30:00+00:00,Dallas,Mavericks,1610612742,Portland,Trail Blazers,1610612757,138,133,1610612742,Regular Season,18808.0,,,271,5
22500237,2025-11-16 19:00:00+00:00,New Orleans,Pelicans,1610612740,Golden State,Warriors,1610612744,106,124,1610612744,Regular Season,18373.0,,,230,18
22500236,2025-11-16 19:00:00+00:00,Houston,Rockets,1610612745,Orlando,Magic,1610612753,117,113,1610612745,Regular Season,18055.0,,,230,4
22500235,2025-11-16 18:00:00+00:00,Washington,Wizards,1610612764,Brooklyn,Nets,1610612751,106,129,1610612751,Regular Season,14164.0,,,235,23
22500234,2025-11-16 16:00:00+00:00,San Antonio,Spurs,1610612759,Sacramento,Kings,1610612758,123,110,1610612759,Regular Season,18354.0,,,233,13
22500233,2025-11-16 15:30:00+00:00,Boston,Celtics,1610612738,LA,Clippers,1610612746,121,118,1610612738,Regular Season,19156.0,,,239,3
22500232,2025-11-15 20:00:00+00:00,Minnesota,Timberwolves,1610612750,Denver,Nuggets,1610612743,112,123,1610612743,Regular Season,18024.0,,,235,11
22500231,2025-11-15 20:00:00+00:00,Milwaukee,Bucks,1610612749,Los Angeles,Lakers,1610612747,95,119,1610612747,Regular Season,17341.0,,,214,24
22500230,2025-11-15 19:00:00+00:00,Indiana,Pacers,1610612754,Toronto,Raptors,1610612761,111,129,1610612761,Regular Season,17274.0,,,240,18
22500229,2025-11-15 19:00:00+00:00,Charlotte,Hornets,1610612766,Oklahoma City,Thunder,1610612760,96,109,1610612760,Regular Season,19469.0,,,205,13
22500228,2025-11-15 17:00:00+00:00,Cleveland,Cavaliers,1610612739,Memphis,Grizzlies,1610612763,108,100,1610612739,Regular Season,19432.0,,,208,8
22500227,2025-11-13 21:00:00+00:00,Utah,Jazz,1610612762,Atlanta,Hawks,1610612737,122,132,1610612737,Regular Season,18186.0,,,254,10
22500226,2025-11-13 21:00:00+00:00,Phoenix,Suns,1610612756,Indiana,Pacers,1610612754,133,98,1610612756,Regular Season,17071.0,,,231,35
22500225,2025-11-13 19:00:00+00:00,Cleveland,Cavaliers,1610612739,Toronto,Raptors,1610612761,113,126,1610612761,Regular Season,19432.0,,,239,13
22500224,2025-11-12 22:30:00+00:00,LA,Clippers,1610612746,Denver,Nuggets,1610612743,116,130,1610612743,Regular Season,17927.0,,,246,14
22500223,2025-11-12 22:00:00+00:00,Sacramento,Kings,1610612758,Atlanta,Hawks,1610612737,100,133,1610612737,Regular Season,15008.0,,,233,33
22500222,2025-11-12 21:30:00+00:00,Oklahoma City,Thunder,1610612760,Los Angeles,Lakers,1610612747,121,92,1610612760,Regular Season,18203.0,,,213,29
22500221,2025-11-12 20:30:00+00:00,Dallas,Mavericks,1610612742,Phoenix,Suns,1610612756,114,123,1610612756,Regular Season,19501.0,,,237,9
22500219,2025-11-12 20:00:00+00:00,New Orleans,Pelicans,1610612740,Portland,Trail Blazers,1610612757,117,125,1610612757,Regular Season,15896.0,,,242,8
22500218,2025-11-12 20:00:00+00:00,Houston,Rockets,1610612745,Washington,Wizards,1610612764,135,112,1610612745,Regular Season,18055.0,,,247,23
22500220,2025-11-12 20:00:00+00:00,San Antonio,Spurs,1610612759,Golden State,Warriors,1610612744,120,125,1610612744,Regular Season,18578.0,,,245,5
22500216,2025-11-12 19:30:00+00:00,Boston,Celtics,1610612738,Memphis,Grizzlies,1610612763,131,95,1610612738,Regular Season,19156.0,,,226,36
22500217,2025-11-12 19:30:00+00:00,Miami,Heat,1610612748,Cleveland,Cavaliers,1610612739,116,130,1610612739,Regular Season,19600.0,,,246,14
22500213,2025-11-12 19:00:00+00:00,Charlotte,Hornets,1610612766,Milwaukee,Bucks,1610612749,111,100,1610612766,Regular Season,17142.0,,,211,11
22500215,2025-11-12 19:00:00+00:00,New York,Knicks,1610612752,Orlando,Magic,1610612753,107,124,1610612753,Regular Season,19812.0,,,231,17
22500214,2025-11-12 19:00:00+00:00,Detroit,Pistons,1610612765,Chicago,Bulls,1610612741,124,113,1610612765,Regular Season,19023.0,,,237,11
22500212,2025-11-11 23:00:00+00:00,Sacramento,Kings,1610612758,Denver,Nuggets,1610612743,108,122,1610612743,Regular Season,15106.0,,,230,14
22500211,2025-11-11 21:00:00+00:00,Utah,Jazz,1610612762,Indiana,Pacers,1610612754,152,128,1610612762,Regular Season,18186.0,,,280,24
22500209,2025-11-11 20:00:00+00:00,Philadelphia,76ers,1610612755,Boston,Celtics,1610612738,102,100,1610612755,Regular Season,19746.0,,,202,2
22500210,2025-11-11 20:00:00+00:00,Oklahoma City,Thunder,1610612760,Golden State,Warriors,1610612744,126,102,1610612760,Regular Season,18203.0,,,228,24
22500208,2025-11-11 19:30:00+00:00,New York,Knicks,1610612752,Memphis,Grizzlies,1610612763,133,120,1610612752,Regular Season,19812.0,,,253,13
22500207,2025-11-11 19:30:00+00:00,Brooklyn,Nets,1610612751,Toronto,Raptors,1610612761,109,119,1610612761,Regular Season,17233.0,,,228,10
22500206,2025-11-10 22:30:00+00:00,LA,Clippers,1610612746,Atlanta,Hawks,1610612737,102,105,1610612737,Regular Season,16368.0,,,207,3
22500205,2025-11-10 21:00:00+00:00,Utah,Jazz,1610612762,Minnesota,Timberwolves,1610612750,113,120,1610612750,Regular Season,18186.0,,,233,7
22500204,2025-11-10 21:00:00+00:00,Phoenix,Suns,1610612756,New Orleans,Pelicans,1610612740,121,98,1610612756,Regular Season,17071.0,,,219,23
22500203,2025-11-10 20:30:00+00:00,Dallas,Mavericks,1610612742,Milwaukee,Bucks,1610612749,114,116,1610612749,Regular Season,19132.0,,,230,2
22500202,2025-11-10 20:00:00+00:00,Chicago,Bulls,1610612741,San Antonio,Spurs,1610612759,117,121,1610612759,Regular Season,21672.0,,,238,4
22500201,2025-11-10 19:30:00+00:00,Miami,Heat,1610612748,Cleveland,Cavaliers,1610612739,140,138,1610612748,Regular Season,19600.0,,,278,2
22500200,2025-11-10 19:00:00+00:00,Orlando,Magic,1610612753,Portland,Trail Blazers,1610612757,115,112,1610612753,Regular Season,17989.0,,,227,3
22500199,2025-11-10 19:00:00+00:00,Detroit,Pistons,1610612765,Washington,Wizards,1610612764,137,135,1610612765,Regular Season,17994.0,,,272,2
22500198,2025-11-10 19:00:00+00:00,Charlotte,Hornets,1610612766,Los Angeles,Lakers,1610612747,111,121,1610612747,Regular Season,19537.0,,,232,10
22500197,2025-11-09 21:00:00+00:00,Sacramento,Kings,1610612758,Minnesota,Timberwolves,1610612750,117,144,1610612750,Regular Season,15227.0,,,261,27
22500196,2025-11-09 20:30:00+00:00,Golden State,Warriors,1610612744,Indiana,Pacers,1610612754,114,83,1610612744,Regular Season,18064.0,,,197,31
22500195,2025-11-09 19:30:00+00:00,Philadelphia,76ers,1610612755,Detroit,Pistons,1610612765,108,111,1610612765,Regular Season,18520.0,,,219,3
22500192,2025-11-09 18:00:00+00:00,New York,Knicks,1610612752,Brooklyn,Nets,1610612751,134,98,1610612752,Regular Season,19812.0,,,232,36
22500194,2025-11-09 18:00:00+00:00,Memphis,Grizzlies,1610612763,Oklahoma City,Thunder,1610612760,100,114,1610612760,Regular Season,14532.0,,,214,14
22500193,2025-11-09 18:00:00+00:00,Orlando,Magic,1610612753,Boston,Celtics,1610612738,107,111,1610612738,Regular Season,18096.0,,,218,4
22500191,2025-11-09 15:30:00+00:00,Milwaukee,Bucks,1610612749,Houston,Rockets,1610612745,115,122,1610612745,Regular Season,17341.0,,,237,7
22500190,2025-11-08 22:30:00+00:00,LA,Clippers,1610612746,Phoenix,Suns,1610612756,103,114,1610612756,Regular Season,18961.0,,,217,11
22500189,2025-11-08 21:00:00+00:00,Denver,Nuggets,1610612743,Indiana,Pacers,1610612754,117,100,1610612743,Regular Season,19954.0,,,217,17
22500186,2025-11-08 20:00:00+00:00,Cleveland,Cavaliers,1610612739,Chicago,Bulls,1610612741,128,122,1610612739,Regular Season,19432.0,,,250,6
22500188,2025-11-08 20:00:00+00:00,San Antonio,Spurs,1610612759,New Orleans,Pelicans,1610612740,126,119,1610612759,Regular Season,18611.0,,,245,7
22500185,2025-11-08 20:00:00+00:00,Atlanta,Hawks,1610612737,Los Angeles,Lakers,1610612747,122,102,1610612737,Regular Season,17194.0,,,224,20
22500187,2025-11-08 20:00:00+00:00,Miami,Heat,1610612748,Portland,Trail Blazers,1610612757,136,131,1610612748,Regular Season,19600.0,,,267,5
22500184,2025-11-08 19:30:00+00:00,Philadelphia,76ers,1610612755,Toronto,Raptors,1610612761,130,120,1610612755,Regular Season,19746.0,,,250,10
22500183,2025-11-08 19:00:00+00:00,Washington,Wizards,1610612764,Dallas,Mavericks,1610612742,105,111,1610612742,Regular Season,16258.0,,,216,6
22500182,2025-11-06 21:00:00+00:00,Phoenix,Suns,1610612756,LA,Clippers,1610612746,115,102,1610612756,Regular Season,17071.0,,,217,13
22500181,2025-11-05 22:00:00+00:00,Sacramento,Kings,1610612758,Golden State,Warriors,1610612744,121,116,1610612758,Regular Season,17832.0,,,237,5
22500179,2025-11-05 22:00:00+00:00,Los Angeles,Lakers,1610612747,San Antonio,Spurs,1610612759,118,116,1610612747,Regular Season,18997.0,,,234,2
22500180,2025-11-05 22:00:00+00:00,Portland,Trail Blazers,1610612757,Oklahoma City,Thunder,1610612760,121,119,1610612757,Regular Season,16822.0,,,240,2
22500178,2025-11-05 21:00:00+00:00,Denver,Nuggets,1610612743,Miami,Heat,1610612748,122,112,1610612743,Regular Season,19862.0,,,234,10
22500177,2025-11-05 20:30:00+00:00,Dallas,Mavericks,1610612742,New Orleans,Pelicans,1610612740,99,101,1610612740,Regular Season,18925.0,,,200,2
22500176,2025-11-05 20:00:00+00:00,Memphis,Grizzlies,1610612763,Houston,Rockets,1610612745,109,124,1610612745,Regular Season,15119.0,,,233,15
22500175,2025-11-05 19:30:00+00:00,New York,Knicks,1610612752,Minnesota,Timberwolves,1610612750,137,114,1610612752,Regular Season,19812.0,,,251,23
22500174,2025-11-05 19:30:00+00:00,Boston,Celtics,1610612738,Washington,Wizards,1610612764,136,107,1610612738,Regular Season,19156.0,,,243,29
22500171,2025-11-05 19:00:00+00:00,Cleveland,Cavaliers,1610612739,Philadelphia,76ers,1610612755,132,121,1610612739,Regular Season,19432.0,,,253,11
22500173,2025-11-05 19:00:00+00:00,Indiana,Pacers,1610612754,Brooklyn,Nets,1610612751,103,112,1610612751,Regular Season,16103.0,,,215,9
22500172,2025-11-05 19:00:00+00:00,Detroit,Pistons,1610612765,Utah,Jazz,1610612762,114,103,1610612765,Regular Season,18403.0,,,217,11
22500170,2025-11-04 23:00:00+00:00,LA,Clippers,1610612746,Oklahoma City,Thunder,1610612760,107,126,1610612760,Regular Season,17195.0,,,233,19
22500169,2025-11-04 22:00:00+00:00,Golden State,Warriors,1610612744,Phoenix,Suns,1610612756,118,107,1610612744,Regular Season,18064.0,,,225,11
22500166,2025-11-04 20:00:00+00:00,Atlanta,Hawks,1610612737,Orlando,Magic,1610612753,127,112,1610612737,Regular Season,15821.0,,,239,15
22500168,2025-11-04 20:00:00+00:00,New Orleans,Pelicans,1610612740,Charlotte,Hornets,1610612766,116,112,1610612740,Regular Season,15555.0,,,228,4
22500167,2025-11-04 20:00:00+00:00,Chicago,Bulls,1610612741,Philadelphia,76ers,1610612755,113,111,1610612741,Regular Season,21016.0,,,224,2
22500165,2025-11-04 19:30:00+00:00,Toronto,Raptors,1610612761,Milwaukee,Bucks,1610612749,128,100,1610612761,Regular Season,18357.0,,,228,28
22500164,2025-11-03 22:30:00+00:00,LA,Clippers,1610612746,Miami,Heat,1610612748,119,120,1610612748,Regular Season,17045.0,,,239,1
22500163,2025-11-03 22:00:00+00:00,Portland,Trail Blazers,1610612757,Los Angeles,Lakers,1610612747,115,123,1610612747,Regular Season,17083.0,,,238,8
22500162,2025-11-03 21:00:00+00:00,Denver,Nuggets,1610612743,Sacramento,Kings,1610612758,130,124,1610612743,Regular Season,19653.0,,,254,6
22500161,2025-11-03 20:00:00+00:00,Memphis,Grizzlies,1610612763,Detroit,Pistons,1610612765,106,114,1610612765,Regular Season,13822.0,,,220,8
22500160,2025-11-03 20:00:00+00:00,Houston,Rockets,1610612745,Dallas,Mavericks,1610612742,110,102,1610612745,Regular Season,18055.0,,,212,8
22500159,2025-11-03 19:30:00+00:00,New York,Knicks,1610612752,Washington,Wizards,1610612764,119,102,1610612752,Regular Season,19812.0,,,221,17
22500158,2025-11-03 19:30:00+00:00,Boston,Celtics,1610612738,Utah,Jazz,1610612762,103,105,1610612762,Regular Season,19156.0,,,208,2
22500157,2025-11-03 19:00:00+00:00,Indiana,Pacers,1610612754,Milwaukee,Bucks,1610612749,115,117,1610612749,Regular Season,17016.0,,,232,2
22500156,2025-11-03 19:00:00+00:00,Brooklyn,Nets,1610612751,Minnesota,Timberwolves,1610612750,109,125,1610612750,Regular Season,17287.0,,,234,16
22500155,2025-11-02 21:30:00+00:00,Los Angeles,Lakers,1610612747,Miami,Heat,1610612748,130,120,1610612747,Regular Season,18831.0,,,250,10
22500154,2025-11-02 20:00:00+00:00,Phoenix,Suns,1610612756,San Antonio,Spurs,1610612759,130,118,1610612756,Regular Season,17071.0,,,248,12
22500153,2025-11-02 19:00:00+00:00,New York,Knicks,1610612752,Chicago,Bulls,1610612741,128,116,1610612752,Regular Season,19812.0,,,244,12
22500149,2025-11-02 18:00:00+00:00,Brooklyn,Nets,1610612751,Philadelphia,76ers,1610612755,105,129,1610612755,Regular Season,17548.0,,,234,24
22500151,2025-11-02 18:00:00+00:00,Cleveland,Cavaliers,1610612739,Atlanta,Hawks,1610612737,117,109,1610612739,Regular Season,19432.0,,,226,8
22500150,2025-11-02 18:00:00+00:00,Charlotte,Hornets,1610612766,Utah,Jazz,1610612762,126,103,1610612766,Regular Season,17123.0,,,229,23
22500152,2025-11-02 18:00:00+00:00,Toronto,Raptors,1610612761,Memphis,Grizzlies,1610612763,117,104,1610612761,Regular Season,16746.0,,,221,13
22500148,2025-11-02 15:30:00+00:00,Oklahoma City,Thunder,1610612760,New Orleans,Pelicans,1610612740,137,106,1610612760,Regular Season,18203.0,,,243,31
22500146,2025-11-01 20:00:00+00:00,Boston,Celtics,1610612738,Houston,Rockets,1610612745,101,128,1610612745,Regular Season,19156.0,,,229,27
22500145,2025-11-01 19:00:00+00:00,Washington,Wizards,1610612764,Orlando,Magic,1610612753,94,125,1610612753,Regular Season,14602.0,,,219,31
22500144,2025-11-01 19:00:00+00:00,Indiana,Pacers,1610612754,Golden State,Warriors,1610612744,114,109,1610612754,Regular Season,17274.0,,,223,5
22500143,2025-11-01 18:00:00+00:00,Charlotte,Hornets,1610612766,Minnesota,Timberwolves,1610612750,105,122,1610612750,Regular Season,19444.0,,,227,17
22500142,2025-11-01 17:00:00+00:00,Milwaukee,Bucks,1610612749,Sacramento,Kings,1610612758,133,135,1610612758,Regular Season,17341.0,,,268,2
22500141,2025-10-30 20:30:00+00:00,San Antonio,Spurs,1610612759,Miami,Heat,1610612748,107,101,1610612759,Regular Season,18702.0,,,208,6
22500140,2025-10-30 20:00:00+00:00,Oklahoma City,Thunder,1610612760,Washington,Wizards,1610612764,127,108,1610612760,Regular Season,18203.0,,,235,19
22500139,2025-10-30 20:00:00+00:00,Milwaukee,Bucks,1610612749,Golden State,Warriors,1610612744,120,110,1610612749,Regular Season,17341.0,,,230,10
22500138,2025-10-30 19:00:00+00:00,Charlotte,Hornets,1610612766,Orlando,Magic,1610612753,107,123,1610612753,Regular Season,18478.0,,,230,16
22500137,2025-10-29 22:00:00+00:00,Phoenix,Suns,1610612756,Memphis,Grizzlies,1610612763,113,114,1610612763,Regular Season,17071.0,,,227,1
22500136,2025-10-29 21:30:00+00:00,Minnesota,Timberwolves,1610612750,Los Angeles,Lakers,1610612747,115,116,1610612747,Regular Season,15308.0,,,231,1
22500134,2025-10-29 21:00:00+00:00,Denver,Nuggets,1610612743,New Orleans,Pelicans,1610612740,122,88,1610612743,Regular Season,19533.0,,,210,34
22500135,2025-10-29 21:00:00+00:00,Utah,Jazz,1610612762,Portland,Trail Blazers,1610612757,134,136,1610612757,Regular Season,18186.0,,,270,2
22500133,2025-10-29 20:30:00+00:00,Dallas,Mavericks,1610612742,Indiana,Pacers,1610612754,107,105,1610612742,Regular Season,19141.0,,,212,2
22500132,2025-10-29 20:00:00+00:00,Chicago,Bulls,1610612741,Sacramento,Kings,1610612758,126,113,1610612741,Regular Season,19017.0,,,239,13
22500130,2025-10-29 19:30:00+00:00,Brooklyn,Nets,1610612751,Atlanta,Hawks,1610612737,112,117,1610612737,Regular Season,17548.0,,,229,5
22500129,2025-10-29 19:00:00+00:00,Detroit,Pistons,1610612765,Orlando,Magic,1610612753,135,116,1610612765,Regular Season,19244.0,,,251,19
22500128,2025-10-29 19:00:00+00:00,Boston,Celtics,1610612738,Cleveland,Cavaliers,1610612739,125,105,1610612738,Regular Season,19156.0,,,230,20
22500131,2025-10-29 18:30:00+00:00,Toronto,Raptors,1610612761,Houston,Rockets,1610612745,121,139,1610612745,Regular Season,17234.0,,,260,18
22500127,2025-10-28 23:00:00+00:00,Golden State,Warriors,1610612744,LA,Clippers,1610612746,98,79,1610612744,Regular Season,18064.0,,,177,19
22500125,2025-10-28 20:00:00+00:00,Milwaukee,Bucks,1610612749,New York,Knicks,1610612752,121,111,1610612749,Regular Season,16309.0,,,232,10
22500126,2025-10-28 20:00:00+00:00,Oklahoma City,Thunder,1610612760,Sacramento,Kings,1610612758,107,101,1610612760,Regular Season,18203.0,,,208,6
22500124,2025-10-28 19:30:00+00:00,Miami,Heat,1610612748,Charlotte,Hornets,1610612766,144,117,1610612748,Regular Season,19600.0,,,261,27
22500123,2025-10-28 19:00:00+00:00,Washington,Wizards,1610612764,Philadelphia,76ers,1610612755,134,139,1610612755,Regular Season,15529.0,,,273,5
22500122,2025-10-27 22:30:00+00:00,Los Angeles,Lakers,1610612747,Portland,Trail Blazers,1610612757,108,122,1610612757,Regular Season,18512.0,,,230,14
22500121,2025-10-27 22:00:00+00:00,Golden State,Warriors,1610612744,Memphis,Grizzlies,1610612763,131,118,1610612744,Regular Season,18064.0,,,249,13
22500008,2025-10-27 21:30:00+00:00,Minnesota,Timberwolves,1610612750,Denver,Nuggets,1610612743,114,127,1610612743,Regular Season,14018.0,,,241,13
22500120,2025-10-27 21:00:00+00:00,Utah,Jazz,1610612762,Phoenix,Suns,1610612756,138,134,1610612762,Regular Season,18186.0,,,272,4
22500119,2025-10-27 20:30:00+00:00,Dallas,Mavericks,1610612742,Oklahoma City,Thunder,1610612760,94,101,1610612760,Regular Season,19303.0,,,195,7
22500118,2025-10-27 20:00:00+00:00,San Antonio,Spurs,1610612759,Toronto,Raptors,1610612761,121,103,1610612759,Regular Season,18354.0,,,224,18
22500117,2025-10-27 20:00:00+00:00,New Orleans,Pelicans,1610612740,Boston,Celtics,1610612738,90,122,1610612738,Regular Season,16787.0,,,212,32
22500116,2025-10-27 20:00:00+00:00,Houston,Rockets,1610612745,Brooklyn,Nets,1610612751,137,109,1610612745,Regular Season,18055.0,,,246,28
22500115,2025-10-27 20:00:00+00:00,Chicago,Bulls,1610612741,Atlanta,Hawks,1610612737,128,123,1610612741,Regular Season,18094.0,,,251,5
22500114,2025-10-27 19:00:00+00:00,Philadelphia,76ers,1610612755,Orlando,Magic,1610612753,136,124,1610612755,Regular Season,18377.0,,,260,12
22500007,2025-10-27 19:00:00+00:00,Detroit,Pistons,1610612765,Cleveland,Cavaliers,1610612739,95,116,1610612739,Regular Season,18933.0,,,211,21
22500113,2025-10-26 21:00:00+00:00,Sacramento,Kings,1610612758,Los Angeles,Lakers,1610612747,120,127,1610612747,Regular Season,17832.0,,,247,7
22500112,2025-10-26 21:00:00+00:00,LA,Clippers,1610612746,Portland,Trail Blazers,1610612757,114,107,1610612746,Regular Season,17927.0,,,221,7
22500111,2025-10-26 19:30:00+00:00,Dallas,Mavericks,1610612742,Toronto,Raptors,1610612761,139,129,1610612742,Regular Season,19232.0,,,268,10
22500110,2025-10-26 19:00:00+00:00,Minnesota,Timberwolves,1610612750,Indiana,Pacers,1610612754,114,110,1610612750,Regular Season,18978.0,,,224,4
22500109,2025-10-26 18:00:00+00:00,Washington,Wizards,1610612764,Charlotte,Hornets,1610612766,113,139,1610612766,Regular Season,16307.0,,,252,26
22500108,2025-10-26 18:00:00+00:00,Miami,Heat,1610612748,New York,Knicks,1610612752,115,107,1610612748,Regular Season,19600.0,,,222,8
22500107,2025-10-26 18:00:00+00:00,Cleveland,Cavaliers,1610612739,Milwaukee,Bucks,1610612749,118,113,1610612739,Regular Season,19432.0,,,231,5
22500106,2025-10-26 15:30:00+00:00,Detroit,Pistons,1610612765,Boston,Celtics,1610612738,119,113,1610612765,Regular Season,20062.0,,,232,6
22500105,2025-10-26 14:00:00+00:00,San Antonio,Spurs,1610612759,Brooklyn,Nets,1610612751,118,107,1610612759,Regular Season,19016.0,,,225,11
22500104,2025-10-25 21:00:00+00:00,Denver,Nuggets,1610612743,Phoenix,Suns,1610612756,133,111,1610612743,Regular Season,20025.0,,,244,22
22500103,2025-10-25 20:00:00+00:00,Memphis,Grizzlies,1610612763,Indiana,Pacers,1610612754,128,103,1610612763,Regular Season,15441.0,,,231,25
22500101,2025-10-25 19:30:00+00:00,Atlanta,Hawks,1610612737,Oklahoma City,Thunder,1610612760,100,117,1610612760,Regular Season,16450.0,,,217,17
22500102,2025-10-25 19:30:00+00:00,Philadelphia,76ers,1610612755,Charlotte,Hornets,1610612766,125,121,1610612755,Regular Season,19124.0,,,246,4
22500100,2025-10-25 19:00:00+00:00,Orlando,Magic,1610612753,Chicago,Bulls,1610612741,98,110,1610612741,Regular Season,19117.0,,,208,12
22500099,2025-10-24 22:30:00+00:00,LA,Clippers,1610612746,Phoenix,Suns,1610612756,129,102,1610612746,Regular Season,17927.0,,,231,27
22500019,2025-10-24 22:00:00+00:00,Los Angeles,Lakers,1610612747,Minnesota,Timberwolves,1610612750,128,110,1610612747,Regular Season,18642.0,,,238,18
22500097,2025-10-24 22:00:00+00:00,Portland,Trail Blazers,1610612757,Golden State,Warriors,1610612744,139,119,1610612757,Regular Season,18090.0,,,258,20
22500098,2025-10-24 22:00:00+00:00,Sacramento,Kings,1610612758,Utah,Jazz,1610612762,105,104,1610612758,Regular Season,17832.0,,,209,1
22500096,2025-10-24 20:30:00+00:00,Dallas,Mavericks,1610612742,Washington,Wizards,1610612764,107,117,1610612764,Regular Season,19225.0,,,224,10
22500095,2025-10-24 20:00:00+00:00,New Orleans,Pelicans,1610612740,San Antonio,Spurs,1610612759,116,120,1610612759,Regular Season,18363.0,,,236,4
22500093,2025-10-24 20:00:00+00:00,Houston,Rockets,1610612745,Detroit,Pistons,1610612765,111,115,1610612765,Regular Season,18055.0,,,226,4
22500094,2025-10-24 20:00:00+00:00,Memphis,Grizzlies,1610612763,Miami,Heat,1610612748,114,146,1610612748,Regular Season,14641.0,,,260,32
22500091,2025-10-24 19:30:00+00:00,Brooklyn,Nets,1610612751,Cleveland,Cavaliers,1610612739,124,131,1610612739,Regular Season,17548.0,,,255,7
22500018,2025-10-24 19:30:00+00:00,New York,Knicks,1610612752,Boston,Celtics,1610612738,105,95,1610612752,Regular Season,19812.0,,,200,10
22500090,2025-10-24 19:00:00+00:00,Orlando,Magic,1610612753,Atlanta,Hawks,1610612737,107,111,1610612737,Regular Season,18004.0,,,218,4
22500092,2025-10-24 18:30:00+00:00,Toronto,Raptors,1610612761,Milwaukee,Bucks,1610612749,116,122,1610612749,Regular Season,19615.0,,,238,6
22500006,2025-10-23 22:00:00+00:00,Golden State,Warriors,1610612744,Denver,Nuggets,1610612743,137,131,1610612744,Regular Season,18064.0,,,268,6
22500005,2025-10-23 19:30:00+00:00,Indiana,Pacers,1610612754,Oklahoma City,Thunder,1610612760,135,141,1610612760,Regular Season,17274.0,,,276,6
22500089,2025-10-22 22:00:00+00:00,Portland,Trail Blazers,1610612757,Minnesota,Timberwolves,1610612750,114,118,1610612750,Regular Season,19335.0,,,232,4
22500088,2025-10-22 22:00:00+00:00,Phoenix,Suns,1610612756,Sacramento,Kings,1610612758,120,116,1610612756,Regular Season,17071.0,,,236,4
22500004,2025-10-22 21:30:00+00:00,Dallas,Mavericks,1610612742,San Antonio,Spurs,1610612759,92,125,1610612759,Regular Season,20122.0,,,217,33
22500087,2025-10-22 21:00:00+00:00,Utah,Jazz,1610612762,LA,Clippers,1610612746,129,108,1610612762,Regular Season,18186.0,,,237,21
22500085,2025-10-22 20:00:00+00:00,Memphis,Grizzlies,1610612763,New Orleans,Pelicans,1610612740,128,122,1610612763,Regular Season,17794.0,,,250,6
22500084,2025-10-22 20:00:00+00:00,Chicago,Bulls,1610612741,Detroit,Pistons,1610612765,115,111,1610612741,Regular Season,21381.0,,,226,4
22500086,2025-10-22 20:00:00+00:00,Milwaukee,Bucks,1610612749,Washington,Wizards,1610612764,133,120,1610612749,Regular Season,17341.0,,,253,13
22500083,2025-10-22 19:30:00+00:00,Boston,Celtics,1610612738,Philadelphia,76ers,1610612755,116,117,1610612755,Regular Season,19156.0,,,233,1
22500082,2025-10-22 19:30:00+00:00,Atlanta,Hawks,1610612737,Toronto,Raptors,1610612761,118,138,1610612761,Regular Season,17811.0,,,256,20
22500003,2025-10-22 19:00:00+00:00,New York,Knicks,1610612752,Cleveland,Cavaliers,1610612739,119,111,1610612752,Regular Season,19812.0,,,230,8
22500081,2025-10-22 19:00:00+00:00,Orlando,Magic,1610612753,Miami,Heat,1610612748,125,121,1610612753,Regular Season,19186.0,,,246,4
22500080,2025-10-22 19:00:00+00:00,Charlotte,Hornets,1610612766,Brooklyn,Nets,1610612751,136,117,1610612766,Regular Season,19516.0,,,253,19
22500002,2025-10-21 22:00:00+00:00,Los Angeles,Lakers,1610612747,Golden State,Warriors,1610612744,109,119,1610612744,Regular Season,18997.0,,,228,10
22500001,2025-10-21 19:30:00+00:00,Oklahoma City,Thunder,1610612760,Houston,Rockets,1610612745,125,124,1610612760,Regular Season,18203.0,,,249,1
12500007,2025-10-17 22:30:00+00:00,Los Angeles,Lakers,1610612747,Sacramento,Kings,1610612758,116,117,1610612758,Regular Season,16053.0,,,233,1
12500069,2025-10-17 22:00:00+00:00,Golden State,Warriors,1610612744,LA,Clippers,1610612746,103,106,1610612746,Regular Season,18064.0,,,209,3
12500067,2025-10-17 20:00:00+00:00,Oklahoma City,Thunder,1610612760,Denver,Nuggets,1610612743,94,91,1610612760,Regular Season,18024.0,,,185,3
12500006,2025-10-17 20:00:00+00:00,Miami,Heat,1610612748,Memphis,Grizzlies,1610612763,125,141,1610612763,Regular Season,19600.0,,,266,16
12500068,2025-10-17 20:00:00+00:00,San Antonio,Spurs,1610612759,Indiana,Pacers,1610612754,133,104,1610612759,Regular Season,18354.0,,,237,29
12500066,2025-10-17 19:30:00+00:00,New York,Knicks,1610612752,Charlotte,Hornets,1610612766,113,108,1610612752,Regular Season,19270.0,,,221,5
12500065,2025-10-17 19:00:00+00:00,Toronto,Raptors,1610612761,Brooklyn,Nets,1610612751,119,114,1610612761,Regular Season,16950.0,,,233,5
12500071,2025-10-17 19:00:00+00:00,Philadelphia,76ers,1610612755,Minnesota,Timberwolves,1610612750,126,110,1610612755,Regular Season,17824.0,,,236,16
12500025,2025-10-16 21:00:00+00:00,Utah,Jazz,1610612762,Portland,Trail Blazers,1610612757,132,129,1610612762,Regular Season,13339.0,,,261,3
12500064,2025-10-16 20:00:00+00:00,Chicago,Bulls,1610612741,Minnesota,Timberwolves,1610612750,126,120,1610612741,Regular Season,17573.0,,,246,6
12500024,2025-10-16 19:30:00+00:00,Atlanta,Hawks,1610612737,Houston,Rockets,1610612745,115,133,1610612745,Regular Season,15678.0,,,248,18
12500023,2025-10-16 19:00:00+00:00,Orlando,Magic,1610612753,New Orleans,Pelicans,1610612740,132,125,1610612753,Regular Season,16014.0,,,257,7
12500063,2025-10-16 19:00:00+00:00,Detroit,Pistons,1610612765,Washington,Wizards,1610612764,119,98,1610612765,Regular Season,11088.0,,,217,21
12500005,2025-10-15 22:30:00+00:00,Los Angeles,Lakers,1610612747,Dallas,Mavericks,1610612742,94,121,1610612742,Regular Season,12770.0,,,215,27
12500022,2025-10-15 22:00:00+00:00,Sacramento,Kings,1610612758,LA,Clippers,1610612746,91,109,1610612746,Regular Season,16016.0,,,200,18
12500062,2025-10-15 19:30:00+00:00,Boston,Celtics,1610612738,Toronto,Raptors,1610612761,110,108,1610612738,Regular Season,19151.0,,,218,2
12500061,2025-10-15 19:00:00+00:00,Charlotte,Hornets,1610612766,Memphis,Grizzlies,1610612763,145,116,1610612766,Regular Season,12559.0,,,261,29
12500021,2025-10-14 22:00:00+00:00,Portland,Trail Blazers,1610612757,Golden State,Warriors,1610612744,111,118,1610612744,Regular Season,16262.0,,,229,7
12500060,2025-10-14 22:00:00+00:00,Phoenix,Suns,1610612756,Los Angeles,Lakers,1610612747,113,104,1610612756,Regular Season,17071.0,,,217,9
12500059,2025-10-14 21:00:00+00:00,Denver,Nuggets,1610612743,Chicago,Bulls,1610612741,124,117,1610612743,Regular Season,16567.0,,,241,7
12500058,2025-10-14 20:00:00+00:00,Milwaukee,Bucks,1610612749,Oklahoma City,Thunder,1610612760,112,116,1610612760,Regular Season,12489.0,,,228,4
12500020,2025-10-14 20:00:00+00:00,New Orleans,Pelicans,1610612740,Houston,Rockets,1610612745,128,130,1610612745,Regular Season,12444.0,,,258,2
12500057,2025-10-14 19:00:00+00:00,Cleveland,Cavaliers,1610612739,Detroit,Pistons,1610612765,118,100,1610612739,Regular Season,17561.0,,,218,18
12500056,2025-10-13 21:00:00+00:00,Utah,Jazz,1610612762,Dallas,Mavericks,1610612742,101,114,1610612742,Regular Season,13182.0,,,215,13
12500055,2025-10-13 20:00:00+00:00,Minnesota,Timberwolves,1610612750,Guangzhou,Loong-Lions,15018,134,74,1610612750,Regular Season,8013.0,,,208,60
12500054,2025-10-13 19:30:00+00:00,New York,Knicks,1610612752,Washington,Wizards,1610612764,103,120,1610612764,Regular Season,19241.0,,,223,17
12500053,2025-10-13 19:00:00+00:00,Indiana,Pacers,1610612754,San Antonio,Spurs,1610612759,108,124,1610612759,Regular Season,10008.0,,,232,16
12500019,2025-10-13 18:00:00+00:00,Atlanta,Hawks,1610612737,Miami,Heat,1610612748,119,118,1610612737,Regular Season,12713.0,,,237,1
12500004,2025-10-12 21:30:00+00:00,Los Angeles,Lakers,1610612747,Golden State,Warriors,1610612744,126,116,1610612747,Regular Season,17382.0,,,242,10
12500052,2025-10-12 21:30:00+00:00,LA,Clippers,1610612746,Denver,Nuggets,1610612743,94,102,1610612743,Regular Season,13951.0,,,196,8
12500051,2025-10-12 19:00:00+00:00,Chicago,Bulls,1610612741,Milwaukee,Bucks,1610612749,121,127,1610612749,Regular Season,20976.0,,,248,6
12500050,2025-10-12 19:00:00+00:00,Boston,Celtics,1610612738,Cleveland,Cavaliers,1610612739,138,107,1610612738,Regular Season,19156.0,,,245,31
12500049,2025-10-12 18:00:00+00:00,Orlando,Magic,1610612753,Miami,Heat,1610612748,120,104,1610612753,Regular Season,18846.0,,,224,16
12500048,2025-10-12 15:00:00+00:00,Washington,Wizards,1610612764,Toronto,Raptors,1610612761,112,113,1610612761,Regular Season,9403.0,,,225,1
12500047,2025-10-11 20:30:00+00:00,Dallas,Mavericks,1610612742,Charlotte,Hornets,1610612766,116,120,1610612766,Regular Season,1841.0,,,236,4
12500018,2025-10-11 20:00:00+00:00,Memphis,Grizzlies,1610612763,Atlanta,Hawks,1610612737,116,122,1610612737,Regular Season,14260.0,,,238,6
12500046,2025-10-11 19:00:00+00:00,Indiana,Pacers,1610612754,Oklahoma City,Thunder,1610612760,116,101,1610612754,Regular Season,11311.0,,,217,15
12500017,2025-10-10 22:00:00+00:00,Portland,Trail Blazers,1610612757,Sacramento,Kings,1610612758,124,123,1610612757,Regular Season,15323.0,,,247,1
12500045,2025-10-10 20:00:00+00:00,San Antonio,Spurs,1610612759,Utah,Jazz,1610612762,134,130,1610612759,Regular Season,17828.0,,,264,4
12500044,2025-10-10 19:00:00+00:00,Toronto,Raptors,1610612761,Boston,Celtics,1610612738,107,105,1610612761,Regular Season,16282.0,,,212,2
12500070,2025-10-10 19:00:00+00:00,Philadelphia,76ers,1610612755,Orlando,Magic,1610612753,98,128,1610612753,Regular Season,16496.0,,,226,30
12500043,2025-10-09 22:30:00+00:00,LA,Clippers,1610612746,Guangzhou,Loong-Lions,15018,142,95,1610612746,Regular Season,5993.0,,,237,47
12500042,2025-10-09 20:00:00+00:00,Oklahoma City,Thunder,1610612760,Charlotte,Hornets,1610612766,122,116,1610612760,Regular Season,18024.0,,,238,6
12500040,2025-10-09 20:00:00+00:00,Chicago,Bulls,1610612741,Cleveland,Cavaliers,1610612739,119,112,1610612741,Regular Season,16258.0,,,231,7
12500041,2025-10-09 20:00:00+00:00,Milwaukee,Bucks,1610612749,Detroit,Pistons,1610612765,117,111,1610612749,Regular Season,11364.0,,,228,6
12500039,2025-10-09 19:30:00+00:00,New York,Knicks,1610612752,Minnesota,Timberwolves,1610612750,100,95,1610612752,Regular Season,18344.0,,,195,5
12500015,2025-10-08 22:00:00+00:00,Golden State,Warriors,1610612744,Portland,Trail Blazers,1610612757,129,123,1610612744,Regular Season,18064.0,,,252,6
12500016,2025-10-08 22:00:00+00:00,Sacramento,Kings,1610612758,Toronto,Raptors,1610612761,122,130,1610612761,Regular Season,16362.0,,,252,8
12500038,2025-10-08 20:00:00+00:00,Memphis,Grizzlies,1610612763,Boston,Celtics,1610612738,103,121,1610612738,Regular Season,13681.0,,,224,18
12500037,2025-10-08 20:00:00+00:00,Houston,Rockets,1610612745,Utah,Jazz,1610612762,140,127,1610612745,Regular Season,15785.0,,,267,13
12500003,2025-10-08 19:30:00+00:00,Miami,Heat,1610612748,San Antonio,Spurs,1610612759,107,112,1610612759,Regular Season,19600.0,,,219,5
12500036,2025-10-07 20:00:00+00:00,Minnesota,Timberwolves,1610612750,Indiana,Pacers,1610612754,134,135,1610612754,Regular Season,9247.0,,,269,1
12500035,2025-10-07 19:00:00+00:00,Cleveland,Cavaliers,1610612739,Chicago,Bulls,1610612741,117,118,1610612741,Regular Season,15348.0,,,235,1
12500034,2025-10-06 22:00:00+00:00,Toronto,Raptors,1610612761,Denver,Nuggets,1610612743,108,112,1610612743,Regular Season,18654.0,,,220,4
12500033,2025-10-06 20:30:00+00:00,Dallas,Mavericks,1610612742,Oklahoma City,Thunder,1610612760,106,89,1610612742,Regular Season,12159.0,,,195,17
12500014,2025-10-07 00:00:00+00:00,Houston,Rockets,1610612745,Atlanta,Hawks,1610612737,122,113,1610612745,Regular Season,15995.0,,,235,9
12500032,2025-10-06 20:00:00+00:00,San Antonio,Spurs,1610612759,Guangzhou,Loong-Lions,15018,119,88,1610612759,Regular Season,15993.0,,,207,31
12500031,2025-10-06 20:00:00+00:00,Memphis,Grizzlies,1610612763,Detroit,Pistons,1610612765,112,128,1610612765,Regular Season,12517.0,,,240,16
12500002,2025-10-06 19:30:00+00:00,Miami,Heat,1610612748,Milwaukee,Bucks,1610612749,93,103,1610612749,Regular Season,19600.0,,,196,10
12500030,2025-10-05 20:30:00+00:00,Golden State,Warriors,1610612744,Los Angeles,Lakers,1610612747,111,103,1610612744,Regular Season,18064.0,,,214,8
12500029,2025-10-05 17:00:00+00:00,Charlotte,Hornets,1610612766,Oklahoma City,Thunder,1610612760,114,135,1610612760,Regular Season,11371.0,,,249,21
12500011,2025-10-04 23:00:00+00:00,New Orleans,Pelicans,1610612740,South East Melbourne,Phoenix,50013,127,92,1610612740,Regular Season,15164.0,,,219,35
12500028,2025-10-04 21:00:00+00:00,Denver,Nuggets,1610612743,Minnesota,Timberwolves,1610612750,116,126,1610612750,Regular Season,12096.0,,,242,10
12500026,2025-10-04 20:00:00+00:00,Brooklyn,Nets,1610612751,Hapoel,Jerusalem B.C.,50014,123,88,1610612751,Regular Season,13849.0,,,211,35
12500027,2025-10-04 20:00:00+00:00,Miami,Heat,1610612748,Orlando,Magic,1610612753,118,126,1610612753,Regular Season,15470.0,,,244,8
12500001,2025-10-03 22:00:00+00:00,Los Angeles,Lakers,1610612747,Phoenix,Suns,1610612756,81,103,1610612756,Regular Season,9122.0,,,184,22
12500009,2025-10-03 05:30:00+00:00,New Orleans,Pelicans,1610612740,Melbourne,United,15016,107,97,1610612740,Regular Season,14880.0,,,204,10
22401199,2025-04-13 15:30:00+00:00,Portland,Trail Blazers,1610612757,Los Angeles,Lakers,1610612747,109,81,1610612757,Regular Season,19335.0,,,190,28
22401194,2025-04-13 15:30:00+00:00,Memphis,Grizzlies,1610612763,Dallas,Mavericks,1610612742,132,97,1610612763,Regular Season,17794.0,,,229,35
22401195,2025-04-13 15:30:00+00:00,Minnesota,Timberwolves,1610612750,Utah,Jazz,1610612762,116,105,1610612750,Regular Season,18978.0,,,221,11
22401193,2025-04-13 15:30:00+00:00,Houston,Rockets,1610612745,Denver,Nuggets,1610612743,111,126,1610612743,Regular Season,18055.0,,,237,15
22401196,2025-04-13 15:30:00+00:00,New Orleans,Pelicans,1610612740,Oklahoma City,Thunder,1610612760,100,115,1610612760,Regular Season,17761.0,,,215,15
22401197,2025-04-13 15:30:00+00:00,San Antonio,Spurs,1610612759,Toronto,Raptors,1610612761,125,118,1610612759,Regular Season,18672.0,,,243,7
22401200,2025-04-13 15:30:00+00:00,Sacramento,Kings,1610612758,Phoenix,Suns,1610612756,109,98,1610612758,Regular Season,17832.0,,,207,11
22401198,2025-04-13 15:30:00+00:00,Golden State,Warriors,1610612744,Los Angeles,Clippers,1610612746,119,124,1610612746,Regular Season,18064.0,,,243,5
22401188,2025-04-13 13:00:00+00:00,Brooklyn,Nets,1610612751,New York,Knicks,1610612752,105,113,1610612752,Regular Season,17926.0,,,218,8
22401189,2025-04-13 13:00:00+00:00,Cleveland,Cavaliers,1610612739,Indiana,Pacers,1610612754,118,126,1610612754,Regular Season,19432.0,,,244,8
22401191,2025-04-13 13:00:00+00:00,Philadelphia,76ers,1610612755,Chicago,Bulls,1610612741,102,122,1610612741,Regular Season,20059.0,,,224,20
22401192,2025-04-13 13:00:00+00:00,Milwaukee,Bucks,1610612749,Detroit,Pistons,1610612765,140,133,1610612749,Regular Season,17796.0,,,273,7
22401190,2025-04-13 13:00:00+00:00,Miami,Heat,1610612748,Washington,Wizards,1610612764,118,119,1610612764,Regular Season,19968.0,,,237,1
22401186,2025-04-13 13:00:00+00:00,Atlanta,Hawks,1610612737,Orlando,Magic,1610612753,117,105,1610612737,Regular Season,17714.0,,,222,12
22401187,2025-04-13 13:00:00+00:00,Boston,Celtics,1610612738,Charlotte,Hornets,1610612766,93,86,1610612738,Regular Season,19156.0,,,179,7
22401185,2025-04-11 22:30:00+00:00,Los Angeles,Lakers,1610612747,Houston,Rockets,1610612745,140,109,1610612747,Regular Season,18997.0,,,249,31
22401183,2025-04-11 22:00:00+00:00,Portland,Trail Blazers,1610612757,Golden State,Warriors,1610612744,86,103,1610612744,Regular Season,19335.0,,,189,17
22401182,2025-04-11 22:00:00+00:00,Phoenix,Suns,1610612756,San Antonio,Spurs,1610612759,117,98,1610612756,Regular Season,17071.0,,,215,19
22401184,2025-04-11 22:00:00+00:00,Sacramento,Kings,1610612758,Los Angeles,Clippers,1610612746,100,101,1610612746,Regular Season,16435.0,,,201,1
22401181,2025-04-11 21:30:00+00:00,Utah,Jazz,1610612762,Oklahoma City,Thunder,1610612760,111,145,1610612760,Regular Season,18175.0,,,256,34
22401180,2025-04-11 21:00:00+00:00,Denver,Nuggets,1610612743,Memphis,Grizzlies,1610612763,117,109,1610612743,Regular Season,20015.0,,,226,8
22401179,2025-04-11 21:00:00+00:00,Minnesota,Timberwolves,1610612750,Brooklyn,Nets,1610612751,117,91,1610612750,Regular Season,18978.0,,,208,26
22401178,2025-04-11 20:30:00+00:00,Dallas,Mavericks,1610612742,Toronto,Raptors,1610612761,124,102,1610612742,Regular Season,20177.0,,,226,22
22401176,2025-04-11 20:00:00+00:00,Chicago,Bulls,1610612741,Washington,Wizards,1610612764,119,89,1610612741,Regular Season,21400.0,,,208,30
22401177,2025-04-11 20:00:00+00:00,New Orleans,Pelicans,1610612740,Miami,Heat,1610612748,104,153,1610612748,Regular Season,17087.0,,,257,49
22401174,2025-04-11 19:30:00+00:00,Boston,Celtics,1610612738,Charlotte,Hornets,1610612766,130,94,1610612738,Regular Season,19156.0,,,224,36
22401175,2025-04-11 19:30:00+00:00,New York,Knicks,1610612752,Cleveland,Cavaliers,1610612739,102,108,1610612739,Regular Season,19812.0,,,210,6
22401172,2025-04-11 19:00:00+00:00,Indiana,Pacers,1610612754,Orlando,Magic,1610612753,115,129,1610612753,Regular Season,17010.0,,,244,14
22401173,2025-04-11 19:00:00+00:00,Philadelphia,76ers,1610612755,Atlanta,Hawks,1610612737,110,124,1610612737,Regular Season,19752.0,,,234,14
22401171,2025-04-11 19:00:00+00:00,Detroit,Pistons,1610612765,Milwaukee,Bucks,1610612749,119,125,1610612749,Regular Season,20062.0,,,244,6
22401170,2025-04-10 21:30:00+00:00,Memphis,Grizzlies,1610612763,Minnesota,Timberwolves,1610612750,125,141,1610612750,Regular Season,17007.0,,,266,16
22401161,2025-04-10 20:00:00+00:00,Milwaukee,Bucks,1610612749,New Orleans,Pelicans,1610612740,136,111,1610612749,Regular Season,17341.0,,,247,25
22401169,2025-04-10 19:30:00+00:00,Brooklyn,Nets,1610612751,Atlanta,Hawks,1610612737,109,133,1610612737,Regular Season,17926.0,,,242,24
22401167,2025-04-10 19:00:00+00:00,Detroit,Pistons,1610612765,New York,Knicks,1610612752,115,106,1610612765,Regular Season,20062.0,,,221,9
22401168,2025-04-10 19:00:00+00:00,Indiana,Pacers,1610612754,Cleveland,Cavaliers,1610612739,114,112,1610612754,Regular Season,17020.0,,,226,2
22401166,2025-04-09 22:30:00+00:00,Los Angeles,Clippers,1610612746,Houston,Rockets,1610612745,134,117,1610612746,Regular Season,17927.0,,,251,17
22401164,2025-04-09 22:00:00+00:00,Phoenix,Suns,1610612756,Oklahoma City,Thunder,1610612760,112,125,1610612760,Regular Season,17071.0,,,237,13
22401163,2025-04-09 22:00:00+00:00,Golden State,Warriors,1610612744,San Antonio,Spurs,1610612759,111,114,1610612759,Regular Season,18064.0,,,225,3
22401165,2025-04-09 22:00:00+00:00,Sacramento,Kings,1610612758,Denver,Nuggets,1610612743,116,124,1610612743,Regular Season,16161.0,,,240,8
22401162,2025-04-09 21:00:00+00:00,Utah,Jazz,1610612762,Portland,Trail Blazers,1610612757,133,126,1610612762,Regular Season,18175.0,,,259,7
22401160,2025-04-09 20:00:00+00:00,Chicago,Bulls,1610612741,Miami,Heat,1610612748,119,111,1610612741,Regular Season,20509.0,,,230,8
22401159,2025-04-09 19:30:00+00:00,Dallas,Mavericks,1610612742,Los Angeles,Lakers,1610612747,97,112,1610612747,Regular Season,20841.0,,,209,15
22401158,2025-04-09 19:30:00+00:00,Toronto,Raptors,1610612761,Charlotte,Hornets,1610612766,126,96,1610612761,Regular Season,19800.0,,,222,30
22401157,2025-04-09 19:00:00+00:00,Washington,Wizards,1610612764,Philadelphia,76ers,1610612755,103,122,1610612755,Regular Season,17222.0,,,225,19
22401156,2025-04-09 19:00:00+00:00,Orlando,Magic,1610612753,Boston,Celtics,1610612738,96,76,1610612753,Regular Season,19128.0,,,172,20
22401155,2025-04-08 22:30:00+00:00,Los Angeles,Clippers,1610612746,San Antonio,Spurs,1610612759,122,117,1610612746,Regular Season,17927.0,,,239,5
22401154,2025-04-08 22:00:00+00:00,Phoenix,Suns,1610612756,Golden State,Warriors,1610612744,95,133,1610612744,Regular Season,17071.0,,,228,38
22401153,2025-04-08 20:00:00+00:00,Oklahoma City,Thunder,1610612760,Los Angeles,Lakers,1610612747,136,120,1610612760,Regular Season,18203.0,,,256,16
22401152,2025-04-08 20:00:00+00:00,Milwaukee,Bucks,1610612749,Minnesota,Timberwolves,1610612750,110,103,1610612749,Regular Season,17341.0,,,213,7
22401151,2025-04-08 19:30:00+00:00,New York,Knicks,1610612752,Boston,Celtics,1610612738,117,119,1610612738,Regular Season,19812.0,,,236,2
22401150,2025-04-08 19:30:00+00:00,Brooklyn,Nets,1610612751,New Orleans,Pelicans,1610612740,119,114,1610612751,Regular Season,16407.0,,,233,5
22401146,2025-04-08 19:00:00+00:00,Charlotte,Hornets,1610612766,Memphis,Grizzlies,1610612763,100,124,1610612763,Regular Season,17125.0,,,224,24
22401147,2025-04-08 19:00:00+00:00,Cleveland,Cavaliers,1610612739,Chicago,Bulls,1610612741,135,113,1610612739,Regular Season,19432.0,,,248,22
22401148,2025-04-08 19:00:00+00:00,Indiana,Pacers,1610612754,Washington,Wizards,1610612764,104,98,1610612754,Regular Season,16144.0,,,202,6
22401149,2025-04-08 19:00:00+00:00,Orlando,Magic,1610612753,Atlanta,Hawks,1610612737,119,112,1610612753,Regular Season,18846.0,,,231,7
22401145,2025-04-07 19:30:00+00:00,Miami,Heat,1610612748,Philadelphia,76ers,1610612755,117,105,1610612748,Regular Season,19700.0,,,222,12
22401144,2025-04-07 19:00:00+00:00,Detroit,Pistons,1610612765,Sacramento,Kings,1610612758,117,127,1610612758,Regular Season,19208.0,,,244,10
22401143,2025-04-06 20:30:00+00:00,Golden State,Warriors,1610612744,Houston,Rockets,1610612745,96,106,1610612745,Regular Season,18064.0,,,202,10
22401142,2025-04-06 20:00:00+00:00,Denver,Nuggets,1610612743,Indiana,Pacers,1610612754,120,125,1610612754,Regular Season,19932.0,,,245,5
22401140,2025-04-06 19:00:00+00:00,New York,Knicks,1610612752,Phoenix,Suns,1610612756,112,98,1610612752,Regular Season,19812.0,,,210,14
22401136,2025-04-06 18:00:00+00:00,Atlanta,Hawks,1610612737,Utah,Jazz,1610612762,147,134,1610612737,Regular Season,16331.0,,,281,13
22401138,2025-04-06 18:00:00+00:00,Cleveland,Cavaliers,1610612739,Sacramento,Kings,1610612758,113,120,1610612758,Regular Season,19432.0,,,233,7
22401137,2025-04-06 18:00:00+00:00,Boston,Celtics,1610612738,Washington,Wizards,1610612764,124,90,1610612738,Regular Season,19156.0,,,214,34
22401139,2025-04-06 18:00:00+00:00,Portland,Trail Blazers,1610612757,San Antonio,Spurs,1610612759,120,109,1610612757,Regular Season,17928.0,,,229,11
22401135,2025-04-06 15:30:00+00:00,Oklahoma City,Thunder,1610612760,Los Angeles,Lakers,1610612747,99,126,1610612747,Regular Season,18203.0,,,225,27
22401134,2025-04-06 15:30:00+00:00,Brooklyn,Nets,1610612751,Toronto,Raptors,1610612761,109,120,1610612761,Regular Season,17007.0,,,229,11
22401133,2025-04-06 13:00:00+00:00,Charlotte,Hornets,1610612766,Chicago,Bulls,1610612741,117,131,1610612741,Regular Season,18499.0,,,248,14
22401132,2025-04-05 22:30:00+00:00,Los Angeles,Clippers,1610612746,Dallas,Mavericks,1610612742,135,104,1610612746,Regular Season,17927.0,,,239,31
22401131,2025-04-05 20:00:00+00:00,Miami,Heat,1610612748,Milwaukee,Bucks,1610612749,115,121,1610612749,Regular Season,19734.0,,,236,6
22401130,2025-04-05 19:00:00+00:00,Philadelphia,76ers,1610612755,Minnesota,Timberwolves,1610612750,109,114,1610612750,Regular Season,19755.0,,,223,5
22401129,2025-04-05 19:00:00+00:00,Detroit,Pistons,1610612765,Memphis,Grizzlies,1610612763,103,109,1610612763,Regular Season,20062.0,,,212,6
22401128,2025-04-05 15:00:00+00:00,Atlanta,Hawks,1610612737,New York,Knicks,1610612752,105,121,1610612752,Regular Season,16199.0,,,226,16
22401126,2025-04-04 22:30:00+00:00,Los Angeles,Lakers,1610612747,New Orleans,Pelicans,1610612740,124,108,1610612747,Regular Season,18997.0,,,232,16
22401127,2025-04-04 22:30:00+00:00,Los Angeles,Clippers,1610612746,Dallas,Mavericks,1610612742,114,91,1610612746,Regular Season,17927.0,,,205,23
22401125,2025-04-04 22:00:00+00:00,Golden State,Warriors,1610612744,Denver,Nuggets,1610612743,118,104,1610612744,Regular Season,18064.0,,,222,14
22401124,2025-04-04 20:00:00+00:00,San Antonio,Spurs,1610612759,Cleveland,Cavaliers,1610612739,113,114,1610612739,Regular Season,17819.0,,,227,1
22401123,2025-04-04 20:00:00+00:00,Houston,Rockets,1610612745,Oklahoma City,Thunder,1610612760,125,111,1610612745,Regular Season,18055.0,,,236,14
22401122,2025-04-04 20:00:00+00:00,Chicago,Bulls,1610612741,Portland,Trail Blazers,1610612757,118,113,1610612741,Regular Season,21572.0,,,231,5
22401120,2025-04-04 19:30:00+00:00,Boston,Celtics,1610612738,Phoenix,Suns,1610612756,123,103,1610612738,Regular Season,19156.0,,,226,20
22401121,2025-04-04 19:30:00+00:00,Toronto,Raptors,1610612761,Detroit,Pistons,1610612765,105,117,1610612765,Regular Season,19491.0,,,222,12
22401118,2025-04-04 19:00:00+00:00,Charlotte,Hornets,1610612766,Sacramento,Kings,1610612758,102,125,1610612758,Regular Season,15896.0,,,227,23
22401119,2025-04-04 19:00:00+00:00,Indiana,Pacers,1610612754,Utah,Jazz,1610612762,140,112,1610612754,Regular Season,17274.0,,,252,28
22401117,2025-04-03 22:00:00+00:00,Los Angeles,Lakers,1610612747,Golden State,Warriors,1610612744,116,123,1610612744,Regular Season,18997.0,,,239,7
22401113,2025-04-03 19:30:00+00:00,Brooklyn,Nets,1610612751,Minnesota,Timberwolves,1610612750,90,105,1610612750,Regular Season,17926.0,,,195,15
22401114,2025-04-03 19:30:00+00:00,Miami,Heat,1610612748,Memphis,Grizzlies,1610612763,108,110,1610612763,Regular Season,19700.0,,,218,2
22401116,2025-04-03 19:30:00+00:00,Toronto,Raptors,1610612761,Portland,Trail Blazers,1610612757,103,112,1610612757,Regular Season,18548.0,,,215,9
22401112,2025-04-03 19:00:00+00:00,Washington,Wizards,1610612764,Orlando,Magic,1610612753,97,109,1610612753,Regular Season,15998.0,,,206,12
22401115,2025-04-03 19:00:00+00:00,Philadelphia,76ers,1610612755,Milwaukee,Bucks,1610612749,113,126,1610612749,Regular Season,19763.0,,,239,13
22401111,2025-04-02 22:30:00+00:00,Los Angeles,Clippers,1610612746,New Orleans,Pelicans,1610612740,114,98,1610612746,Regular Season,17109.0,,,212,16
22401108,2025-04-02 21:30:00+00:00,Oklahoma City,Thunder,1610612760,Detroit,Pistons,1610612765,119,103,1610612760,Regular Season,18203.0,,,222,16
22401110,2025-04-02 21:00:00+00:00,Denver,Nuggets,1610612743,San Antonio,Spurs,1610612759,106,113,1610612759,Regular Season,19524.0,,,219,7
22401109,2025-04-02 20:30:00+00:00,Dallas,Mavericks,1610612742,Atlanta,Hawks,1610612737,120,118,1610612742,Regular Season,19977.0,,,238,2
22401107,2025-04-02 20:00:00+00:00,Houston,Rockets,1610612745,Utah,Jazz,1610612762,143,105,1610612745,Regular Season,18055.0,,,248,38
22401106,2025-04-02 19:30:00+00:00,Boston,Celtics,1610612738,Miami,Heat,1610612748,103,124,1610612748,Regular Season,19156.0,,,227,21
22401103,2025-04-02 19:00:00+00:00,Cleveland,Cavaliers,1610612739,New York,Knicks,1610612752,124,105,1610612739,Regular Season,19432.0,,,229,19
22401104,2025-04-02 19:00:00+00:00,Indiana,Pacers,1610612754,Charlotte,Hornets,1610612766,119,105,1610612754,Regular Season,16042.0,,,224,14
22401105,2025-04-02 19:00:00+00:00,Washington,Wizards,1610612764,Sacramento,Kings,1610612758,116,111,1610612764,Regular Season,15018.0,,,227,5
22401102,2025-04-01 22:00:00+00:00,Denver,Nuggets,1610612743,Minnesota,Timberwolves,1610612750,139,140,1610612750,Regular Season,19927.0,,,279,1
22401100,2025-04-01 20:00:00+00:00,Memphis,Grizzlies,1610612763,Golden State,Warriors,1610612744,125,134,1610612744,Regular Season,17794.0,,,259,9
22401099,2025-04-01 20:00:00+00:00,Chicago,Bulls,1610612741,Toronto,Raptors,1610612761,137,118,1610612741,Regular Season,20005.0,,,255,19
22401097,2025-04-01 19:30:00+00:00,Atlanta,Hawks,1610612737,Portland,Trail Blazers,1610612757,113,127,1610612757,Regular Season,17124.0,,,240,14
22401098,2025-04-01 19:30:00+00:00,New York,Knicks,1610612752,Philadelphia,76ers,1610612755,105,91,1610612752,Regular Season,19314.0,,,196,14
22401101,2025-04-01 19:30:00+00:00,Milwaukee,Bucks,1610612749,Phoenix,Suns,1610612756,133,123,1610612749,Regular Season,17341.0,,,256,10
22401096,2025-03-31 22:00:00+00:00,Los Angeles,Lakers,1610612747,Houston,Rockets,1610612745,104,98,1610612747,Regular Season,18997.0,,,202,6
22401095,2025-03-31 20:30:00+00:00,Dallas,Mavericks,1610612742,Brooklyn,Nets,1610612751,109,113,1610612751,Regular Season,19790.0,,,222,4
22401094,2025-03-31 20:00:00+00:00,Oklahoma City,Thunder,1610612760,Chicago,Bulls,1610612741,145,117,1610612760,Regular Season,18203.0,,,262,28
22401093,2025-03-31 19:30:00+00:00,Memphis,Grizzlies,1610612763,Boston,Celtics,1610612738,103,117,1610612738,Regular Season,16867.0,,,220,14
22401092,2025-03-31 19:00:00+00:00,Washington,Wizards,1610612764,Miami,Heat,1610612748,94,120,1610612748,Regular Season,16901.0,,,214,26
22401091,2025-03-31 19:00:00+00:00,Orlando,Magic,1610612753,Los Angeles,Clippers,1610612746,87,96,1610612746,Regular Season,17522.0,,,183,9
22401089,2025-03-31 19:00:00+00:00,Charlotte,Hornets,1610612766,Utah,Jazz,1610612762,110,106,1610612766,Regular Season,14410.0,,,216,4
22401090,2025-03-31 19:00:00+00:00,Indiana,Pacers,1610612754,Sacramento,Kings,1610612758,111,109,1610612754,Regular Season,16341.0,,,220,2
22401088,2025-03-30 21:00:00+00:00,Phoenix,Suns,1610612756,Houston,Rockets,1610612745,109,148,1610612745,Regular Season,17071.0,,,257,39
22401087,2025-03-30 19:30:00+00:00,Philadelphia,76ers,1610612755,Toronto,Raptors,1610612761,109,127,1610612761,Regular Season,19785.0,,,236,18
22401083,2025-03-30 19:00:00+00:00,Milwaukee,Bucks,1610612749,Atlanta,Hawks,1610612737,124,145,1610612737,Regular Season,17341.0,,,269,21
22401085,2025-03-30 19:00:00+00:00,New Orleans,Pelicans,1610612740,Charlotte,Hornets,1610612766,98,94,1610612740,Regular Season,17490.0,,,192,4
22401084,2025-03-30 19:00:00+00:00,Minnesota,Timberwolves,1610612750,Detroit,Pistons,1610612765,123,104,1610612750,Regular Season,18978.0,,,227,19
22401086,2025-03-30 19:00:00+00:00,San Antonio,Spurs,1610612759,Golden State,Warriors,1610612744,106,148,1610612744,Regular Season,18558.0,,,254,42
22401082,2025-03-30 18:00:00+00:00,New York,Knicks,1610612752,Portland,Trail Blazers,1610612757,110,93,1610612752,Regular Season,19812.0,,,203,17
22401081,2025-03-30 15:30:00+00:00,Cleveland,Cavaliers,1610612739,Los Angeles,Clippers,1610612746,127,122,1610612739,Regular Season,19432.0,,,249,5
22401077,2025-03-29 20:00:00+00:00,Chicago,Bulls,1610612741,Dallas,Mavericks,1610612742,119,120,1610612742,Regular Season,21045.0,,,239,1
22401080,2025-03-29 20:00:00+00:00,San Antonio,Spurs,1610612759,Boston,Celtics,1610612738,111,121,1610612738,Regular Season,18674.0,,,232,10
22401078,2025-03-29 20:00:00+00:00,Memphis,Grizzlies,1610612763,Los Angeles,Lakers,1610612747,127,134,1610612747,Regular Season,18087.0,,,261,7
22401079,2025-03-29 20:00:00+00:00,Oklahoma City,Thunder,1610612760,Indiana,Pacers,1610612754,132,111,1610612760,Regular Season,18203.0,,,243,21
22401076,2025-03-29 19:30:00+00:00,Philadelphia,76ers,1610612755,Miami,Heat,1610612748,95,118,1610612748,Regular Season,20079.0,,,213,23
22401075,2025-03-29 19:00:00+00:00,Washington,Wizards,1610612764,Brooklyn,Nets,1610612751,112,115,1610612751,Regular Season,16316.0,,,227,3
22401074,2025-03-29 17:00:00+00:00,Orlando,Magic,1610612753,Sacramento,Kings,1610612758,121,91,1610612753,Regular Season,18846.0,,,212,30
22401073,2025-03-28 21:00:00+00:00,Denver,Nuggets,1610612743,Utah,Jazz,1610612762,129,93,1610612743,Regular Season,19905.0,,,222,36
22401071,2025-03-28 20:00:00+00:00,Minnesota,Timberwolves,1610612750,Phoenix,Suns,1610612756,124,109,1610612750,Regular Season,18978.0,,,233,15
22401070,2025-03-28 20:00:00+00:00,Milwaukee,Bucks,1610612749,New York,Knicks,1610612752,107,116,1610612752,Regular Season,17605.0,,,223,9
22401072,2025-03-28 20:00:00+00:00,New Orleans,Pelicans,1610612740,Golden State,Warriors,1610612744,95,111,1610612744,Regular Season,18133.0,,,206,16
22401068,2025-03-28 19:30:00+00:00,Brooklyn,Nets,1610612751,Los Angeles,Clippers,1610612746,100,132,1610612746,Regular Season,17926.0,,,232,32
22401069,2025-03-28 19:30:00+00:00,Toronto,Raptors,1610612761,Charlotte,Hornets,1610612766,108,97,1610612761,Regular Season,19276.0,,,205,11
22401067,2025-03-28 19:00:00+00:00,Detroit,Pistons,1610612765,Cleveland,Cavaliers,1610612739,133,122,1610612765,Regular Season,20062.0,,,255,11
22401066,2025-03-27 22:00:00+00:00,Sacramento,Kings,1610612758,Portland,Trail Blazers,1610612757,128,107,1610612758,Regular Season,16671.0,,,235,21
22401065,2025-03-27 21:00:00+00:00,Utah,Jazz,1610612762,Houston,Rockets,1610612745,110,121,1610612745,Regular Season,18175.0,,,231,11
22401064,2025-03-27 20:00:00+00:00,Oklahoma City,Thunder,1610612760,Memphis,Grizzlies,1610612763,125,104,1610612760,Regular Season,18203.0,,,229,21
22401063,2025-03-27 20:00:00+00:00,Chicago,Bulls,1610612741,Los Angeles,Lakers,1610612747,119,117,1610612741,Regular Season,21957.0,,,236,2
22401062,2025-03-27 19:30:00+00:00,Miami,Heat,1610612748,Atlanta,Hawks,1610612737,122,112,1610612748,Regular Season,19700.0,,,234,10
22401061,2025-03-27 19:00:00+00:00,Washington,Wizards,1610612764,Indiana,Pacers,1610612754,109,162,1610612754,Regular Season,15393.0,,,271,53
22401060,2025-03-27 19:00:00+00:00,Orlando,Magic,1610612753,Dallas,Mavericks,1610612742,92,101,1610612742,Regular Season,17269.0,,,193,9
22401059,2025-03-27 19:00:00+00:00,Cleveland,Cavaliers,1610612739,San Antonio,Spurs,1610612759,124,116,1610612739,Regular Season,19432.0,,,240,8
22401058,2025-03-26 22:00:00+00:00,Phoenix,Suns,1610612756,Boston,Celtics,1610612738,102,132,1610612738,Regular Season,17071.0,,,234,30
22401057,2025-03-26 21:00:00+00:00,Denver,Nuggets,1610612743,Milwaukee,Bucks,1610612749,127,117,1610612743,Regular Season,19641.0,,,244,10
22401056,2025-03-26 19:30:00+00:00,New York,Knicks,1610612752,Los Angeles,Clippers,1610612746,113,126,1610612746,Regular Season,19812.0,,,239,13
22401055,2025-03-26 19:30:00+00:00,Indiana,Pacers,1610612754,Los Angeles,Lakers,1610612747,119,120,1610612747,Regular Season,17274.0,,,239,1
22401054,2025-03-26 19:30:00+00:00,Brooklyn,Nets,1610612751,Toronto,Raptors,1610612761,86,116,1610612761,Regular Season,16413.0,,,202,30
22401053,2025-03-26 19:00:00+00:00,Philadelphia,76ers,1610612755,Washington,Wizards,1610612764,114,119,1610612764,Regular Season,19770.0,,,233,5
22401052,2025-03-25 22:00:00+00:00,Sacramento,Kings,1610612758,Oklahoma City,Thunder,1610612760,105,121,1610612760,Regular Season,16060.0,,,226,16
22401051,2025-03-25 22:00:00+00:00,Portland,Trail Blazers,1610612757,Cleveland,Cavaliers,1610612739,111,122,1610612739,Regular Season,19335.0,,,233,11
22401050,2025-03-25 21:00:00+00:00,Utah,Jazz,1610612762,Memphis,Grizzlies,1610612763,103,140,1610612763,Regular Season,18175.0,,,243,37
22401049,2025-03-25 20:00:00+00:00,Houston,Rockets,1610612745,Atlanta,Hawks,1610612737,121,114,1610612745,Regular Season,16817.0,,,235,7
22401048,2025-03-25 19:30:00+00:00,New York,Knicks,1610612752,Dallas,Mavericks,1610612742,128,113,1610612752,Regular Season,19812.0,,,241,15
22401047,2025-03-25 19:30:00+00:00,Miami,Heat,1610612748,Golden State,Warriors,1610612744,112,86,1610612748,Regular Season,19897.0,,,198,26
22401046,2025-03-25 19:00:00+00:00,Detroit,Pistons,1610612765,San Antonio,Spurs,1610612759,122,96,1610612765,Regular Season,19511.0,,,218,26
22401045,2025-03-25 19:00:00+00:00,Charlotte,Hornets,1610612766,Orlando,Magic,1610612753,104,111,1610612753,Regular Season,14639.0,,,215,7
22401044,2025-03-24 22:00:00+00:00,Sacramento,Kings,1610612758,Boston,Celtics,1610612738,95,113,1610612738,Regular Season,15855.0,,,208,18
22401043,2025-03-24 22:00:00+00:00,Phoenix,Suns,1610612756,Milwaukee,Bucks,1610612749,108,106,1610612756,Regular Season,17071.0,,,214,2
22401042,2025-03-24 21:00:00+00:00,Denver,Nuggets,1610612743,Chicago,Bulls,1610612741,119,129,1610612741,Regular Season,19816.0,,,248,10
22401041,2025-03-24 20:00:00+00:00,New Orleans,Pelicans,1610612740,Philadelphia,76ers,1610612755,112,99,1610612740,Regular Season,16987.0,,,211,13
22401040,2025-03-24 19:30:00+00:00,Brooklyn,Nets,1610612751,Dallas,Mavericks,1610612742,101,120,1610612742,Regular Season,16434.0,,,221,19
22401037,2025-03-24 19:00:00+00:00,Indiana,Pacers,1610612754,Minnesota,Timberwolves,1610612750,119,103,1610612754,Regular Season,17274.0,,,222,16
22401038,2025-03-24 19:00:00+00:00,Orlando,Magic,1610612753,Los Angeles,Lakers,1610612747,118,106,1610612753,Regular Season,19598.0,,,224,12
22401039,2025-03-24 19:00:00+00:00,Washington,Wizards,1610612764,Toronto,Raptors,1610612761,104,112,1610612761,Regular Season,13532.0,,,216,8
22401036,2025-03-23 21:00:00+00:00,Los Angeles,Clippers,1610612746,Oklahoma City,Thunder,1610612760,101,103,1610612760,Regular Season,17927.0,,,204,2
22401035,2025-03-23 19:00:00+00:00,Houston,Rockets,1610612745,Denver,Nuggets,1610612743,111,116,1610612743,Regular Season,18055.0,,,227,5
22401033,2025-03-23 18:00:00+00:00,Toronto,Raptors,1610612761,San Antonio,Spurs,1610612759,89,123,1610612759,Regular Season,18276.0,,,212,34
22401032,2025-03-23 18:00:00+00:00,Miami,Heat,1610612748,Charlotte,Hornets,1610612766,122,105,1610612748,Regular Season,19700.0,,,227,17
22401031,2025-03-23 18:00:00+00:00,Atlanta,Hawks,1610612737,Philadelphia,76ers,1610612755,132,119,1610612737,Regular Season,16161.0,,,251,13
22401034,2025-03-23 18:00:00+00:00,Portland,Trail Blazers,1610612757,Boston,Celtics,1610612738,116,129,1610612738,Regular Season,18181.0,,,245,13
22401030,2025-03-23 15:30:00+00:00,Utah,Jazz,1610612762,Cleveland,Cavaliers,1610612739,91,120,1610612739,Regular Season,18175.0,,,211,29
22401029,2025-03-23 15:00:00+00:00,Detroit,Pistons,1610612765,New Orleans,Pelicans,1610612740,136,130,1610612765,Regular Season,20062.0,,,266,6
22401028,2025-03-22 22:30:00+00:00,Los Angeles,Lakers,1610612747,Chicago,Bulls,1610612741,115,146,1610612741,Regular Season,18997.0,,,261,31
22401027,2025-03-22 22:00:00+00:00,Sacramento,Kings,1610612758,Milwaukee,Bucks,1610612749,108,114,1610612749,Regular Season,16911.0,,,222,6
22401026,2025-03-22 20:00:00+00:00,New York,Knicks,1610612752,Washington,Wizards,1610612764,122,103,1610612752,Regular Season,19812.0,,,225,19
22401025,2025-03-22 19:00:00+00:00,Atlanta,Hawks,1610612737,Golden State,Warriors,1610612744,124,115,1610612737,Regular Season,17864.0,,,239,9
22401024,2025-03-22 17:00:00+00:00,Indiana,Pacers,1610612754,Brooklyn,Nets,1610612751,108,103,1610612754,Regular Season,17274.0,,,211,5
22401023,2025-03-21 22:30:00+00:00,Los Angeles,Clippers,1610612746,Memphis,Grizzlies,1610612763,128,108,1610612746,Regular Season,17927.0,,,236,20
22401022,2025-03-21 22:00:00+00:00,Portland,Trail Blazers,1610612757,Denver,Nuggets,1610612743,128,109,1610612757,Regular Season,17410.0,,,237,19
22401021,2025-03-21 22:00:00+00:00,Phoenix,Suns,1610612756,Cleveland,Cavaliers,1610612739,123,112,1610612756,Regular Season,17071.0,,,235,11
22401020,2025-03-21 21:30:00+00:00,Utah,Jazz,1610612762,Boston,Celtics,1610612738,99,121,1610612738,Regular Season,18175.0,,,220,22
22401019,2025-03-21 20:30:00+00:00,Dallas,Mavericks,1610612742,Detroit,Pistons,1610612765,123,117,1610612742,Regular Season,20071.0,,,240,6
22401015,2025-03-21 20:00:00+00:00,Miami,Heat,1610612748,Houston,Rockets,1610612745,98,102,1610612745,Regular Season,19700.0,,,200,4
22401018,2025-03-21 20:00:00+00:00,San Antonio,Spurs,1610612759,Philadelphia,76ers,1610612755,128,120,1610612759,Regular Season,17803.0,,,248,8
22401016,2025-03-21 20:00:00+00:00,Minnesota,Timberwolves,1610612750,New Orleans,Pelicans,1610612740,134,93,1610612750,Regular Season,18978.0,,,227,41
22401017,2025-03-21 20:00:00+00:00,Oklahoma City,Thunder,1610612760,Charlotte,Hornets,1610612766,141,106,1610612760,Regular Season,18203.0,,,247,35
22401014,2025-03-21 19:00:00+00:00,Washington,Wizards,1610612764,Orlando,Magic,1610612753,105,120,1610612753,Regular Season,18317.0,,,225,15
22400996,2025-03-20 22:30:00+00:00,Los Angeles,Lakers,1610612747,Milwaukee,Bucks,1610612749,89,118,1610612749,Regular Season,17709.0,,,207,29
22401005,2025-03-20 22:00:00+00:00,Golden State,Warriors,1610612744,Toronto,Raptors,1610612761,117,114,1610612744,Regular Season,18064.0,,,231,3
22401013,2025-03-20 22:00:00+00:00,Sacramento,Kings,1610612758,Chicago,Bulls,1610612741,116,128,1610612741,Regular Season,16960.0,,,244,12
22401011,2025-03-20 19:00:00+00:00,Indiana,Pacers,1610612754,Brooklyn,Nets,1610612751,105,99,1610612754,Regular Season,15008.0,,,204,6
22401010,2025-03-20 19:00:00+00:00,Charlotte,Hornets,1610612766,New York,Knicks,1610612752,115,98,1610612766,Regular Season,18557.0,,,213,17
22401006,2025-03-19 22:00:00+00:00,Los Angeles,Lakers,1610612747,Denver,Nuggets,1610612743,120,108,1610612747,Regular Season,18997.0,,,228,12
22401008,2025-03-19 22:00:00+00:00,Portland,Trail Blazers,1610612757,Memphis,Grizzlies,1610612763,115,99,1610612757,Regular Season,18491.0,,,214,16
22401007,2025-03-19 22:00:00+00:00,Phoenix,Suns,1610612756,Chicago,Bulls,1610612741,127,121,1610612756,Regular Season,17071.0,,,248,6
22401009,2025-03-19 22:00:00+00:00,Sacramento,Kings,1610612758,Cleveland,Cavaliers,1610612739,123,119,1610612758,Regular Season,15919.0,,,242,4
22401002,2025-03-19 20:00:00+00:00,Oklahoma City,Thunder,1610612760,Philadelphia,76ers,1610612755,133,100,1610612760,Regular Season,18203.0,,,233,33
22401001,2025-03-19 20:00:00+00:00,Minnesota,Timberwolves,1610612750,New Orleans,Pelicans,1610612740,115,119,1610612740,Regular Season,16936.0,,,234,4
22401003,2025-03-19 20:00:00+00:00,San Antonio,Spurs,1610612759,New York,Knicks,1610612752,120,105,1610612759,Regular Season,18521.0,,,225,15
22401000,2025-03-19 19:30:00+00:00,Miami,Heat,1610612748,Detroit,Pistons,1610612765,113,116,1610612765,Regular Season,19600.0,,,229,3
22400999,2025-03-19 19:00:00+00:00,Orlando,Magic,1610612753,Houston,Rockets,1610612745,108,116,1610612745,Regular Season,19609.0,,,224,8
22400998,2025-03-19 19:00:00+00:00,Indiana,Pacers,1610612754,Dallas,Mavericks,1610612742,135,131,1610612754,Regular Season,15078.0,,,266,4
22400997,2025-03-18 22:30:00+00:00,Los Angeles,Clippers,1610612746,Cleveland,Cavaliers,1610612739,132,119,1610612746,Regular Season,17927.0,,,251,13
22401012,2025-03-18 22:00:00+00:00,Golden State,Warriors,1610612744,Milwaukee,Bucks,1610612749,104,93,1610612744,Regular Season,18064.0,,,197,11
22400994,2025-03-18 19:30:00+00:00,Boston,Celtics,1610612738,Brooklyn,Nets,1610612751,104,96,1610612738,Regular Season,19156.0,,,200,8
22400993,2025-03-18 19:00:00+00:00,Charlotte,Hornets,1610612766,Atlanta,Hawks,1610612737,102,134,1610612737,Regular Season,15341.0,,,236,32
22400990,2025-03-17 22:00:00+00:00,Golden State,Warriors,1610612744,Denver,Nuggets,1610612743,105,114,1610612743,Regular Season,18064.0,,,219,9
22400992,2025-03-17 22:00:00+00:00,Sacramento,Kings,1610612758,Memphis,Grizzlies,1610612763,132,122,1610612758,Regular Season,16205.0,,,254,10
22400991,2025-03-17 22:00:00+00:00,Phoenix,Suns,1610612756,Toronto,Raptors,1610612761,129,89,1610612756,Regular Season,17071.0,,,218,40
22400995,2025-03-17 22:00:00+00:00,Portland,Trail Blazers,1610612757,Washington,Wizards,1610612764,112,97,1610612757,Regular Season,17919.0,,,209,15
22400989,2025-03-17 21:00:00+00:00,Utah,Jazz,1610612762,Chicago,Bulls,1610612741,97,111,1610612741,Regular Season,18175.0,,,208,14
22400986,2025-03-17 20:00:00+00:00,Minnesota,Timberwolves,1610612750,Indiana,Pacers,1610612754,130,132,1610612754,Regular Season,17955.0,,,262,2
22400985,2025-03-17 20:00:00+00:00,Houston,Rockets,1610612745,Philadelphia,76ers,1610612755,144,137,1610612745,Regular Season,16648.0,,,281,7
22400987,2025-03-17 20:00:00+00:00,New Orleans,Pelicans,1610612740,Detroit,Pistons,1610612765,81,127,1610612765,Regular Season,17398.0,,,208,46
22400984,2025-03-17 19:30:00+00:00,New York,Knicks,1610612752,Miami,Heat,1610612748,116,95,1610612752,Regular Season,19812.0,,,211,21
22400982,2025-03-16 21:00:00+00:00,Milwaukee,Bucks,1610612749,Oklahoma City,Thunder,1610612760,105,121,1610612760,Regular Season,17341.0,,,226,16
22400981,2025-03-16 19:00:00+00:00,Minnesota,Timberwolves,1610612750,Utah,Jazz,1610612762,128,102,1610612750,Regular Season,18978.0,,,230,26
22400978,2025-03-16 18:00:00+00:00,Brooklyn,Nets,1610612751,Atlanta,Hawks,1610612737,122,114,1610612751,Regular Season,17926.0,,,236,8
22400980,2025-03-16 18:00:00+00:00,Portland,Trail Blazers,1610612757,Toronto,Raptors,1610612761,105,102,1610612757,Regular Season,18154.0,,,207,3
22400977,2025-03-16 15:30:00+00:00,Los Angeles,Lakers,1610612747,Phoenix,Suns,1610612756,107,96,1610612747,Regular Season,18997.0,,,203,11
22400976,2025-03-16 13:00:00+00:00,Dallas,Mavericks,1610612742,Philadelphia,76ers,1610612755,125,130,1610612755,Regular Season,19825.0,,,255,5
22400979,2025-03-16 13:00:00+00:00,Cleveland,Cavaliers,1610612739,Orlando,Magic,1610612753,103,108,1610612753,Regular Season,19432.0,,,211,5
22400975,2025-03-15 21:00:00+00:00,Denver,Nuggets,1610612743,Washington,Wizards,1610612764,123,126,1610612764,Regular Season,19833.0,,,249,3
22400974,2025-03-15 20:30:00+00:00,Golden State,Warriors,1610612744,New York,Knicks,1610612752,97,94,1610612744,Regular Season,18064.0,,,191,3
22400973,2025-03-15 20:30:00+00:00,San Antonio,Spurs,1610612759,New Orleans,Pelicans,1610612740,119,115,1610612759,Regular Season,18549.0,,,234,4
22400970,2025-03-15 20:00:00+00:00,Houston,Rockets,1610612745,Chicago,Bulls,1610612741,117,114,1610612745,Regular Season,18055.0,,,231,3
22400972,2025-03-15 20:00:00+00:00,Milwaukee,Bucks,1610612749,Indiana,Pacers,1610612754,126,119,1610612749,Regular Season,17729.0,,,245,7
22400971,2025-03-15 20:00:00+00:00,Memphis,Grizzlies,1610612763,Miami,Heat,1610612748,125,91,1610612763,Regular Season,17794.0,,,216,34
22400969,2025-03-15 19:00:00+00:00,Detroit,Pistons,1610612765,Oklahoma City,Thunder,1610612760,107,113,1610612760,Regular Season,20062.0,,,220,6
22400968,2025-03-15 18:00:00+00:00,Brooklyn,Nets,1610612751,Boston,Celtics,1610612738,113,115,1610612738,Regular Season,18016.0,,,228,2
22400967,2025-03-14 22:00:00+00:00,Phoenix,Suns,1610612756,Sacramento,Kings,1610612758,122,106,1610612756,Regular Season,17071.0,,,228,16
22400965,2025-03-14 21:30:00+00:00,Denver,Nuggets,1610612743,Los Angeles,Lakers,1610612747,131,126,1610612743,Regular Season,19946.0,,,257,5
22400966,2025-03-14 21:30:00+00:00,Utah,Jazz,1610612762,Toronto,Raptors,1610612761,118,126,1610612761,Regular Season,18175.0,,,244,8
22400961,2025-03-14 20:00:00+00:00,Houston,Rockets,1610612745,Dallas,Mavericks,1610612742,133,96,1610612745,Regular Season,16612.0,,,229,37
22400963,2025-03-14 20:00:00+00:00,Minnesota,Timberwolves,1610612750,Orlando,Magic,1610612753,118,111,1610612750,Regular Season,18978.0,,,229,7
22400962,2025-03-14 20:00:00+00:00,Memphis,Grizzlies,1610612763,Cleveland,Cavaliers,1610612739,124,133,1610612739,Regular Season,17051.0,,,257,9
22400964,2025-03-14 20:00:00+00:00,San Antonio,Spurs,1610612759,Charlotte,Hornets,1610612766,134,145,1610612766,Regular Season,18510.0,,,279,11
22400960,2025-03-14 19:30:00+00:00,Atlanta,Hawks,1610612737,Los Angeles,Clippers,1610612746,98,121,1610612746,Regular Season,16561.0,,,219,23
22400958,2025-03-14 19:00:00+00:00,Miami,Heat,1610612748,Boston,Celtics,1610612738,91,103,1610612738,Regular Season,19719.0,,,194,12
22400959,2025-03-14 19:00:00+00:00,Philadelphia,76ers,1610612755,Indiana,Pacers,1610612754,100,112,1610612754,Regular Season,19758.0,,,212,12
22400957,2025-03-13 22:00:00+00:00,Golden State,Warriors,1610612744,Sacramento,Kings,1610612758,130,104,1610612744,Regular Season,18064.0,,,234,26
22400956,2025-03-13 20:00:00+00:00,Chicago,Bulls,1610612741,Brooklyn,Nets,1610612751,116,110,1610612741,Regular Season,21647.0,,,226,6
22401141,2025-03-13 20:00:00+00:00,New Orleans,Pelicans,1610612740,Orlando,Magic,1610612753,93,113,1610612753,Regular Season,16323.0,,,206,20
22400955,2025-03-13 19:30:00+00:00,Milwaukee,Bucks,1610612749,Los Angeles,Lakers,1610612747,126,106,1610612749,Regular Season,18017.0,,,232,20
22400954,2025-03-13 19:00:00+00:00,Detroit,Pistons,1610612765,Washington,Wizards,1610612764,125,129,1610612764,Regular Season,20062.0,,,254,4
22400952,2025-03-12 22:00:00+00:00,Denver,Nuggets,1610612743,Minnesota,Timberwolves,1610612750,95,115,1610612750,Regular Season,19832.0,,,210,20
22400953,2025-03-12 22:00:00+00:00,Portland,Trail Blazers,1610612757,New York,Knicks,1610612752,113,114,1610612752,Regular Season,17510.0,,,227,1
22400949,2025-03-12 20:00:00+00:00,Houston,Rockets,1610612745,Phoenix,Suns,1610612756,111,104,1610612745,Regular Season,18055.0,,,215,7
22400948,2025-03-12 20:00:00+00:00,Miami,Heat,1610612748,Los Angeles,Clippers,1610612746,104,119,1610612746,Regular Season,19700.0,,,223,15
22400951,2025-03-12 20:00:00+00:00,San Antonio,Spurs,1610612759,Dallas,Mavericks,1610612742,126,116,1610612759,Regular Season,18354.0,,,242,10
22400950,2025-03-12 20:00:00+00:00,Memphis,Grizzlies,1610612763,Utah,Jazz,1610612762,122,115,1610612763,Regular Season,16232.0,,,237,7
22400947,2025-03-12 19:30:00+00:00,Toronto,Raptors,1610612761,Philadelphia,76ers,1610612755,118,105,1610612761,Regular Season,18864.0,,,223,13
22400945,2025-03-12 19:30:00+00:00,Atlanta,Hawks,1610612737,Charlotte,Hornets,1610612766,123,110,1610612737,Regular Season,15901.0,,,233,13
22400946,2025-03-12 19:30:00+00:00,Boston,Celtics,1610612738,Oklahoma City,Thunder,1610612760,112,118,1610612760,Regular Season,19156.0,,,230,6
22400943,2025-03-11 20:00:00+00:00,New Orleans,Pelicans,1610612740,Los Angeles,Clippers,1610612746,127,120,1610612740,Regular Season,17363.0,,,247,7
22400942,2025-03-11 19:30:00+00:00,Indiana,Pacers,1610612754,Milwaukee,Bucks,1610612749,115,114,1610612754,Regular Season,15008.0,,,229,1
22400940,2025-03-11 19:00:00+00:00,Cleveland,Cavaliers,1610612739,Brooklyn,Nets,1610612751,109,104,1610612739,Regular Season,19432.0,,,213,5
22400941,2025-03-11 19:00:00+00:00,Detroit,Pistons,1610612765,Washington,Wizards,1610612764,123,103,1610612765,Regular Season,17699.0,,,226,20
22400939,2025-03-10 22:30:00+00:00,Sacramento,Kings,1610612758,New York,Knicks,1610612752,104,133,1610612752,Regular Season,16539.0,,,237,29
22400938,2025-03-10 22:00:00+00:00,Golden State,Warriors,1610612744,Portland,Trail Blazers,1610612757,130,120,1610612744,Regular Season,18064.0,,,250,10
22400937,2025-03-10 20:30:00+00:00,San Antonio,Spurs,1610612759,Dallas,Mavericks,1610612742,129,133,1610612742,Regular Season,17735.0,,,262,4
22400936,2025-03-10 20:00:00+00:00,Oklahoma City,Thunder,1610612760,Denver,Nuggets,1610612743,127,140,1610612743,Regular Season,18203.0,,,267,13
22400935,2025-03-10 20:00:00+00:00,Memphis,Grizzlies,1610612763,Phoenix,Suns,1610612756,120,118,1610612763,Regular Season,16545.0,,,238,2
22400933,2025-03-10 20:00:00+00:00,Chicago,Bulls,1610612741,Indiana,Pacers,1610612754,121,103,1610612741,Regular Season,20697.0,,,224,18
22400934,2025-03-10 20:00:00+00:00,Houston,Rockets,1610612745,Orlando,Magic,1610612753,97,84,1610612745,Regular Season,16665.0,,,181,13
22400928,2025-03-10 19:30:00+00:00,Atlanta,Hawks,1610612737,Philadelphia,76ers,1610612755,132,123,1610612737,Regular Season,15269.0,,,255,9
22400931,2025-03-10 19:30:00+00:00,Miami,Heat,1610612748,Charlotte,Hornets,1610612766,102,105,1610612766,Regular Season,19600.0,,,207,3
22400930,2025-03-10 19:30:00+00:00,Brooklyn,Nets,1610612751,Los Angeles,Lakers,1610612747,111,108,1610612751,Regular Season,18215.0,,,219,3
22400932,2025-03-10 19:30:00+00:00,Toronto,Raptors,1610612761,Washington,Wizards,1610612764,119,104,1610612761,Regular Season,18739.0,,,223,15
22400929,2025-03-10 19:30:00+00:00,Boston,Celtics,1610612738,Utah,Jazz,1610612762,114,108,1610612738,Regular Season,19156.0,,,222,6
22400927,2025-03-09 21:30:00+00:00,Los Angeles,Clippers,1610612746,Sacramento,Kings,1610612758,111,110,1610612746,Regular Season,17927.0,,,221,1
22400926,2025-03-09 21:00:00+00:00,Portland,Trail Blazers,1610612757,Detroit,Pistons,1610612765,112,119,1610612765,Regular Season,19661.0,,,231,7
22400922,2025-03-09 20:00:00+00:00,Milwaukee,Bucks,1610612749,Cleveland,Cavaliers,1610612739,100,112,1610612739,Regular Season,17355.0,,,212,12
22400925,2025-03-09 20:00:00+00:00,Minnesota,Timberwolves,1610612750,San Antonio,Spurs,1610612759,141,124,1610612750,Regular Season,17875.0,,,265,17
22400924,2025-03-09 19:30:00+00:00,Philadelphia,76ers,1610612755,Utah,Jazz,1610612762,126,122,1610612755,Regular Season,19757.0,,,248,4
22400923,2025-03-09 19:00:00+00:00,New Orleans,Pelicans,1610612740,Memphis,Grizzlies,1610612763,104,107,1610612763,Regular Season,17435.0,,,211,3
22400921,2025-03-09 15:30:00+00:00,Dallas,Mavericks,1610612742,Phoenix,Suns,1610612756,116,125,1610612756,Regular Season,20013.0,,,241,9
22400920,2025-03-09 13:00:00+00:00,Oklahoma City,Thunder,1610612760,Denver,Nuggets,1610612743,127,103,1610612760,Regular Season,18203.0,,,230,24
22400918,2025-03-08 20:30:00+00:00,Boston,Celtics,1610612738,Los Angeles,Lakers,1610612747,111,101,1610612738,Regular Season,19156.0,,,212,10
22400919,2025-03-08 20:30:00+00:00,Golden State,Warriors,1610612744,Detroit,Pistons,1610612765,115,110,1610612744,Regular Season,18064.0,,,225,5
22400916,2025-03-08 20:00:00+00:00,Miami,Heat,1610612748,Chicago,Bulls,1610612741,109,114,1610612741,Regular Season,19700.0,,,223,5
22400917,2025-03-08 20:00:00+00:00,Milwaukee,Bucks,1610612749,Orlando,Magic,1610612753,109,111,1610612753,Regular Season,17815.0,,,220,2
22400915,2025-03-08 19:30:00+00:00,Toronto,Raptors,1610612761,Washington,Wizards,1610612764,117,118,1610612764,Regular Season,19042.0,,,235,1
22400914,2025-03-08 19:30:00+00:00,Atlanta,Hawks,1610612737,Indiana,Pacers,1610612754,120,118,1610612737,Regular Season,17057.0,,,238,2
22400913,2025-03-08 19:00:00+00:00,Houston,Rockets,1610612745,New Orleans,Pelicans,1610612740,146,117,1610612745,Regular Season,18055.0,,,263,29
22400912,2025-03-08 18:00:00+00:00,Charlotte,Hornets,1610612766,Brooklyn,Nets,1610612751,105,102,1610612766,Regular Season,18652.0,,,207,3
22400911,2025-03-07 22:30:00+00:00,Los Angeles,Clippers,1610612746,New York,Knicks,1610612752,105,95,1610612746,Regular Season,17927.0,,,200,10
22400909,2025-03-07 22:00:00+00:00,Denver,Nuggets,1610612743,Phoenix,Suns,1610612756,149,141,1610612743,Regular Season,19808.0,,,290,8
22400910,2025-03-07 22:00:00+00:00,Sacramento,Kings,1610612758,San Antonio,Spurs,1610612759,127,109,1610612758,Regular Season,18332.0,,,236,18
22400907,2025-03-07 20:00:00+00:00,Miami,Heat,1610612748,Minnesota,Timberwolves,1610612750,104,106,1610612750,Regular Season,19700.0,,,210,2
22400908,2025-03-07 20:00:00+00:00,Oklahoma City,Thunder,1610612760,Portland,Trail Blazers,1610612757,107,89,1610612760,Regular Season,17911.0,,,196,18
22400906,2025-03-07 19:30:00+00:00,Dallas,Mavericks,1610612742,Memphis,Grizzlies,1610612763,111,122,1610612763,Regular Season,20010.0,,,233,11
22400905,2025-03-07 19:30:00+00:00,Toronto,Raptors,1610612761,Utah,Jazz,1610612762,118,109,1610612761,Regular Season,18258.0,,,227,9
22400904,2025-03-07 19:00:00+00:00,Charlotte,Hornets,1610612766,Cleveland,Cavaliers,1610612739,117,118,1610612739,Regular Season,19296.0,,,235,1
22400903,2025-03-06 22:00:00+00:00,Los Angeles,Lakers,1610612747,New York,Knicks,1610612752,113,109,1610612747,Regular Season,18997.0,,,222,4
22400902,2025-03-06 20:00:00+00:00,New Orleans,Pelicans,1610612740,Houston,Rockets,1610612745,97,109,1610612745,Regular Season,17636.0,,,206,12
22400900,2025-03-06 19:30:00+00:00,Boston,Celtics,1610612738,Philadelphia,76ers,1610612755,123,105,1610612738,Regular Season,19156.0,,,228,18
22400901,2025-03-06 19:30:00+00:00,Brooklyn,Nets,1610612751,Golden State,Warriors,1610612744,119,121,1610612744,Regular Season,18413.0,,,240,2
22400899,2025-03-06 19:30:00+00:00,Atlanta,Hawks,1610612737,Indiana,Pacers,1610612754,124,118,1610612737,Regular Season,15656.0,,,242,6
22400944,2025-03-06 19:00:00+00:00,Orlando,Magic,1610612753,Chicago,Bulls,1610612741,123,125,1610612741,Regular Season,17717.0,,,248,2
22400898,2025-03-05 22:30:00+00:00,Los Angeles,Clippers,1610612746,Detroit,Pistons,1610612765,123,115,1610612746,Regular Season,17927.0,,,238,8
22400895,2025-03-05 21:30:00+00:00,Memphis,Grizzlies,1610612763,Oklahoma City,Thunder,1610612760,103,120,1610612760,Regular Season,16723.0,,,223,17
22400896,2025-03-05 21:00:00+00:00,Denver,Nuggets,1610612743,Sacramento,Kings,1610612758,116,110,1610612743,Regular Season,19618.0,,,226,6
22400897,2025-03-05 20:00:00+00:00,Milwaukee,Bucks,1610612749,Dallas,Mavericks,1610612742,137,107,1610612749,Regular Season,17341.0,,,244,30
22400894,2025-03-05 19:00:00+00:00,Washington,Wizards,1610612764,Utah,Jazz,1610612762,125,122,1610612764,Regular Season,14761.0,,,247,3
22400892,2025-03-05 19:00:00+00:00,Charlotte,Hornets,1610612766,Minnesota,Timberwolves,1610612750,110,125,1610612750,Regular Season,17578.0,,,235,15
22400893,2025-03-05 19:00:00+00:00,Cleveland,Cavaliers,1610612739,Miami,Heat,1610612748,112,107,1610612739,Regular Season,19432.0,,,219,5
22400891,2025-03-05 19:00:00+00:00,Boston,Celtics,1610612738,Portland,Trail Blazers,1610612757,128,118,1610612738,Regular Season,19156.0,,,246,10
22400890,2025-03-04 22:30:00+00:00,Los Angeles,Lakers,1610612747,New Orleans,Pelicans,1610612740,136,115,1610612747,Regular Season,18997.0,,,251,21
22400889,2025-03-04 22:00:00+00:00,Phoenix,Suns,1610612756,Los Angeles,Clippers,1610612746,119,117,1610612756,Regular Season,17071.0,,,236,2
22400888,2025-03-04 20:30:00+00:00,San Antonio,Spurs,1610612759,Brooklyn,Nets,1610612751,127,113,1610612759,Regular Season,16703.0,,,240,14
22400886,2025-03-04 20:00:00+00:00,Chicago,Bulls,1610612741,Cleveland,Cavaliers,1610612739,117,139,1610612739,Regular Season,20943.0,,,256,22
22400887,2025-03-04 20:00:00+00:00,Minnesota,Timberwolves,1610612750,Philadelphia,76ers,1610612755,126,112,1610612750,Regular Season,17297.0,,,238,14
22400885,2025-03-04 19:30:00+00:00,New York,Knicks,1610612752,Golden State,Warriors,1610612744,102,114,1610612744,Regular Season,19812.0,,,216,12
22400884,2025-03-04 19:30:00+00:00,Atlanta,Hawks,1610612737,Milwaukee,Bucks,1610612749,121,127,1610612749,Regular Season,16008.0,,,248,6
22400883,2025-03-04 19:00:00+00:00,Orlando,Magic,1610612753,Toronto,Raptors,1610612761,113,114,1610612761,Regular Season,17406.0,,,227,1
22400882,2025-03-04 19:00:00+00:00,Indiana,Pacers,1610612754,Houston,Rockets,1610612745,115,102,1610612754,Regular Season,15513.0,,,217,13
22400881,2025-03-03 21:00:00+00:00,Utah,Jazz,1610612762,Detroit,Pistons,1610612765,106,134,1610612765,Regular Season,18175.0,,,240,28
22400880,2025-03-03 20:30:00+00:00,Dallas,Mavericks,1610612742,Sacramento,Kings,1610612758,98,122,1610612758,Regular Season,19711.0,,,220,24
22400879,2025-03-03 20:00:00+00:00,Oklahoma City,Thunder,1610612760,Houston,Rockets,1610612745,137,128,1610612760,Regular Season,17714.0,,,265,9
22400878,2025-03-03 20:00:00+00:00,Memphis,Grizzlies,1610612763,Atlanta,Hawks,1610612737,130,132,1610612737,Regular Season,15719.0,,,262,2
22400877,2025-03-03 19:30:00+00:00,Miami,Heat,1610612748,Washington,Wizards,1610612764,106,90,1610612748,Regular Season,19600.0,,,196,16
22400876,2025-03-03 19:00:00+00:00,Philadelphia,76ers,1610612755,Portland,Trail Blazers,1610612757,102,119,1610612757,Regular Season,19776.0,,,221,17
22400875,2025-03-03 19:00:00+00:00,Charlotte,Hornets,1610612766,Golden State,Warriors,1610612744,101,119,1610612744,Regular Season,19223.0,,,220,18
22400874,2025-03-02 21:30:00+00:00,Los Angeles,Lakers,1610612747,Los Angeles,Clippers,1610612746,108,102,1610612747,Regular Season,18997.0,,,210,6
22400873,2025-03-02 21:30:00+00:00,Phoenix,Suns,1610612756,Minnesota,Timberwolves,1610612750,98,116,1610612750,Regular Season,17071.0,,,214,18
22400872,2025-03-02 20:00:00+00:00,Utah,Jazz,1610612762,New Orleans,Pelicans,1610612740,121,128,1610612740,Regular Season,18175.0,,,249,7
22400871,2025-03-02 19:00:00+00:00,San Antonio,Spurs,1610612759,Oklahoma City,Thunder,1610612760,132,146,1610612760,Regular Season,17745.0,,,278,14
22400870,2025-03-02 18:00:00+00:00,Orlando,Magic,1610612753,Toronto,Raptors,1610612761,102,104,1610612761,Regular Season,19015.0,,,206,2
22400869,2025-03-02 18:00:00+00:00,Miami,Heat,1610612748,New York,Knicks,1610612752,112,116,1610612752,Regular Season,19725.0,,,228,4
22400868,2025-03-02 17:00:00+00:00,Indiana,Pacers,1610612754,Chicago,Bulls,1610612741,127,112,1610612754,Regular Season,17028.0,,,239,15
22400867,2025-03-02 15:30:00+00:00,Cleveland,Cavaliers,1610612739,Portland,Trail Blazers,1610612757,133,129,1610612739,Regular Season,19432.0,,,262,4
22400866,2025-03-02 13:00:00+00:00,Boston,Celtics,1610612738,Denver,Nuggets,1610612743,110,103,1610612738,Regular Season,19156.0,,,213,7
22400865,2025-03-01 20:30:00+00:00,Dallas,Mavericks,1610612742,Milwaukee,Bucks,1610612749,117,132,1610612749,Regular Season,20272.0,,,249,15
22400864,2025-03-01 20:30:00+00:00,Philadelphia,76ers,1610612755,Golden State,Warriors,1610612744,126,119,1610612755,Regular Season,20159.0,,,245,7
22400862,2025-03-01 20:00:00+00:00,Houston,Rockets,1610612745,Sacramento,Kings,1610612758,103,113,1610612758,Regular Season,18055.0,,,216,10
22400863,2025-03-01 20:00:00+00:00,Memphis,Grizzlies,1610612763,San Antonio,Spurs,1610612759,128,130,1610612759,Regular Season,16822.0,,,258,2
22400861,2025-03-01 19:00:00+00:00,Detroit,Pistons,1610612765,Brooklyn,Nets,1610612751,115,94,1610612765,Regular Season,20062.0,,,209,21
22400860,2025-03-01 18:00:00+00:00,Charlotte,Hornets,1610612766,Washington,Wizards,1610612764,100,113,1610612764,Regular Season,17904.0,,,213,13
22400859,2025-02-28 22:00:00+00:00,Los Angeles,Lakers,1610612747,Los Angeles,Clippers,1610612746,106,102,1610612747,Regular Season,18997.0,,,208,4
22400858,2025-02-28 21:30:00+00:00,Utah,Jazz,1610612762,Minnesota,Timberwolves,1610612750,117,116,1610612762,Regular Season,18175.0,,,233,1
22400857,2025-02-28 21:00:00+00:00,Phoenix,Suns,1610612756,New Orleans,Pelicans,1610612740,125,108,1610612756,Regular Season,17071.0,,,233,17
22400855,2025-02-28 20:00:00+00:00,Chicago,Bulls,1610612741,Toronto,Raptors,1610612761,125,115,1610612741,Regular Season,20938.0,,,240,10
22400856,2025-02-28 20:00:00+00:00,Memphis,Grizzlies,1610612763,New York,Knicks,1610612752,113,114,1610612752,Regular Season,17794.0,,,227,1
22400854,2025-02-28 20:00:00+00:00,Miami,Heat,1610612748,Indiana,Pacers,1610612754,125,120,1610612748,Regular Season,19850.0,,,245,5
22400851,2025-02-28 19:30:00+00:00,Atlanta,Hawks,1610612737,Oklahoma City,Thunder,1610612760,119,135,1610612760,Regular Season,17712.0,,,254,16
22400853,2025-02-28 19:30:00+00:00,Brooklyn,Nets,1610612751,Portland,Trail Blazers,1610612757,102,121,1610612757,Regular Season,18018.0,,,223,19
22400852,2025-02-28 19:30:00+00:00,Boston,Celtics,1610612738,Cleveland,Cavaliers,1610612739,116,123,1610612739,Regular Season,19156.0,,,239,7
22400850,2025-02-28 19:00:00+00:00,Detroit,Pistons,1610612765,Denver,Nuggets,1610612743,119,134,1610612743,Regular Season,20062.0,,,253,15
22400849,2025-02-27 22:30:00+00:00,Los Angeles,Lakers,1610612747,Minnesota,Timberwolves,1610612750,111,102,1610612747,Regular Season,18997.0,,,213,9
22400848,2025-02-27 21:00:00+00:00,Phoenix,Suns,1610612756,New Orleans,Pelicans,1610612740,116,124,1610612740,Regular Season,17071.0,,,240,8
22400847,2025-02-27 20:30:00+00:00,Dallas,Mavericks,1610612742,Charlotte,Hornets,1610612766,103,96,1610612742,Regular Season,20009.0,,,199,7
22400846,2025-02-27 20:00:00+00:00,Milwaukee,Bucks,1610612749,Denver,Nuggets,1610612743,121,112,1610612749,Regular Season,17566.0,,,233,9
22400845,2025-02-27 19:00:00+00:00,Orlando,Magic,1610612753,Golden State,Warriors,1610612744,115,121,1610612744,Regular Season,18846.0,,,236,6
22400844,2025-02-26 21:30:00+00:00,Houston,Rockets,1610612745,San Antonio,Spurs,1610612759,118,106,1610612745,Regular Season,18055.0,,,224,12
22400843,2025-02-26 21:00:00+00:00,Utah,Jazz,1610612762,Sacramento,Kings,1610612758,101,118,1610612758,Regular Season,18175.0,,,219,17
22400842,2025-02-26 20:00:00+00:00,Chicago,Bulls,1610612741,Los Angeles,Clippers,1610612746,117,122,1610612746,Regular Season,20356.0,,,239,5
22400840,2025-02-26 19:30:00+00:00,Brooklyn,Nets,1610612751,Oklahoma City,Thunder,1610612760,121,129,1610612760,Regular Season,17926.0,,,250,8
22400841,2025-02-26 19:30:00+00:00,Miami,Heat,1610612748,Atlanta,Hawks,1610612737,131,109,1610612748,Regular Season,19600.0,,,240,22
22400837,2025-02-26 19:00:00+00:00,Indiana,Pacers,1610612754,Toronto,Raptors,1610612761,111,91,1610612754,Regular Season,16596.0,,,202,20
22400836,2025-02-26 19:00:00+00:00,Detroit,Pistons,1610612765,Boston,Celtics,1610612738,117,97,1610612765,Regular Season,20062.0,,,214,20
22400839,2025-02-26 19:00:00+00:00,Washington,Wizards,1610612764,Portland,Trail Blazers,1610612757,121,129,1610612757,Regular Season,12943.0,,,250,8
22400838,2025-02-26 19:00:00+00:00,New York,Knicks,1610612752,Philadelphia,76ers,1610612755,110,105,1610612752,Regular Season,19812.0,,,215,5
22400834,2025-02-25 22:00:00+00:00,Golden State,Warriors,1610612744,Charlotte,Hornets,1610612766,128,92,1610612744,Regular Season,18064.0,,,220,36
22400835,2025-02-25 22:00:00+00:00,Los Angeles,Lakers,1610612747,Dallas,Mavericks,1610612742,107,99,1610612747,Regular Season,18997.0,,,206,8
22400833,2025-02-25 20:00:00+00:00,New Orleans,Pelicans,1610612740,San Antonio,Spurs,1610612759,109,103,1610612740,Regular Season,16767.0,,,212,6
22400831,2025-02-25 20:00:00+00:00,Houston,Rockets,1610612745,Milwaukee,Bucks,1610612749,100,97,1610612745,Regular Season,18055.0,,,197,3
22400832,2025-02-25 20:00:00+00:00,Memphis,Grizzlies,1610612763,Phoenix,Suns,1610612756,151,148,1610612763,Regular Season,16202.0,,,299,3
22400830,2025-02-25 19:30:00+00:00,Orlando,Magic,1610612753,Cleveland,Cavaliers,1610612739,82,122,1610612739,Regular Season,18846.0,,,204,40
22400829,2025-02-25 19:00:00+00:00,Toronto,Raptors,1610612761,Boston,Celtics,1610612738,101,111,1610612738,Regular Season,18134.0,,,212,10
22400828,2025-02-24 22:00:00+00:00,Sacramento,Kings,1610612758,Charlotte,Hornets,1610612766,130,88,1610612758,Regular Season,17832.0,,,218,42
22400827,2025-02-24 21:00:00+00:00,Utah,Jazz,1610612762,Portland,Trail Blazers,1610612757,112,114,1610612757,Regular Season,18175.0,,,226,2
22400826,2025-02-24 20:00:00+00:00,Oklahoma City,Thunder,1610612760,Minnesota,Timberwolves,1610612750,128,131,1610612750,Regular Season,18203.0,,,259,3
22400825,2025-02-24 19:30:00+00:00,Atlanta,Hawks,1610612737,Miami,Heat,1610612748,98,86,1610612737,Regular Season,16189.0,,,184,12
22400823,2025-02-24 19:00:00+00:00,Philadelphia,76ers,1610612755,Chicago,Bulls,1610612741,110,142,1610612741,Regular Season,19765.0,,,252,32
22400821,2025-02-24 19:00:00+00:00,Detroit,Pistons,1610612765,Los Angeles,Clippers,1610612746,106,97,1610612765,Regular Season,18989.0,,,203,9
22400822,2025-02-24 19:00:00+00:00,Indiana,Pacers,1610612754,Denver,Nuggets,1610612743,116,125,1610612743,Regular Season,16549.0,,,241,9
22400824,2025-02-24 19:00:00+00:00,Washington,Wizards,1610612764,Brooklyn,Nets,1610612751,107,99,1610612764,Regular Season,13785.0,,,206,8
22400820,2025-02-23 21:30:00+00:00,Minnesota,Timberwolves,1610612750,Oklahoma City,Thunder,1610612760,123,130,1610612760,Regular Season,18978.0,,,253,7
22400819,2025-02-23 19:00:00+00:00,Cleveland,Cavaliers,1610612739,Memphis,Grizzlies,1610612763,129,123,1610612739,Regular Season,19432.0,,,252,6
22400818,2025-02-23 19:00:00+00:00,New Orleans,Pelicans,1610612740,San Antonio,Spurs,1610612759,114,96,1610612740,Regular Season,17399.0,,,210,18
22400816,2025-02-23 18:00:00+00:00,Toronto,Raptors,1610612761,Phoenix,Suns,1610612756,127,109,1610612761,Regular Season,18989.0,,,236,18
22400814,2025-02-23 18:00:00+00:00,Atlanta,Hawks,1610612737,Detroit,Pistons,1610612765,143,148,1610612765,Regular Season,17051.0,,,291,5
22400815,2025-02-23 18:00:00+00:00,Orlando,Magic,1610612753,Washington,Wizards,1610612764,110,90,1610612753,Regular Season,18712.0,,,200,20
22400817,2025-02-23 18:00:00+00:00,Milwaukee,Bucks,1610612749,Miami,Heat,1610612748,120,113,1610612749,Regular Season,17442.0,,,233,7
22400813,2025-02-23 17:00:00+00:00,Indiana,Pacers,1610612754,Los Angeles,Clippers,1610612746,129,111,1610612754,Regular Season,16950.0,,,240,18
22400812,2025-02-23 15:30:00+00:00,Golden State,Warriors,1610612744,Dallas,Mavericks,1610612742,126,102,1610612744,Regular Season,18064.0,,,228,24
22400811,2025-02-23 13:00:00+00:00,Boston,Celtics,1610612738,New York,Knicks,1610612752,118,105,1610612738,Regular Season,19156.0,,,223,13
22400810,2025-02-22 22:00:00+00:00,Portland,Trail Blazers,1610612757,Charlotte,Hornets,1610612766,141,88,1610612757,Regular Season,18501.0,,,229,53
22400809,2025-02-22 21:30:00+00:00,Utah,Jazz,1610612762,Houston,Rockets,1610612745,124,115,1610612762,Regular Season,18175.0,,,239,9
22400808,2025-02-22 20:30:00+00:00,Denver,Nuggets,1610612743,Los Angeles,Lakers,1610612747,100,123,1610612747,Regular Season,19998.0,,,223,23
22400807,2025-02-22 19:30:00+00:00,Philadelphia,76ers,1610612755,Brooklyn,Nets,1610612751,103,105,1610612751,Regular Season,20431.0,,,208,2
22400806,2025-02-22 17:00:00+00:00,Chicago,Bulls,1610612741,Phoenix,Suns,1610612756,117,121,1610612756,Regular Season,21116.0,,,238,4
22400805,2025-02-21 22:00:00+00:00,Sacramento,Kings,1610612758,Golden State,Warriors,1610612744,108,132,1610612744,Regular Season,18098.0,,,240,24
22400801,2025-02-21 21:30:00+00:00,Houston,Rockets,1610612745,Minnesota,Timberwolves,1610612750,121,115,1610612745,Regular Season,18055.0,,,236,6
22400804,2025-02-21 21:30:00+00:00,Utah,Jazz,1610612762,Oklahoma City,Thunder,1610612760,107,130,1610612760,Regular Season,18175.0,,,237,23
22400803,2025-02-21 20:30:00+00:00,Dallas,Mavericks,1610612742,New Orleans,Pelicans,1610612740,111,103,1610612742,Regular Season,20125.0,,,214,8
22400802,2025-02-21 20:30:00+00:00,San Antonio,Spurs,1610612759,Detroit,Pistons,1610612765,110,125,1610612765,Regular Season,16143.0,,,235,15
22400800,2025-02-21 19:30:00+00:00,Toronto,Raptors,1610612761,Miami,Heat,1610612748,111,120,1610612748,Regular Season,19584.0,,,231,9
22400798,2025-02-21 19:00:00+00:00,Orlando,Magic,1610612753,Memphis,Grizzlies,1610612763,104,105,1610612763,Regular Season,18945.0,,,209,1
22400797,2025-02-21 19:00:00+00:00,Cleveland,Cavaliers,1610612739,New York,Knicks,1610612752,142,105,1610612739,Regular Season,19432.0,,,247,37
22400799,2025-02-21 19:00:00+00:00,Washington,Wizards,1610612764,Milwaukee,Bucks,1610612749,101,104,1610612749,Regular Season,18865.0,,,205,3
22400796,2025-02-20 22:00:00+00:00,Portland,Trail Blazers,1610612757,Los Angeles,Lakers,1610612747,102,110,1610612747,Regular Season,19399.0,,,212,8
22400795,2025-02-20 21:30:00+00:00,San Antonio,Spurs,1610612759,Phoenix,Suns,1610612756,120,109,1610612759,Regular Season,16246.0,,,229,11
22400794,2025-02-20 21:00:00+00:00,Denver,Nuggets,1610612743,Charlotte,Hornets,1610612766,129,115,1610612743,Regular Season,19870.0,,,244,14
22400793,2025-02-20 20:00:00+00:00,Milwaukee,Bucks,1610612749,Los Angeles,Clippers,1610612746,116,110,1610612749,Regular Season,17341.0,,,226,6
22400792,2025-02-20 19:30:00+00:00,New York,Knicks,1610612752,Chicago,Bulls,1610612741,113,111,1610612752,Regular Season,19812.0,,,224,2
22400790,2025-02-20 19:30:00+00:00,Atlanta,Hawks,1610612737,Orlando,Magic,1610612753,108,114,1610612753,Regular Season,16436.0,,,222,6
22400791,2025-02-20 19:30:00+00:00,Brooklyn,Nets,1610612751,Cleveland,Cavaliers,1610612739,97,110,1610612739,Regular Season,17926.0,,,207,13
22400789,2025-02-20 19:00:00+00:00,Philadelphia,76ers,1610612755,Boston,Celtics,1610612738,104,124,1610612738,Regular Season,19752.0,,,228,20
22400788,2025-02-20 19:00:00+00:00,Indiana,Pacers,1610612754,Memphis,Grizzlies,1610612763,127,113,1610612754,Regular Season,17274.0,,,240,14
22401004,2025-02-13 21:00:00+00:00,Utah,Jazz,1610612762,Los Angeles,Clippers,1610612746,116,120,1610612746,Regular Season,18175.0,,,236,4
22400787,2025-02-13 20:30:00+00:00,Minnesota,Timberwolves,1610612750,Oklahoma City,Thunder,1610612760,116,101,1610612750,Regular Season,18978.0,,,217,15
22400786,2025-02-13 20:30:00+00:00,Dallas,Mavericks,1610612742,Miami,Heat,1610612748,118,113,1610612742,Regular Season,19935.0,,,231,5
22400784,2025-02-13 20:00:00+00:00,Houston,Rockets,1610612745,Golden State,Warriors,1610612744,98,105,1610612744,Regular Season,18055.0,,,203,7
22400785,2025-02-13 20:00:00+00:00,New Orleans,Pelicans,1610612740,Sacramento,Kings,1610612758,140,133,1610612740,Regular Season,16686.0,,,273,7
22400783,2025-02-12 22:30:00+00:00,Los Angeles,Clippers,1610612746,Memphis,Grizzlies,1610612763,128,114,1610612746,Regular Season,14997.0,,,242,14
22400782,2025-02-12 21:30:00+00:00,Dallas,Mavericks,1610612742,Golden State,Warriors,1610612744,111,107,1610612742,Regular Season,20311.0,,,218,4
22400780,2025-02-12 21:00:00+00:00,Denver,Nuggets,1610612743,Portland,Trail Blazers,1610612757,132,121,1610612743,Regular Season,19901.0,,,253,11
22400781,2025-02-12 21:00:00+00:00,Utah,Jazz,1610612762,Los Angeles,Lakers,1610612747,131,119,1610612762,Regular Season,18175.0,,,250,12
22400779,2025-02-12 20:30:00+00:00,Houston,Rockets,1610612745,Phoenix,Suns,1610612756,119,111,1610612745,Regular Season,16227.0,,,230,8
22400775,2025-02-12 20:00:00+00:00,Chicago,Bulls,1610612741,Detroit,Pistons,1610612765,110,128,1610612765,Regular Season,18916.0,,,238,18
22400776,2025-02-12 20:00:00+00:00,Minnesota,Timberwolves,1610612750,Milwaukee,Bucks,1610612749,101,103,1610612749,Regular Season,18978.0,,,204,2
22400777,2025-02-12 20:00:00+00:00,New Orleans,Pelicans,1610612740,Sacramento,Kings,1610612758,111,119,1610612758,Regular Season,17444.0,,,230,8
22400778,2025-02-12 20:00:00+00:00,Oklahoma City,Thunder,1610612760,Miami,Heat,1610612748,115,101,1610612760,Regular Season,17835.0,,,216,14
22400774,2025-02-12 19:30:00+00:00,Toronto,Raptors,1610612761,Cleveland,Cavaliers,1610612739,108,131,1610612739,Regular Season,16549.0,,,239,23
22400773,2025-02-12 19:30:00+00:00,New York,Knicks,1610612752,Atlanta,Hawks,1610612737,149,148,1610612752,Regular Season,19812.0,,,297,1
22400772,2025-02-12 19:30:00+00:00,Brooklyn,Nets,1610612751,Philadelphia,76ers,1610612755,100,96,1610612751,Regular Season,16133.0,,,196,4
22400769,2025-02-12 19:00:00+00:00,Boston,Celtics,1610612738,San Antonio,Spurs,1610612759,116,103,1610612738,Regular Season,19156.0,,,219,13
22400771,2025-02-12 19:00:00+00:00,Washington,Wizards,1610612764,Indiana,Pacers,1610612754,130,134,1610612754,Regular Season,11457.0,,,264,4
22400770,2025-02-12 19:00:00+00:00,Orlando,Magic,1610612753,Charlotte,Hornets,1610612766,102,86,1610612753,Regular Season,18947.0,,,188,16
22400767,2025-02-11 22:00:00+00:00,Phoenix,Suns,1610612756,Memphis,Grizzlies,1610612763,112,119,1610612763,Regular Season,17071.0,,,231,7
22400766,2025-02-11 20:00:00+00:00,Chicago,Bulls,1610612741,Detroit,Pistons,1610612765,92,132,1610612765,Regular Season,18321.0,,,224,40
22400765,2025-02-11 19:30:00+00:00,Indiana,Pacers,1610612754,New York,Knicks,1610612752,115,128,1610612752,Regular Season,16685.0,,,243,13
22400764,2025-02-11 19:00:00+00:00,Philadelphia,76ers,1610612755,Toronto,Raptors,1610612761,103,106,1610612761,Regular Season,19767.0,,,209,3
22400768,2025-02-10 22:30:00+00:00,Los Angeles,Lakers,1610612747,Utah,Jazz,1610612762,132,113,1610612747,Regular Season,18997.0,,,245,19
22400763,2025-02-10 21:00:00+00:00,Denver,Nuggets,1610612743,Portland,Trail Blazers,1610612757,146,117,1610612743,Regular Season,19535.0,,,263,29
22400762,2025-02-10 20:30:00+00:00,Dallas,Mavericks,1610612742,Sacramento,Kings,1610612758,128,129,1610612758,Regular Season,19726.0,,,257,1
22400761,2025-02-10 20:00:00+00:00,Oklahoma City,Thunder,1610612760,New Orleans,Pelicans,1610612740,137,101,1610612760,Regular Season,17340.0,,,238,36
22400760,2025-02-10 20:00:00+00:00,Milwaukee,Bucks,1610612749,Golden State,Warriors,1610612744,111,125,1610612744,Regular Season,17341.0,,,236,14
22400759,2025-02-10 19:30:00+00:00,Miami,Heat,1610612748,Boston,Celtics,1610612738,85,103,1610612738,Regular Season,19961.0,,,188,18
22400758,2025-02-10 19:30:00+00:00,Brooklyn,Nets,1610612751,Charlotte,Hornets,1610612766,97,89,1610612751,Regular Season,16013.0,,,186,8
22400755,2025-02-10 19:00:00+00:00,Cleveland,Cavaliers,1610612739,Minnesota,Timberwolves,1610612750,128,107,1610612739,Regular Season,19432.0,,,235,21
22400756,2025-02-10 19:00:00+00:00,Orlando,Magic,1610612753,Atlanta,Hawks,1610612737,106,112,1610612737,Regular Season,18055.0,,,218,6
22400757,2025-02-10 19:00:00+00:00,Washington,Wizards,1610612764,San Antonio,Spurs,1610612759,121,131,1610612759,Regular Season,17446.0,,,252,10
22400754,2025-02-09 14:00:00+00:00,Milwaukee,Bucks,1610612749,Philadelphia,76ers,1610612755,135,127,1610612749,Regular Season,17341.0,,,262,8
22400753,2025-02-09 14:00:00+00:00,Houston,Rockets,1610612745,Toronto,Raptors,1610612761,94,87,1610612745,Regular Season,16829.0,,,181,7
22400752,2025-02-09 13:00:00+00:00,Detroit,Pistons,1610612765,Charlotte,Hornets,1610612766,112,102,1610612765,Regular Season,18740.0,,,214,10
22400751,2025-02-08 22:30:00+00:00,Los Angeles,Clippers,1610612746,Utah,Jazz,1610612762,130,110,1610612746,Regular Season,15892.0,,,240,20
22400750,2025-02-08 22:00:00+00:00,Sacramento,Kings,1610612758,New Orleans,Pelicans,1610612740,123,118,1610612758,Regular Season,17832.0,,,241,5
22400749,2025-02-08 21:00:00+00:00,Phoenix,Suns,1610612756,Denver,Nuggets,1610612743,105,122,1610612743,Regular Season,17071.0,,,227,17
22400748,2025-02-08 20:30:00+00:00,New York,Knicks,1610612752,Boston,Celtics,1610612738,104,131,1610612738,Regular Season,19812.0,,,235,27
22400745,2025-02-08 20:00:00+00:00,Chicago,Bulls,1610612741,Golden State,Warriors,1610612744,111,132,1610612744,Regular Season,21297.0,,,243,21
22400747,2025-02-08 20:00:00+00:00,Minnesota,Timberwolves,1610612750,Portland,Trail Blazers,1610612757,114,98,1610612750,Regular Season,18978.0,,,212,16
22400746,2025-02-08 20:00:00+00:00,Memphis,Grizzlies,1610612763,Oklahoma City,Thunder,1610612760,112,125,1610612760,Regular Season,17794.0,,,237,13
22400743,2025-02-08 19:00:00+00:00,Orlando,Magic,1610612753,San Antonio,Spurs,1610612759,112,111,1610612753,Regular Season,19354.0,,,223,1
22400744,2025-02-08 19:00:00+00:00,Washington,Wizards,1610612764,Atlanta,Hawks,1610612737,111,125,1610612737,Regular Season,16835.0,,,236,14
22400742,2025-02-08 16:00:00+00:00,Los Angeles,Lakers,1610612747,Indiana,Pacers,1610612754,124,117,1610612747,Regular Season,18997.0,,,241,7
22400741,2025-02-08 15:00:00+00:00,Dallas,Mavericks,1610612742,Houston,Rockets,1610612745,116,105,1610612742,Regular Season,20303.0,,,221,11
22400740,2025-02-07 22:00:00+00:00,Phoenix,Suns,1610612756,Utah,Jazz,1610612762,135,127,1610612756,Regular Season,17071.0,,,262,8
22400739,2025-02-07 20:00:00+00:00,Oklahoma City,Thunder,1610612760,Toronto,Raptors,1610612761,121,109,1610612760,Regular Season,18203.0,,,230,12
22400738,2025-02-07 19:30:00+00:00,Detroit,Pistons,1610612765,Philadelphia,76ers,1610612755,125,112,1610612765,Regular Season,19241.0,,,237,13
22400737,2025-02-07 19:30:00+00:00,Brooklyn,Nets,1610612751,Miami,Heat,1610612748,102,86,1610612751,Regular Season,17926.0,,,188,16
22400736,2025-02-07 19:30:00+00:00,Atlanta,Hawks,1610612737,Milwaukee,Bucks,1610612749,115,110,1610612737,Regular Season,16378.0,,,225,5
22400735,2025-02-07 19:00:00+00:00,Washington,Wizards,1610612764,Cleveland,Cavaliers,1610612739,124,134,1610612739,Regular Season,20385.0,,,258,10
22400734,2025-02-07 19:00:00+00:00,Charlotte,Hornets,1610612766,San Antonio,Spurs,1610612759,117,116,1610612766,Regular Season,19290.0,,,233,1
22400733,2025-02-06 22:30:00+00:00,Los Angeles,Clippers,1610612746,Indiana,Pacers,1610612754,112,119,1610612754,Regular Season,13458.0,,,231,7
22400731,2025-02-06 22:00:00+00:00,Los Angeles,Lakers,1610612747,Golden State,Warriors,1610612744,120,112,1610612747,Regular Season,18997.0,,,232,8
22400732,2025-02-06 22:00:00+00:00,Portland,Trail Blazers,1610612757,Sacramento,Kings,1610612758,108,102,1610612757,Regular Season,16953.0,,,210,6
22400730,2025-02-06 21:00:00+00:00,Denver,Nuggets,1610612743,Orlando,Magic,1610612753,112,90,1610612743,Regular Season,19616.0,,,202,22
22400729,2025-02-06 20:00:00+00:00,Minnesota,Timberwolves,1610612750,Houston,Rockets,1610612745,127,114,1610612750,Regular Season,18978.0,,,241,13
22400728,2025-02-06 19:30:00+00:00,Boston,Celtics,1610612738,Dallas,Mavericks,1610612742,120,127,1610612742,Regular Season,19156.0,,,247,7
22400727,2025-02-05 22:00:00+00:00,Sacramento,Kings,1610612758,Orlando,Magic,1610612753,111,130,1610612753,Regular Season,18074.0,,,241,19
22400724,2025-02-05 21:30:00+00:00,Oklahoma City,Thunder,1610612760,Phoenix,Suns,1610612756,140,109,1610612760,Regular Season,17451.0,,,249,31
22400726,2025-02-05 21:00:00+00:00,Denver,Nuggets,1610612743,New Orleans,Pelicans,1610612740,144,119,1610612743,Regular Season,19526.0,,,263,25
22400725,2025-02-05 21:00:00+00:00,Utah,Jazz,1610612762,Golden State,Warriors,1610612744,131,128,1610612762,Regular Season,18175.0,,,259,3
22400723,2025-02-05 20:00:00+00:00,Minnesota,Timberwolves,1610612750,Chicago,Bulls,1610612741,127,108,1610612750,Regular Season,18978.0,,,235,19
22400720,2025-02-05 19:30:00+00:00,Brooklyn,Nets,1610612751,Washington,Wizards,1610612764,102,119,1610612764,Regular Season,16035.0,,,221,17
22400722,2025-02-05 19:30:00+00:00,Toronto,Raptors,1610612761,Memphis,Grizzlies,1610612763,107,138,1610612763,Regular Season,18337.0,,,245,31
22400721,2025-02-05 19:30:00+00:00,Philadelphia,76ers,1610612755,Miami,Heat,1610612748,101,108,1610612748,Regular Season,19770.0,,,209,7
22400718,2025-02-05 19:00:00+00:00,Detroit,Pistons,1610612765,Cleveland,Cavaliers,1610612739,115,118,1610612739,Regular Season,18734.0,,,233,3
22400717,2025-02-05 19:00:00+00:00,Charlotte,Hornets,1610612766,Milwaukee,Bucks,1610612749,102,112,1610612749,Regular Season,14385.0,,,214,10
22400719,2025-02-05 19:00:00+00:00,Atlanta,Hawks,1610612737,San Antonio,Spurs,1610612759,125,126,1610612759,Regular Season,17191.0,,,251,1
22400716,2025-02-04 22:00:00+00:00,Portland,Trail Blazers,1610612757,Indiana,Pacers,1610612754,112,89,1610612757,Regular Season,16005.0,,,201,23
22400715,2025-02-04 22:00:00+00:00,Los Angeles,Clippers,1610612746,Los Angeles,Lakers,1610612747,97,122,1610612747,Regular Season,17927.0,,,219,25
22400714,2025-02-04 20:00:00+00:00,Chicago,Bulls,1610612741,Miami,Heat,1610612748,133,124,1610612741,Regular Season,19389.0,,,257,9
22400711,2025-02-04 19:30:00+00:00,Brooklyn,Nets,1610612751,Houston,Rockets,1610612745,99,97,1610612751,Regular Season,16564.0,,,196,2
22400713,2025-02-04 19:30:00+00:00,Toronto,Raptors,1610612761,New York,Knicks,1610612752,115,121,1610612752,Regular Season,17398.0,,,236,6
22400710,2025-02-04 19:30:00+00:00,Cleveland,Cavaliers,1610612739,Boston,Celtics,1610612738,105,112,1610612738,Regular Season,19432.0,,,217,7
22400712,2025-02-04 19:00:00+00:00,Philadelphia,76ers,1610612755,Dallas,Mavericks,1610612742,118,116,1610612755,Regular Season,19756.0,,,234,2
22400709,2025-02-03 22:00:00+00:00,Portland,Trail Blazers,1610612757,Phoenix,Suns,1610612756,121,119,1610612757,Regular Season,16205.0,,,240,2
22400708,2025-02-03 22:00:00+00:00,Golden State,Warriors,1610612744,Orlando,Magic,1610612753,104,99,1610612744,Regular Season,18064.0,,,203,5
22400707,2025-02-03 21:00:00+00:00,Utah,Jazz,1610612762,Indiana,Pacers,1610612754,111,112,1610612754,Regular Season,18175.0,,,223,1
22400706,2025-02-03 21:00:00+00:00,Denver,Nuggets,1610612743,New Orleans,Pelicans,1610612740,125,113,1610612743,Regular Season,19587.0,,,238,12
22400704,2025-02-03 20:00:00+00:00,Minnesota,Timberwolves,1610612750,Sacramento,Kings,1610612758,114,116,1610612758,Regular Season,18978.0,,,230,2
22400703,2025-02-03 20:00:00+00:00,Memphis,Grizzlies,1610612763,San Antonio,Spurs,1610612759,128,109,1610612763,Regular Season,16575.0,,,237,19
22400705,2025-02-03 20:00:00+00:00,Oklahoma City,Thunder,1610612760,Milwaukee,Bucks,1610612749,125,96,1610612760,Regular Season,17677.0,,,221,29
22400702,2025-02-03 19:30:00+00:00,New York,Knicks,1610612752,Houston,Rockets,1610612745,124,118,1610612752,Regular Season,19812.0,,,242,6
22400701,2025-02-03 19:00:00+00:00,Detroit,Pistons,1610612765,Atlanta,Hawks,1610612737,130,132,1610612737,Regular Season,15988.0,,,262,2
22400700,2025-02-03 19:00:00+00:00,Charlotte,Hornets,1610612766,Washington,Wizards,1610612764,114,124,1610612764,Regular Season,14129.0,,,238,10
22400699,2025-02-02 20:30:00+00:00,Milwaukee,Bucks,1610612749,Memphis,Grizzlies,1610612763,119,132,1610612763,Regular Season,17341.0,,,251,13
22400698,2025-02-02 18:00:00+00:00,Philadelphia,76ers,1610612755,Boston,Celtics,1610612738,110,118,1610612738,Regular Season,19766.0,,,228,8
22400696,2025-02-02 15:30:00+00:00,Cleveland,Cavaliers,1610612739,Dallas,Mavericks,1610612742,144,101,1610612739,Regular Season,19432.0,,,245,43
22400697,2025-02-02 15:30:00+00:00,Toronto,Raptors,1610612761,Los Angeles,Clippers,1610612746,115,108,1610612761,Regular Season,18874.0,,,223,7
22400695,2025-02-02 15:00:00+00:00,Detroit,Pistons,1610612765,Chicago,Bulls,1610612741,127,119,1610612765,Regular Season,20062.0,,,246,8
22400694,2025-02-01 22:00:00+00:00,Portland,Trail Blazers,1610612757,Phoenix,Suns,1610612756,127,108,1610612757,Regular Season,17421.0,,,235,19
22400693,2025-02-01 20:30:00+00:00,San Antonio,Spurs,1610612759,Miami,Heat,1610612748,103,105,1610612748,Regular Season,18354.0,,,208,2
22400692,2025-02-01 20:30:00+00:00,New York,Knicks,1610612752,Los Angeles,Lakers,1610612747,112,128,1610612747,Regular Season,19812.0,,,240,16
22400690,2025-02-01 20:00:00+00:00,Minnesota,Timberwolves,1610612750,Washington,Wizards,1610612764,103,105,1610612764,Regular Season,18978.0,,,208,2
22400691,2025-02-01 20:00:00+00:00,Oklahoma City,Thunder,1610612760,Sacramento,Kings,1610612758,144,110,1610612760,Regular Season,18203.0,,,254,34
22400689,2025-02-01 20:00:00+00:00,Houston,Rockets,1610612745,Brooklyn,Nets,1610612751,98,110,1610612751,Regular Season,18055.0,,,208,12
22400688,2025-02-01 19:00:00+00:00,Charlotte,Hornets,1610612766,Denver,Nuggets,1610612743,104,107,1610612743,Regular Season,19106.0,,,211,3
22400687,2025-02-01 17:00:00+00:00,Utah,Jazz,1610612762,Orlando,Magic,1610612753,113,99,1610612762,Regular Season,18175.0,,,212,14
22400686,2025-02-01 17:00:00+00:00,Indiana,Pacers,1610612754,Atlanta,Hawks,1610612737,132,127,1610612754,Regular Season,17274.0,,,259,5
22400685,2025-01-31 22:00:00+00:00,Golden State,Warriors,1610612744,Phoenix,Suns,1610612756,105,130,1610612756,Regular Season,18064.0,,,235,25
22400684,2025-01-31 20:00:00+00:00,San Antonio,Spurs,1610612759,Milwaukee,Bucks,1610612749,144,118,1610612759,Regular Season,17804.0,,,262,26
22400683,2025-01-31 20:00:00+00:00,New Orleans,Pelicans,1610612740,Boston,Celtics,1610612738,116,118,1610612738,Regular Season,16432.0,,,234,2
22400681,2025-01-31 19:30:00+00:00,Philadelphia,76ers,1610612755,Denver,Nuggets,1610612743,134,137,1610612743,Regular Season,19764.0,,,271,3
22400682,2025-01-31 19:30:00+00:00,Toronto,Raptors,1610612761,Chicago,Bulls,1610612741,106,122,1610612741,Regular Season,19365.0,,,228,16
22400679,2025-01-31 19:00:00+00:00,Charlotte,Hornets,1610612766,Los Angeles,Clippers,1610612746,104,112,1610612746,Regular Season,15342.0,,,216,8
22400680,2025-01-31 19:00:00+00:00,Detroit,Pistons,1610612765,Dallas,Mavericks,1610612742,117,102,1610612765,Regular Season,20062.0,,,219,15
22400678,2025-01-30 22:00:00+00:00,Portland,Trail Blazers,1610612757,Orlando,Magic,1610612753,119,90,1610612757,Regular Season,16217.0,,,209,29
22400676,2025-01-30 21:30:00+00:00,Memphis,Grizzlies,1610612763,Houston,Rockets,1610612745,120,119,1610612763,Regular Season,16257.0,,,239,1
22400677,2025-01-30 21:00:00+00:00,Utah,Jazz,1610612762,Minnesota,Timberwolves,1610612750,113,138,1610612750,Regular Season,18175.0,,,251,25
22400675,2025-01-30 19:00:00+00:00,Cleveland,Cavaliers,1610612739,Atlanta,Hawks,1610612737,137,115,1610612739,Regular Season,19432.0,,,252,22
22400674,2025-01-30 19:00:00+00:00,Washington,Wizards,1610612764,Los Angeles,Lakers,1610612747,96,134,1610612747,Regular Season,17491.0,,,230,38
22400673,2025-01-29 22:00:00+00:00,Golden State,Warriors,1610612744,Oklahoma City,Thunder,1610612760,116,109,1610612744,Regular Season,18064.0,,,225,7
22400672,2025-01-29 21:00:00+00:00,Phoenix,Suns,1610612756,Minnesota,Timberwolves,1610612750,113,121,1610612750,Regular Season,17071.0,,,234,8
22400671,2025-01-29 20:00:00+00:00,San Antonio,Spurs,1610612759,Los Angeles,Clippers,1610612746,116,128,1610612746,Regular Season,18354.0,,,244,12
22400670,2025-01-29 20:00:00+00:00,New Orleans,Pelicans,1610612740,Dallas,Mavericks,1610612742,136,137,1610612742,Regular Season,15656.0,,,273,1
22400666,2025-01-29 19:30:00+00:00,Boston,Celtics,1610612738,Chicago,Bulls,1610612741,122,100,1610612738,Regular Season,19156.0,,,222,22
22400669,2025-01-29 19:30:00+00:00,Philadelphia,76ers,1610612755,Sacramento,Kings,1610612758,117,104,1610612755,Regular Season,19770.0,,,221,13
22400667,2025-01-29 19:30:00+00:00,Miami,Heat,1610612748,Cleveland,Cavaliers,1610612739,106,126,1610612739,Regular Season,19600.0,,,232,20
22400668,2025-01-29 19:30:00+00:00,New York,Knicks,1610612752,Denver,Nuggets,1610612743,122,112,1610612752,Regular Season,19812.0,,,234,10
22400665,2025-01-29 19:00:00+00:00,Washington,Wizards,1610612764,Toronto,Raptors,1610612761,82,106,1610612761,Regular Season,13713.0,,,188,24
22400663,2025-01-29 19:00:00+00:00,Charlotte,Hornets,1610612766,Brooklyn,Nets,1610612751,83,104,1610612751,Regular Season,14307.0,,,187,21
22400664,2025-01-29 19:00:00+00:00,Indiana,Pacers,1610612754,Detroit,Pistons,1610612765,133,119,1610612754,Regular Season,16275.0,,,252,14
22400661,2025-01-28 22:00:00+00:00,Golden State,Warriors,1610612744,Utah,Jazz,1610612762,114,103,1610612744,Regular Season,18064.0,,,217,11
22400662,2025-01-28 22:00:00+00:00,Portland,Trail Blazers,1610612757,Milwaukee,Bucks,1610612749,125,112,1610612757,Regular Season,17030.0,,,237,13
22400660,2025-01-28 19:30:00+00:00,Philadelphia,76ers,1610612755,Los Angeles,Lakers,1610612747,118,104,1610612755,Regular Season,19775.0,,,222,14
22400659,2025-01-27 21:30:00+00:00,Phoenix,Suns,1610612756,Los Angeles,Clippers,1610612746,111,109,1610612756,Regular Season,17071.0,,,220,2
22400658,2025-01-27 21:00:00+00:00,Utah,Jazz,1610612762,Milwaukee,Bucks,1610612749,110,125,1610612749,Regular Season,18175.0,,,235,15
22400657,2025-01-27 20:30:00+00:00,Dallas,Mavericks,1610612742,Washington,Wizards,1610612764,130,108,1610612742,Regular Season,20031.0,,,238,22
22400656,2025-01-27 20:00:00+00:00,Minnesota,Timberwolves,1610612750,Atlanta,Hawks,1610612737,100,92,1610612750,Regular Season,18978.0,,,192,8
22400655,2025-01-27 20:00:00+00:00,Chicago,Bulls,1610612741,Denver,Nuggets,1610612743,129,121,1610612741,Regular Season,19661.0,,,250,8
22400651,2025-01-27 19:30:00+00:00,Brooklyn,Nets,1610612751,Sacramento,Kings,1610612758,96,110,1610612758,Regular Season,16093.0,,,206,14
22400652,2025-01-27 19:30:00+00:00,Miami,Heat,1610612748,Orlando,Magic,1610612753,125,119,1610612748,Regular Season,19600.0,,,244,6
22400654,2025-01-27 19:30:00+00:00,Toronto,Raptors,1610612761,New Orleans,Pelicans,1610612740,113,104,1610612761,Regular Season,18054.0,,,217,9
22400653,2025-01-27 19:30:00+00:00,New York,Knicks,1610612752,Memphis,Grizzlies,1610612763,143,106,1610612752,Regular Season,19812.0,,,249,37
22400650,2025-01-27 19:30:00+00:00,Boston,Celtics,1610612738,Houston,Rockets,1610612745,112,114,1610612745,Regular Season,19156.0,,,226,2
22400648,2025-01-27 19:00:00+00:00,Charlotte,Hornets,1610612766,Los Angeles,Lakers,1610612747,107,112,1610612747,Regular Season,19483.0,,,219,5
22400649,2025-01-27 19:00:00+00:00,Cleveland,Cavaliers,1610612739,Detroit,Pistons,1610612765,110,91,1610612739,Regular Season,19432.0,,,201,19
22400647,2025-01-26 18:00:00+00:00,Portland,Trail Blazers,1610612757,Oklahoma City,Thunder,1610612760,108,118,1610612760,Regular Season,17619.0,,,226,10
22400646,2025-01-25 22:30:00+00:00,Los Angeles,Clippers,1610612746,Milwaukee,Bucks,1610612749,127,117,1610612746,Regular Season,17927.0,,,244,10
22400645,2025-01-25 21:00:00+00:00,Phoenix,Suns,1610612756,Washington,Wizards,1610612764,119,109,1610612756,Regular Season,17071.0,,,228,10
22400644,2025-01-25 20:30:00+00:00,Golden State,Warriors,1610612744,Los Angeles,Lakers,1610612747,108,118,1610612747,Regular Season,18064.0,,,226,10
22400643,2025-01-25 20:00:00+00:00,Memphis,Grizzlies,1610612763,Utah,Jazz,1610612762,125,103,1610612763,Regular Season,17011.0,,,228,22
22400642,2025-01-25 20:00:00+00:00,Chicago,Bulls,1610612741,Philadelphia,76ers,1610612755,97,109,1610612755,Regular Season,20153.0,,,206,12
22400640,2025-01-25 19:30:00+00:00,Cleveland,Cavaliers,1610612739,Houston,Rockets,1610612745,131,135,1610612745,Regular Season,19432.0,,,266,4
22400639,2025-01-25 19:30:00+00:00,Atlanta,Hawks,1610612737,Toronto,Raptors,1610612761,94,117,1610612761,Regular Season,17868.0,,,211,23
22400641,2025-01-25 19:30:00+00:00,New York,Knicks,1610612752,Sacramento,Kings,1610612758,143,120,1610612752,Regular Season,19812.0,,,263,23
22400637,2025-01-25 19:00:00+00:00,Charlotte,Hornets,1610612766,New Orleans,Pelicans,1610612740,123,92,1610612766,Regular Season,18461.0,,,215,31
22400638,2025-01-25 19:00:00+00:00,Orlando,Magic,1610612753,Detroit,Pistons,1610612765,121,113,1610612753,Regular Season,19489.0,,,234,8
22400636,2025-01-25 18:00:00+00:00,Brooklyn,Nets,1610612751,Miami,Heat,1610612748,97,106,1610612748,Regular Season,17962.0,,,203,9
22400635,2025-01-25 17:30:00+00:00,Dallas,Mavericks,1610612742,Boston,Celtics,1610612738,107,122,1610612738,Regular Season,20421.0,,,229,15
22400634,2025-01-25 15:00:00+00:00,Minnesota,Timberwolves,1610612750,Denver,Nuggets,1610612743,133,104,1610612750,Regular Season,18978.0,,,237,29
22400633,2025-01-25 12:00:00+00:00,San Antonio,Spurs,1610612759,Indiana,Pacers,1610612754,98,136,1610612754,Regular Season,15979.0,,,234,38
22400632,2025-01-24 20:00:00+00:00,Memphis,Grizzlies,1610612763,New Orleans,Pelicans,1610612740,139,126,1610612763,Regular Season,16495.0,,,265,13
22400631,2025-01-24 19:00:00+00:00,Philadelphia,76ers,1610612755,Cleveland,Cavaliers,1610612739,132,129,1610612755,Regular Season,19760.0,,,261,3
22400630,2025-01-24 19:00:00+00:00,Charlotte,Hornets,1610612766,Portland,Trail Blazers,1610612757,97,102,1610612757,Regular Season,16228.0,,,199,5
22400983,2025-01-23 22:30:00+00:00,Los Angeles,Clippers,1610612746,Washington,Wizards,1610612764,110,93,1610612746,Regular Season,13771.0,,,203,17
22400628,2025-01-23 22:00:00+00:00,Golden State,Warriors,1610612744,Chicago,Bulls,1610612741,131,106,1610612744,Regular Season,18064.0,,,237,25
22400629,2025-01-23 22:00:00+00:00,Los Angeles,Lakers,1610612747,Boston,Celtics,1610612738,117,96,1610612747,Regular Season,18997.0,,,213,21
22400626,2025-01-23 21:00:00+00:00,Denver,Nuggets,1610612743,Sacramento,Kings,1610612758,132,123,1610612743,Regular Season,19676.0,,,255,9
22400624,2025-01-23 20:30:00+00:00,Milwaukee,Bucks,1610612749,Miami,Heat,1610612748,125,96,1610612749,Regular Season,17341.0,,,221,29
22400625,2025-01-23 20:00:00+00:00,Oklahoma City,Thunder,1610612760,Dallas,Mavericks,1610612742,115,121,1610612742,Regular Season,18203.0,,,236,6
22400623,2025-01-23 19:30:00+00:00,Atlanta,Hawks,1610612737,Toronto,Raptors,1610612761,119,122,1610612761,Regular Season,14662.0,,,241,3
22400622,2025-01-23 19:00:00+00:00,Orlando,Magic,1610612753,Portland,Trail Blazers,1610612757,79,101,1610612757,Regular Season,19422.0,,,180,22
22400621,2025-01-23 14:00:00+00:00,Indiana,Pacers,1610612754,San Antonio,Spurs,1610612759,110,140,1610612759,Regular Season,15935.0,,,250,30
22400620,2025-01-22 22:30:00+00:00,Los Angeles,Clippers,1610612746,Boston,Celtics,1610612738,113,117,1610612738,Regular Season,15342.0,,,230,4
22400619,2025-01-22 22:00:00+00:00,Sacramento,Kings,1610612758,Golden State,Warriors,1610612744,123,117,1610612758,Regular Season,17832.0,,,240,6
22400616,2025-01-22 20:00:00+00:00,Memphis,Grizzlies,1610612763,Charlotte,Hornets,1610612766,132,120,1610612763,Regular Season,15971.0,,,252,12
22400618,2025-01-22 20:00:00+00:00,Oklahoma City,Thunder,1610612760,Utah,Jazz,1610612762,123,114,1610612760,Regular Season,17509.0,,,237,9
22400615,2025-01-22 20:00:00+00:00,Houston,Rockets,1610612745,Cleveland,Cavaliers,1610612739,109,108,1610612745,Regular Season,16719.0,,,217,1
22400612,2025-01-22 19:30:00+00:00,Atlanta,Hawks,1610612737,Detroit,Pistons,1610612765,104,114,1610612765,Regular Season,13983.0,,,218,10
22400614,2025-01-22 19:30:00+00:00,Dallas,Mavericks,1610612742,Minnesota,Timberwolves,1610612750,114,115,1610612750,Regular Season,20025.0,,,229,1
22400613,2025-01-22 19:30:00+00:00,Brooklyn,Nets,1610612751,Phoenix,Suns,1610612756,84,108,1610612756,Regular Season,17077.0,,,192,24
22400610,2025-01-21 22:30:00+00:00,Los Angeles,Lakers,1610612747,Washington,Wizards,1610612764,111,88,1610612747,Regular Season,18672.0,,,199,23
22400609,2025-01-21 22:00:00+00:00,Denver,Nuggets,1610612743,Philadelphia,76ers,1610612755,144,109,1610612743,Regular Season,19521.0,,,253,35
22400608,2025-01-21 19:30:00+00:00,Toronto,Raptors,1610612761,Orlando,Magic,1610612753,109,93,1610612761,Regular Season,18284.0,,,202,16
22400607,2025-01-21 19:30:00+00:00,Miami,Heat,1610612748,Portland,Trail Blazers,1610612757,107,116,1610612757,Regular Season,19600.0,,,223,9
22400606,2025-01-21 19:30:00+00:00,Brooklyn,Nets,1610612751,New York,Knicks,1610612752,95,99,1610612752,Regular Season,17926.0,,,194,4
22400611,2025-01-20 22:30:00+00:00,Los Angeles,Clippers,1610612746,Chicago,Bulls,1610612741,99,112,1610612741,Regular Season,15293.0,,,211,13
22400605,2025-01-20 20:00:00+00:00,New Orleans,Pelicans,1610612740,Utah,Jazz,1610612762,123,119,1610612740,Regular Season,14830.0,,,242,4
22400604,2025-01-20 17:00:00+00:00,Golden State,Warriors,1610612744,Boston,Celtics,1610612738,85,125,1610612738,Regular Season,18064.0,,,210,40
22400603,2025-01-20 15:30:00+00:00,Cleveland,Cavaliers,1610612739,Phoenix,Suns,1610612756,118,92,1610612739,Regular Season,19432.0,,,210,26
22400602,2025-01-20 15:00:00+00:00,New York,Knicks,1610612752,Atlanta,Hawks,1610612737,119,110,1610612752,Regular Season,19812.0,,,229,9
22400601,2025-01-20 14:30:00+00:00,Memphis,Grizzlies,1610612763,Minnesota,Timberwolves,1610612750,108,106,1610612763,Regular Season,17794.0,,,214,2
22400600,2025-01-20 14:00:00+00:00,Houston,Rockets,1610612745,Detroit,Pistons,1610612765,96,107,1610612765,Regular Season,18055.0,,,203,11
22400599,2025-01-20 12:00:00+00:00,Charlotte,Hornets,1610612766,Dallas,Mavericks,1610612742,110,105,1610612766,Regular Season,19314.0,,,215,5
22400596,2025-01-19 21:00:00+00:00,Los Angeles,Clippers,1610612746,Los Angeles,Lakers,1610612747,116,102,1610612746,Regular Season,17927.0,,,218,14
22400597,2025-01-19 21:00:00+00:00,Portland,Trail Blazers,1610612757,Chicago,Bulls,1610612741,113,102,1610612757,Regular Season,16976.0,,,215,11
22400598,2025-01-19 21:00:00+00:00,Sacramento,Kings,1610612758,Washington,Wizards,1610612764,123,100,1610612758,Regular Season,17832.0,,,223,23
22400595,2025-01-19 19:00:00+00:00,Oklahoma City,Thunder,1610612760,Brooklyn,Nets,1610612751,127,101,1610612760,Regular Season,18203.0,,,228,26
22400594,2025-01-19 19:00:00+00:00,Milwaukee,Bucks,1610612749,Philadelphia,76ers,1610612755,123,109,1610612749,Regular Season,17345.0,,,232,14
22400593,2025-01-19 18:00:00+00:00,Orlando,Magic,1610612753,Denver,Nuggets,1610612743,100,113,1610612743,Regular Season,18846.0,,,213,13
22400592,2025-01-19 15:00:00+00:00,Miami,Heat,1610612748,San Antonio,Spurs,1610612759,128,107,1610612748,Regular Season,19828.0,,,235,21
22400591,2025-01-18 22:00:00+00:00,Portland,Trail Blazers,1610612757,Houston,Rockets,1610612745,103,125,1610612745,Regular Season,17077.0,,,228,22
22400590,2025-01-18 21:00:00+00:00,Minnesota,Timberwolves,1610612750,Cleveland,Cavaliers,1610612739,117,124,1610612739,Regular Season,18978.0,,,241,7
22400589,2025-01-18 20:30:00+00:00,Golden State,Warriors,1610612744,Washington,Wizards,1610612764,122,114,1610612744,Regular Season,18064.0,,,236,8
22400588,2025-01-18 19:00:00+00:00,Indiana,Pacers,1610612754,Philadelphia,76ers,1610612755,115,102,1610612754,Regular Season,17274.0,,,217,13
22400587,2025-01-18 19:00:00+00:00,Boston,Celtics,1610612738,Atlanta,Hawks,1610612737,115,119,1610612737,Regular Season,19156.0,,,234,4
22400586,2025-01-18 16:00:00+00:00,Detroit,Pistons,1610612765,Phoenix,Suns,1610612756,121,125,1610612756,Regular Season,20062.0,,,246,4
22400585,2025-01-17 22:30:00+00:00,Los Angeles,Lakers,1610612747,Brooklyn,Nets,1610612751,102,101,1610612747,Regular Season,18473.0,,,203,1
22400582,2025-01-17 21:30:00+00:00,San Antonio,Spurs,1610612759,Memphis,Grizzlies,1610612763,112,140,1610612763,Regular Season,18354.0,,,252,28
22400583,2025-01-17 20:30:00+00:00,Dallas,Mavericks,1610612742,Oklahoma City,Thunder,1610612760,106,98,1610612742,Regular Season,20311.0,,,204,8
22400584,2025-01-17 20:00:00+00:00,Chicago,Bulls,1610612741,Charlotte,Hornets,1610612766,123,125,1610612766,Regular Season,20598.0,,,248,2
22400579,2025-01-17 20:00:00+00:00,Miami,Heat,1610612748,Denver,Nuggets,1610612743,113,133,1610612743,Regular Season,19828.0,,,246,20
22400580,2025-01-17 20:00:00+00:00,Milwaukee,Bucks,1610612749,Toronto,Raptors,1610612761,130,112,1610612749,Regular Season,17341.0,,,242,18
22400581,2025-01-17 20:00:00+00:00,New Orleans,Pelicans,1610612740,Utah,Jazz,1610612762,136,123,1610612740,Regular Season,18321.0,,,259,13
22400578,2025-01-17 19:30:00+00:00,New York,Knicks,1610612752,Minnesota,Timberwolves,1610612750,99,116,1610612750,Regular Season,19812.0,,,215,17
22400577,2025-01-17 19:00:00+00:00,Boston,Celtics,1610612738,Orlando,Magic,1610612753,121,94,1610612738,Regular Season,19156.0,,,215,27
22400576,2025-01-16 22:00:00+00:00,Sacramento,Kings,1610612758,Houston,Rockets,1610612745,132,127,1610612758,Regular Season,18227.0,,,259,5
22400575,2025-01-16 22:00:00+00:00,Portland,Trail Blazers,1610612757,Los Angeles,Clippers,1610612746,89,118,1610612746,Regular Season,16374.0,,,207,29
22400574,2025-01-16 19:30:00+00:00,Oklahoma City,Thunder,1610612760,Cleveland,Cavaliers,1610612739,134,114,1610612760,Regular Season,18203.0,,,248,20
22400573,2025-01-16 19:00:00+00:00,Washington,Wizards,1610612764,Phoenix,Suns,1610612756,123,130,1610612756,Regular Season,15792.0,,,253,7
22400572,2025-01-16 19:00:00+00:00,Detroit,Pistons,1610612765,Indiana,Pacers,1610612754,100,111,1610612754,Regular Season,16366.0,,,211,11
22400571,2025-01-15 22:30:00+00:00,Los Angeles,Clippers,1610612746,Brooklyn,Nets,1610612751,126,67,1610612746,Regular Season,13091.0,,,193,59
22400570,2025-01-15 22:00:00+00:00,Los Angeles,Lakers,1610612747,Miami,Heat,1610612748,117,108,1610612747,Regular Season,17005.0,,,225,9
22400565,2025-01-15 21:30:00+00:00,Minnesota,Timberwolves,1610612750,Golden State,Warriors,1610612744,115,116,1610612744,Regular Season,18978.0,,,231,1
22400569,2025-01-15 21:00:00+00:00,Utah,Jazz,1610612762,Charlotte,Hornets,1610612766,112,117,1610612766,Regular Season,18175.0,,,229,5
22400568,2025-01-15 21:00:00+00:00,Denver,Nuggets,1610612743,Houston,Rockets,1610612745,108,128,1610612745,Regular Season,19837.0,,,236,20
22400564,2025-01-15 20:00:00+00:00,Milwaukee,Bucks,1610612749,Orlando,Magic,1610612753,122,93,1610612749,Regular Season,17341.0,,,215,29
22400566,2025-01-15 20:00:00+00:00,New Orleans,Pelicans,1610612740,Dallas,Mavericks,1610612742,119,116,1610612740,Regular Season,16488.0,,,235,3
22400567,2025-01-15 20:00:00+00:00,San Antonio,Spurs,1610612759,Memphis,Grizzlies,1610612763,115,129,1610612763,Regular Season,18354.0,,,244,14
22400563,2025-01-15 20:00:00+00:00,Chicago,Bulls,1610612741,Atlanta,Hawks,1610612737,94,110,1610612737,Regular Season,17692.0,,,204,16
22400562,2025-01-15 19:30:00+00:00,Toronto,Raptors,1610612761,Boston,Celtics,1610612738,110,97,1610612761,Regular Season,18566.0,,,207,13
22400561,2025-01-15 19:00:00+00:00,Philadelphia,76ers,1610612755,New York,Knicks,1610612752,119,125,1610612752,Regular Season,20088.0,,,244,6
22400560,2025-01-14 22:00:00+00:00,Portland,Trail Blazers,1610612757,Brooklyn,Nets,1610612751,114,132,1610612751,Regular Season,16127.0,,,246,18
22400559,2025-01-14 21:30:00+00:00,Dallas,Mavericks,1610612742,Denver,Nuggets,1610612743,99,118,1610612743,Regular Season,19798.0,,,217,19
22400557,2025-01-14 20:00:00+00:00,Chicago,Bulls,1610612741,New Orleans,Pelicans,1610612740,113,119,1610612740,Regular Season,17210.0,,,232,6
22400558,2025-01-14 20:00:00+00:00,Milwaukee,Bucks,1610612749,Sacramento,Kings,1610612758,130,115,1610612749,Regular Season,17341.0,,,245,15
22400556,2025-01-14 19:30:00+00:00,Atlanta,Hawks,1610612737,Phoenix,Suns,1610612756,122,117,1610612737,Regular Season,16221.0,,,239,5
22400555,2025-01-14 19:00:00+00:00,Philadelphia,76ers,1610612755,Oklahoma City,Thunder,1610612760,102,118,1610612760,Regular Season,19771.0,,,220,16
22400554,2025-01-14 19:00:00+00:00,Indiana,Pacers,1610612754,Cleveland,Cavaliers,1610612739,117,127,1610612739,Regular Season,16035.0,,,244,10
22400553,2025-01-13 22:30:00+00:00,Los Angeles,Clippers,1610612746,Miami,Heat,1610612748,109,98,1610612746,Regular Season,13119.0,,,207,11
22400552,2025-01-13 22:30:00+00:00,Los Angeles,Lakers,1610612747,San Antonio,Spurs,1610612759,102,126,1610612759,Regular Season,18737.0,,,228,24
22400551,2025-01-13 20:00:00+00:00,Houston,Rockets,1610612745,Memphis,Grizzlies,1610612763,120,118,1610612745,Regular Season,18055.0,,,238,2
22400550,2025-01-13 19:30:00+00:00,Toronto,Raptors,1610612761,Golden State,Warriors,1610612744,104,101,1610612761,Regular Season,19165.0,,,205,3
22400549,2025-01-13 19:30:00+00:00,New York,Knicks,1610612752,Detroit,Pistons,1610612765,119,124,1610612765,Regular Season,19812.0,,,243,5
22400548,2025-01-13 19:00:00+00:00,Washington,Wizards,1610612764,Minnesota,Timberwolves,1610612750,106,120,1610612750,Regular Season,14386.0,,,226,14
22400547,2025-01-12 21:00:00+00:00,Phoenix,Suns,1610612756,Charlotte,Hornets,1610612766,120,113,1610612756,Regular Season,17071.0,,,233,7
22400546,2025-01-12 20:00:00+00:00,Utah,Jazz,1610612762,Brooklyn,Nets,1610612751,112,111,1610612762,Regular Season,18175.0,,,223,1
22400545,2025-01-12 18:00:00+00:00,Washington,Wizards,1610612764,Oklahoma City,Thunder,1610612760,95,136,1610612760,Regular Season,15711.0,,,231,41
22400544,2025-01-12 18:00:00+00:00,Orlando,Magic,1610612753,Philadelphia,76ers,1610612755,104,99,1610612753,Regular Season,17723.0,,,203,5
22400542,2025-01-12 18:00:00+00:00,Boston,Celtics,1610612738,New Orleans,Pelicans,1610612740,120,119,1610612738,Regular Season,19156.0,,,239,1
22400543,2025-01-12 18:00:00+00:00,Cleveland,Cavaliers,1610612739,Indiana,Pacers,1610612754,93,108,1610612754,Regular Season,19432.0,,,201,15
22400541,2025-01-12 15:30:00+00:00,Chicago,Bulls,1610612741,Sacramento,Kings,1610612758,119,124,1610612758,Regular Season,18233.0,,,243,5
22400539,2025-01-12 15:00:00+00:00,New York,Knicks,1610612752,Milwaukee,Bucks,1610612749,140,106,1610612752,Regular Season,19812.0,,,246,34
22400540,2025-01-12 15:00:00+00:00,Dallas,Mavericks,1610612742,Denver,Nuggets,1610612743,101,112,1610612743,Regular Season,20031.0,,,213,11
22400536,2025-01-11 22:00:00+00:00,Portland,Trail Blazers,1610612757,Miami,Heat,1610612748,98,119,1610612748,Regular Season,17505.0,,,217,21
22400535,2025-01-11 20:00:00+00:00,Minnesota,Timberwolves,1610612750,Memphis,Grizzlies,1610612763,125,127,1610612763,Regular Season,18978.0,,,252,2
22400534,2025-01-11 19:00:00+00:00,Detroit,Pistons,1610612765,Toronto,Raptors,1610612761,123,114,1610612765,Regular Season,19011.0,,,237,9
22400533,2025-01-11 17:00:00+00:00,Phoenix,Suns,1610612756,Utah,Jazz,1610612762,114,106,1610612756,Regular Season,17071.0,,,220,8
22400531,2025-01-10 21:00:00+00:00,Denver,Nuggets,1610612743,Brooklyn,Nets,1610612751,124,105,1610612743,Regular Season,19959.0,,,229,19
22400530,2025-01-10 20:00:00+00:00,Chicago,Bulls,1610612741,Washington,Wizards,1610612764,138,105,1610612741,Regular Season,21391.0,,,243,33
22400529,2025-01-10 19:30:00+00:00,New York,Knicks,1610612752,Oklahoma City,Thunder,1610612760,101,126,1610612760,Regular Season,19812.0,,,227,25
22400528,2025-01-10 19:30:00+00:00,Boston,Celtics,1610612738,Sacramento,Kings,1610612758,97,114,1610612758,Regular Season,19156.0,,,211,17
22400525,2025-01-10 19:00:00+00:00,Indiana,Pacers,1610612754,Golden State,Warriors,1610612744,108,96,1610612754,Regular Season,17274.0,,,204,12
22400527,2025-01-10 19:00:00+00:00,Philadelphia,76ers,1610612755,New Orleans,Pelicans,1610612740,115,123,1610612740,Regular Season,19779.0,,,238,8
22400526,2025-01-10 19:00:00+00:00,Orlando,Magic,1610612753,Milwaukee,Bucks,1610612749,106,109,1610612749,Regular Season,18846.0,,,215,3
22400522,2025-01-09 21:00:00+00:00,Phoenix,Suns,1610612756,Atlanta,Hawks,1610612737,123,115,1610612756,Regular Season,17071.0,,,238,8
22400523,2025-01-09 21:00:00+00:00,Utah,Jazz,1610612762,Miami,Heat,1610612748,92,97,1610612748,Regular Season,18175.0,,,189,5
22400520,2025-01-09 20:00:00+00:00,Memphis,Grizzlies,1610612763,Houston,Rockets,1610612745,115,119,1610612745,Regular Season,16298.0,,,234,4
22400521,2025-01-09 19:30:00+00:00,Dallas,Mavericks,1610612742,Portland,Trail Blazers,1610612757,117,111,1610612742,Regular Season,19241.0,,,228,6
22400517,2025-01-09 19:00:00+00:00,Cleveland,Cavaliers,1610612739,Toronto,Raptors,1610612761,132,126,1610612739,Regular Season,19432.0,,,258,6
22400518,2025-01-09 19:00:00+00:00,Detroit,Pistons,1610612765,Golden State,Warriors,1610612744,104,107,1610612744,Regular Season,20062.0,,,211,3
22400519,2025-01-09 19:00:00+00:00,Orlando,Magic,1610612753,Minnesota,Timberwolves,1610612750,89,104,1610612750,Regular Season,18846.0,,,193,15
22400516,2025-01-08 21:30:00+00:00,Milwaukee,Bucks,1610612749,San Antonio,Spurs,1610612759,121,105,1610612749,Regular Season,17341.0,,,226,16
22400515,2025-01-08 21:00:00+00:00,Denver,Nuggets,1610612743,Los Angeles,Clippers,1610612746,126,103,1610612743,Regular Season,19711.0,,,229,23
22400514,2025-01-08 20:00:00+00:00,New Orleans,Pelicans,1610612740,Portland,Trail Blazers,1610612757,100,119,1610612757,Regular Season,16425.0,,,219,19
22400513,2025-01-08 19:30:00+00:00,Brooklyn,Nets,1610612751,Detroit,Pistons,1610612765,98,113,1610612765,Regular Season,16098.0,,,211,15
22400511,2025-01-08 19:30:00+00:00,New York,Knicks,1610612752,Toronto,Raptors,1610612761,112,98,1610612752,Regular Season,19812.0,,,210,14
22400512,2025-01-08 19:00:00+00:00,Philadelphia,76ers,1610612755,Washington,Wizards,1610612764,109,103,1610612755,Regular Season,19762.0,,,212,6
22400510,2025-01-08 19:00:00+00:00,Indiana,Pacers,1610612754,Chicago,Bulls,1610612741,129,113,1610612754,Regular Season,16758.0,,,242,16
22400509,2025-01-08 19:00:00+00:00,Cleveland,Cavaliers,1610612739,Oklahoma City,Thunder,1610612760,129,122,1610612739,Regular Season,19432.0,,,251,7
22400507,2025-01-07 22:00:00+00:00,Denver,Nuggets,1610612743,Boston,Celtics,1610612738,106,118,1610612738,Regular Season,19904.0,,,224,12
22400508,2025-01-07 22:00:00+00:00,Golden State,Warriors,1610612744,Miami,Heat,1610612748,98,114,1610612748,Regular Season,18064.0,,,212,16
22400506,2025-01-07 21:00:00+00:00,Utah,Jazz,1610612762,Atlanta,Hawks,1610612737,121,124,1610612737,Regular Season,18175.0,,,245,3
22400505,2025-01-07 20:00:00+00:00,New Orleans,Pelicans,1610612740,Minnesota,Timberwolves,1610612750,97,104,1610612750,Regular Season,16282.0,,,201,7
22400504,2025-01-07 19:30:00+00:00,Dallas,Mavericks,1610612742,Los Angeles,Lakers,1610612747,118,97,1610612742,Regular Season,20126.0,,,215,21
22400503,2025-01-07 19:00:00+00:00,Washington,Wizards,1610612764,Houston,Rockets,1610612745,112,135,1610612745,Regular Season,12930.0,,,247,23
22400502,2025-01-07 19:00:00+00:00,Charlotte,Hornets,1610612766,Phoenix,Suns,1610612756,115,104,1610612766,Regular Season,16647.0,,,219,11
22400501,2025-01-06 22:00:00+00:00,Sacramento,Kings,1610612758,Miami,Heat,1610612748,123,118,1610612758,Regular Season,17832.0,,,241,5
22400498,2025-01-06 20:00:00+00:00,Chicago,Bulls,1610612741,San Antonio,Spurs,1610612759,114,110,1610612741,Regular Season,18886.0,,,224,4
22400500,2025-01-06 20:00:00+00:00,Minnesota,Timberwolves,1610612750,Los Angeles,Clippers,1610612746,108,106,1610612750,Regular Season,18978.0,,,214,2
22400499,2025-01-06 20:00:00+00:00,Memphis,Grizzlies,1610612763,Dallas,Mavericks,1610612742,119,104,1610612763,Regular Season,16412.0,,,223,15
22400497,2025-01-06 19:30:00+00:00,Toronto,Raptors,1610612761,Milwaukee,Bucks,1610612749,104,128,1610612749,Regular Season,17829.0,,,232,24
22400495,2025-01-06 19:30:00+00:00,Brooklyn,Nets,1610612751,Indiana,Pacers,1610612754,99,113,1610612754,Regular Season,16088.0,,,212,14
22400496,2025-01-06 19:30:00+00:00,New York,Knicks,1610612752,Orlando,Magic,1610612753,94,103,1610612753,Regular Season,19812.0,,,197,9
22400494,2025-01-06 19:00:00+00:00,Philadelphia,76ers,1610612755,Phoenix,Suns,1610612756,99,109,1610612756,Regular Season,19791.0,,,208,10
22400493,2025-01-06 19:00:00+00:00,Detroit,Pistons,1610612765,Portland,Trail Blazers,1610612757,118,115,1610612765,Regular Season,16002.0,,,233,3
22400492,2025-01-05 20:30:00+00:00,Golden State,Warriors,1610612744,Sacramento,Kings,1610612758,99,129,1610612758,Regular Season,18064.0,,,228,30
22400491,2025-01-05 19:00:00+00:00,Houston,Rockets,1610612745,Los Angeles,Lakers,1610612747,119,115,1610612745,Regular Season,18055.0,,,234,4
22400490,2025-01-05 18:30:00+00:00,Orlando,Magic,1610612753,Utah,Jazz,1610612762,92,105,1610612762,Regular Season,19198.0,,,197,13
22400488,2025-01-05 18:00:00+00:00,Cleveland,Cavaliers,1610612739,Charlotte,Hornets,1610612766,115,105,1610612739,Regular Season,19432.0,,,220,10
22400489,2025-01-05 18:00:00+00:00,Washington,Wizards,1610612764,New Orleans,Pelicans,1610612740,98,110,1610612740,Regular Season,15451.0,,,208,12
22400487,2025-01-05 15:30:00+00:00,Oklahoma City,Thunder,1610612760,Boston,Celtics,1610612738,105,92,1610612760,Regular Season,18203.0,,,197,13
22400486,2025-01-04 22:30:00+00:00,Los Angeles,Clippers,1610612746,Atlanta,Hawks,1610612737,131,105,1610612746,Regular Season,17927.0,,,236,26
22400485,2025-01-04 20:30:00+00:00,Golden State,Warriors,1610612744,Memphis,Grizzlies,1610612763,121,113,1610612744,Regular Season,18064.0,,,234,8
22400483,2025-01-04 20:00:00+00:00,Milwaukee,Bucks,1610612749,Portland,Trail Blazers,1610612757,102,105,1610612757,Regular Season,17595.0,,,207,3
22400484,2025-01-04 20:00:00+00:00,San Antonio,Spurs,1610612759,Denver,Nuggets,1610612743,111,122,1610612743,Regular Season,19038.0,,,233,11
22400481,2025-01-04 20:00:00+00:00,Miami,Heat,1610612748,Utah,Jazz,1610612762,100,136,1610612762,Regular Season,19934.0,,,236,36
22400482,2025-01-04 20:00:00+00:00,Chicago,Bulls,1610612741,New York,Knicks,1610612752,139,126,1610612741,Regular Season,22491.0,,,265,13
22400479,2025-01-04 19:00:00+00:00,Detroit,Pistons,1610612765,Minnesota,Timberwolves,1610612750,119,105,1610612765,Regular Season,20062.0,,,224,14
22400480,2025-01-04 19:00:00+00:00,Indiana,Pacers,1610612754,Phoenix,Suns,1610612756,126,108,1610612754,Regular Season,17274.0,,,234,18
22400478,2025-01-04 18:00:00+00:00,Brooklyn,Nets,1610612751,Philadelphia,76ers,1610612755,94,123,1610612755,Regular Season,17926.0,,,217,29
22400477,2025-01-03 22:30:00+00:00,Los Angeles,Lakers,1610612747,Atlanta,Hawks,1610612737,119,102,1610612747,Regular Season,18997.0,,,221,17
22400476,2025-01-03 22:00:00+00:00,Sacramento,Kings,1610612758,Memphis,Grizzlies,1610612763,138,133,1610612758,Regular Season,16601.0,,,271,5
22400475,2025-01-03 21:00:00+00:00,Denver,Nuggets,1610612743,San Antonio,Spurs,1610612759,110,113,1610612759,Regular Season,19922.0,,,223,3
22400474,2025-01-03 20:30:00+00:00,Dallas,Mavericks,1610612742,Cleveland,Cavaliers,1610612739,122,134,1610612739,Regular Season,20231.0,,,256,12
22400472,2025-01-03 20:00:00+00:00,New Orleans,Pelicans,1610612740,Washington,Wizards,1610612764,132,120,1610612740,Regular Season,17307.0,,,252,12
22400471,2025-01-03 20:00:00+00:00,Houston,Rockets,1610612745,Boston,Celtics,1610612738,86,109,1610612738,Regular Season,18055.0,,,195,23
22400473,2025-01-03 20:00:00+00:00,Oklahoma City,Thunder,1610612760,New York,Knicks,1610612752,117,107,1610612760,Regular Season,18203.0,,,224,10
22400470,2025-01-03 19:30:00+00:00,Toronto,Raptors,1610612761,Orlando,Magic,1610612753,97,106,1610612753,Regular Season,19278.0,,,203,9
22400469,2025-01-03 19:00:00+00:00,Detroit,Pistons,1610612765,Charlotte,Hornets,1610612766,98,94,1610612765,Regular Season,18866.0,,,192,4
22400468,2025-01-02 22:30:00+00:00,Los Angeles,Lakers,1610612747,Portland,Trail Blazers,1610612757,114,106,1610612747,Regular Season,17812.0,,,220,8
22400467,2025-01-02 22:00:00+00:00,Golden State,Warriors,1610612744,Philadelphia,76ers,1610612755,139,105,1610612744,Regular Season,18064.0,,,244,34
22400465,2025-01-02 20:00:00+00:00,Milwaukee,Bucks,1610612749,Brooklyn,Nets,1610612751,110,113,1610612751,Regular Season,17341.0,,,223,3
22400466,2025-01-02 20:00:00+00:00,Oklahoma City,Thunder,1610612760,Los Angeles,Clippers,1610612746,116,98,1610612760,Regular Season,18203.0,,,214,18
22400464,2025-01-02 19:30:00+00:00,Minnesota,Timberwolves,1610612750,Boston,Celtics,1610612738,115,118,1610612738,Regular Season,18978.0,,,233,3
22400463,2025-01-02 19:30:00+00:00,Miami,Heat,1610612748,Indiana,Pacers,1610612754,115,128,1610612754,Regular Season,19959.0,,,243,13
22400462,2025-01-01 22:00:00+00:00,Sacramento,Kings,1610612758,Philadelphia,76ers,1610612755,113,107,1610612758,Regular Season,16024.0,,,220,6
22400461,2025-01-01 21:00:00+00:00,Denver,Nuggets,1610612743,Atlanta,Hawks,1610612737,139,120,1610612743,Regular Season,19902.0,,,259,19
22400460,2025-01-01 20:00:00+00:00,Houston,Rockets,1610612745,Dallas,Mavericks,1610612742,110,99,1610612745,Regular Season,18055.0,,,209,11
22400459,2025-01-01 19:30:00+00:00,Toronto,Raptors,1610612761,Brooklyn,Nets,1610612751,130,113,1610612761,Regular Season,19104.0,,,243,17
22400458,2025-01-01 19:30:00+00:00,New York,Knicks,1610612752,Utah,Jazz,1610612762,119,103,1610612752,Regular Season,19812.0,,,222,16
22400457,2025-01-01 19:30:00+00:00,Miami,Heat,1610612748,New Orleans,Pelicans,1610612740,119,108,1610612748,Regular Season,20013.0,,,227,11
22400455,2025-01-01 19:00:00+00:00,Detroit,Pistons,1610612765,Orlando,Magic,1610612753,105,96,1610612765,Regular Season,19399.0,,,201,9
22400456,2025-01-01 19:00:00+00:00,Washington,Wizards,1610612764,Chicago,Bulls,1610612741,125,107,1610612764,Regular Season,16298.0,,,232,18
22400453,2024-12-31 21:00:00+00:00,Phoenix,Suns,1610612756,Memphis,Grizzlies,1610612763,112,117,1610612763,Regular Season,17071.0,,,229,5
22400454,2024-12-31 21:00:00+00:00,Los Angeles,Lakers,1610612747,Cleveland,Cavaliers,1610612739,110,122,1610612739,Regular Season,18997.0,,,232,12
22400452,2024-12-31 20:00:00+00:00,Oklahoma City,Thunder,1610612760,Minnesota,Timberwolves,1610612750,113,105,1610612760,Regular Season,18203.0,,,218,8
22400451,2024-12-31 19:00:00+00:00,San Antonio,Spurs,1610612759,Los Angeles,Clippers,1610612746,122,86,1610612759,Regular Season,18690.0,,,208,36
22400449,2024-12-31 15:00:00+00:00,Boston,Celtics,1610612738,Toronto,Raptors,1610612761,125,71,1610612738,Regular Season,19156.0,,,196,54
22400450,2024-12-31 15:00:00+00:00,Indiana,Pacers,1610612754,Milwaukee,Bucks,1610612749,112,120,1610612749,Regular Season,17274.0,,,232,8
22400446,2024-12-30 22:00:00+00:00,Golden State,Warriors,1610612744,Cleveland,Cavaliers,1610612739,95,113,1610612739,Regular Season,18064.0,,,208,18
22400447,2024-12-30 22:00:00+00:00,Portland,Trail Blazers,1610612757,Philadelphia,76ers,1610612755,103,125,1610612755,Regular Season,16721.0,,,228,22
22400448,2024-12-30 22:00:00+00:00,Sacramento,Kings,1610612758,Dallas,Mavericks,1610612742,110,100,1610612758,Regular Season,16844.0,,,210,10
22400445,2024-12-30 21:00:00+00:00,Utah,Jazz,1610612762,Denver,Nuggets,1610612743,121,132,1610612743,Regular Season,18175.0,,,253,11
22400444,2024-12-30 20:00:00+00:00,New Orleans,Pelicans,1610612740,Los Angeles,Clippers,1610612746,113,116,1610612746,Regular Season,17303.0,,,229,3
22400442,2024-12-30 19:00:00+00:00,Charlotte,Hornets,1610612766,Chicago,Bulls,1610612741,108,115,1610612741,Regular Season,19197.0,,,223,7
22400443,2024-12-30 19:00:00+00:00,Washington,Wizards,1610612764,New York,Knicks,1610612752,106,126,1610612752,Regular Season,20385.0,,,232,20
22400441,2024-12-29 21:00:00+00:00,Minnesota,Timberwolves,1610612750,San Antonio,Spurs,1610612759,112,110,1610612750,Regular Season,18978.0,,,222,2
22400439,2024-12-29 19:00:00+00:00,Houston,Rockets,1610612745,Miami,Heat,1610612748,100,104,1610612748,Regular Season,18055.0,,,204,4
22400440,2024-12-29 19:00:00+00:00,Oklahoma City,Thunder,1610612760,Memphis,Grizzlies,1610612763,130,106,1610612760,Regular Season,18203.0,,,236,24
22400437,2024-12-29 18:00:00+00:00,Boston,Celtics,1610612738,Indiana,Pacers,1610612754,114,123,1610612754,Regular Season,19156.0,,,237,9
22400438,2024-12-29 18:00:00+00:00,Toronto,Raptors,1610612761,Atlanta,Hawks,1610612737,107,136,1610612737,Regular Season,19359.0,,,243,29
22400436,2024-12-29 15:30:00+00:00,Orlando,Magic,1610612753,Brooklyn,Nets,1610612751,102,101,1610612753,Regular Season,19397.0,,,203,1
22400435,2024-12-28 22:30:00+00:00,Los Angeles,Lakers,1610612747,Sacramento,Kings,1610612758,132,122,1610612747,Regular Season,18997.0,,,254,10
22400434,2024-12-28 22:00:00+00:00,Portland,Trail Blazers,1610612757,Dallas,Mavericks,1610612742,126,122,1610612757,Regular Season,19335.0,,,248,4
22400433,2024-12-28 21:30:00+00:00,Utah,Jazz,1610612762,Philadelphia,76ers,1610612755,111,114,1610612755,Regular Season,18175.0,,,225,3
22400432,2024-12-28 21:00:00+00:00,Denver,Nuggets,1610612743,Detroit,Pistons,1610612765,134,121,1610612743,Regular Season,19876.0,,,255,13
22400431,2024-12-28 20:30:00+00:00,Golden State,Warriors,1610612744,Phoenix,Suns,1610612756,109,105,1610612744,Regular Season,18064.0,,,214,4
22400430,2024-12-28 20:00:00+00:00,Chicago,Bulls,1610612741,Milwaukee,Bucks,1610612749,116,111,1610612741,Regular Season,21511.0,,,227,5
22400429,2024-12-28 19:00:00+00:00,Washington,Wizards,1610612764,New York,Knicks,1610612752,132,136,1610612752,Regular Season,20385.0,,,268,4
22400428,2024-12-28 18:00:00+00:00,Charlotte,Hornets,1610612766,Oklahoma City,Thunder,1610612760,94,106,1610612760,Regular Season,19325.0,,,200,12
22400427,2024-12-28 15:00:00+00:00,Atlanta,Hawks,1610612737,Miami,Heat,1610612748,120,110,1610612737,Regular Season,17856.0,,,230,10
22400426,2024-12-27 22:00:00+00:00,Los Angeles,Clippers,1610612746,Golden State,Warriors,1610612744,102,92,1610612746,Regular Season,17927.0,,,194,10
22400424,2024-12-27 21:00:00+00:00,Denver,Nuggets,1610612743,Cleveland,Cavaliers,1610612739,135,149,1610612739,Regular Season,19952.0,,,284,14
22400425,2024-12-27 21:00:00+00:00,Phoenix,Suns,1610612756,Dallas,Mavericks,1610612742,89,98,1610612742,Regular Season,17071.0,,,187,9
22400423,2024-12-27 20:00:00+00:00,New Orleans,Pelicans,1610612740,Memphis,Grizzlies,1610612763,124,132,1610612763,Regular Season,17328.0,,,256,8
22400422,2024-12-27 20:00:00+00:00,Houston,Rockets,1610612745,Minnesota,Timberwolves,1610612750,112,113,1610612750,Regular Season,18055.0,,,225,1
22400421,2024-12-27 19:30:00+00:00,Brooklyn,Nets,1610612751,San Antonio,Spurs,1610612759,87,96,1610612759,Regular Season,17990.0,,,183,9
22400420,2024-12-27 19:30:00+00:00,Boston,Celtics,1610612738,Indiana,Pacers,1610612754,142,105,1610612738,Regular Season,19156.0,,,247,37
22400419,2024-12-27 19:00:00+00:00,Orlando,Magic,1610612753,New York,Knicks,1610612752,85,108,1610612752,Regular Season,18961.0,,,193,23
22400418,2024-12-26 22:00:00+00:00,Sacramento,Kings,1610612758,Detroit,Pistons,1610612765,113,114,1610612765,Regular Season,17832.0,,,227,1
22400417,2024-12-26 22:00:00+00:00,Portland,Trail Blazers,1610612757,Utah,Jazz,1610612762,122,120,1610612757,Regular Season,16934.0,,,242,2
22400414,2024-12-26 20:00:00+00:00,Memphis,Grizzlies,1610612763,Toronto,Raptors,1610612761,155,126,1610612763,Regular Season,17196.0,,,281,29
22400415,2024-12-26 20:00:00+00:00,Milwaukee,Bucks,1610612749,Brooklyn,Nets,1610612751,105,111,1610612751,Regular Season,17957.0,,,216,6
22400416,2024-12-26 20:00:00+00:00,New Orleans,Pelicans,1610612740,Houston,Rockets,1610612745,111,128,1610612745,Regular Season,16052.0,,,239,17
22400413,2024-12-26 19:30:00+00:00,Atlanta,Hawks,1610612737,Chicago,Bulls,1610612741,141,133,1610612737,Regular Season,17760.0,,,274,8
22400410,2024-12-26 19:00:00+00:00,Indiana,Pacers,1610612754,Oklahoma City,Thunder,1610612760,114,120,1610612760,Regular Season,17274.0,,,234,6
22400412,2024-12-26 19:00:00+00:00,Washington,Wizards,1610612764,Charlotte,Hornets,1610612766,113,110,1610612764,Regular Season,17193.0,,,223,3
22400411,2024-12-26 19:00:00+00:00,Orlando,Magic,1610612753,Miami,Heat,1610612748,88,89,1610612748,Regular Season,18846.0,,,177,1
22400409,2024-12-25 22:30:00+00:00,Phoenix,Suns,1610612756,Denver,Nuggets,1610612743,110,100,1610612756,Regular Season,17071.0,,,210,10
22400408,2024-12-25 20:00:00+00:00,Golden State,Warriors,1610612744,Los Angeles,Lakers,1610612747,113,115,1610612747,Regular Season,18064.0,,,228,2
22400407,2024-12-25 17:00:00+00:00,Boston,Celtics,1610612738,Philadelphia,76ers,1610612755,114,118,1610612755,Regular Season,19156.0,,,232,4
22400406,2024-12-25 14:30:00+00:00,Dallas,Mavericks,1610612742,Minnesota,Timberwolves,1610612750,99,105,1610612750,Regular Season,20341.0,,,204,6
22400405,2024-12-25 12:00:00+00:00,New York,Knicks,1610612752,San Antonio,Spurs,1610612759,117,114,1610612752,Regular Season,19812.0,,,231,3
22400404,2024-12-23 22:30:00+00:00,Los Angeles,Lakers,1610612747,Detroit,Pistons,1610612765,114,117,1610612765,Regular Season,18997.0,,,231,3
22400402,2024-12-23 22:00:00+00:00,Denver,Nuggets,1610612743,Phoenix,Suns,1610612756,117,90,1610612743,Regular Season,19910.0,,,207,27
22400403,2024-12-23 22:00:00+00:00,Golden State,Warriors,1610612744,Indiana,Pacers,1610612754,105,111,1610612754,Regular Season,18064.0,,,216,6
22400401,2024-12-23 20:30:00+00:00,Dallas,Mavericks,1610612742,Portland,Trail Blazers,1610612757,132,108,1610612742,Regular Season,20225.0,,,240,24
22400399,2024-12-23 20:00:00+00:00,Memphis,Grizzlies,1610612763,Los Angeles,Clippers,1610612746,110,114,1610612746,Regular Season,17265.0,,,224,4
22400400,2024-12-23 20:00:00+00:00,Oklahoma City,Thunder,1610612760,Washington,Wizards,1610612764,123,105,1610612760,Regular Season,18203.0,,,228,18
22400398,2024-12-23 20:00:00+00:00,Chicago,Bulls,1610612741,Milwaukee,Bucks,1610612749,91,112,1610612749,Regular Season,21234.0,,,203,21
22400397,2024-12-23 19:30:00+00:00,New York,Knicks,1610612752,Toronto,Raptors,1610612761,139,125,1610612752,Regular Season,19812.0,,,264,14
22400396,2024-12-23 19:30:00+00:00,Miami,Heat,1610612748,Brooklyn,Nets,1610612751,110,95,1610612748,Regular Season,19832.0,,,205,15
22400395,2024-12-23 19:30:00+00:00,Atlanta,Hawks,1610612737,Minnesota,Timberwolves,1610612750,117,104,1610612737,Regular Season,17051.0,,,221,13
22400392,2024-12-23 19:00:00+00:00,Cleveland,Cavaliers,1610612739,Utah,Jazz,1610612762,124,113,1610612739,Regular Season,19432.0,,,237,11
22400394,2024-12-23 19:00:00+00:00,Philadelphia,76ers,1610612755,San Antonio,Spurs,1610612759,111,106,1610612755,Regular Season,19986.0,,,217,5
22400393,2024-12-23 19:00:00+00:00,Orlando,Magic,1610612753,Boston,Celtics,1610612738,108,104,1610612753,Regular Season,18846.0,,,212,4
22400391,2024-12-23 19:00:00+00:00,Charlotte,Hornets,1610612766,Houston,Rockets,1610612745,101,114,1610612745,Regular Season,19134.0,,,215,13
22400390,2024-12-22 19:00:00+00:00,New Orleans,Pelicans,1610612740,Denver,Nuggets,1610612743,129,132,1610612743,Regular Season,17474.0,,,261,3
22400388,2024-12-22 18:00:00+00:00,Toronto,Raptors,1610612761,Houston,Rockets,1610612745,110,114,1610612745,Regular Season,19305.0,,,224,4
22400389,2024-12-22 18:00:00+00:00,Sacramento,Kings,1610612758,Indiana,Pacers,1610612754,95,122,1610612754,Regular Season,17832.0,,,217,27
22400387,2024-12-21 21:00:00+00:00,Phoenix,Suns,1610612756,Detroit,Pistons,1610612765,125,133,1610612765,Regular Season,17071.0,,,258,8
22400385,2024-12-21 20:30:00+00:00,Dallas,Mavericks,1610612742,Los Angeles,Clippers,1610612746,113,97,1610612742,Regular Season,20102.0,,,210,16
22400386,2024-12-21 20:30:00+00:00,San Antonio,Spurs,1610612759,Portland,Trail Blazers,1610612757,114,94,1610612759,Regular Season,18354.0,,,208,20
22400383,2024-12-21 20:00:00+00:00,Minnesota,Timberwolves,1610612750,Golden State,Warriors,1610612744,103,113,1610612744,Regular Season,18978.0,,,216,10
22400382,2024-12-21 20:00:00+00:00,Milwaukee,Bucks,1610612749,Washington,Wizards,1610612764,112,101,1610612749,Regular Season,17341.0,,,213,11
22400384,2024-12-21 20:00:00+00:00,New Orleans,Pelicans,1610612740,New York,Knicks,1610612752,93,104,1610612752,Regular Season,16696.0,,,197,11
22400381,2024-12-21 20:00:00+00:00,Chicago,Bulls,1610612741,Boston,Celtics,1610612738,98,123,1610612738,Regular Season,19803.0,,,221,25
22400380,2024-12-21 20:00:00+00:00,Cleveland,Cavaliers,1610612739,Philadelphia,76ers,1610612755,126,99,1610612739,Regular Season,19432.0,,,225,27
22400378,2024-12-21 19:30:00+00:00,Atlanta,Hawks,1610612737,Memphis,Grizzlies,1610612763,112,128,1610612763,Regular Season,16909.0,,,240,16
22400379,2024-12-21 19:30:00+00:00,Brooklyn,Nets,1610612751,Utah,Jazz,1610612762,94,105,1610612762,Regular Season,17926.0,,,199,11
22400377,2024-12-21 19:00:00+00:00,Orlando,Magic,1610612753,Miami,Heat,1610612748,121,114,1610612753,Regular Season,18080.0,,,235,7
22400376,2024-12-21 18:00:00+00:00,Sacramento,Kings,1610612758,Los Angeles,Lakers,1610612747,99,103,1610612747,Regular Season,17832.0,,,202,4
22400375,2024-12-20 20:00:00+00:00,Miami,Heat,1610612748,Oklahoma City,Thunder,1610612760,97,104,1610612760,Regular Season,19801.0,,,201,7
22400374,2024-12-20 19:30:00+00:00,Cleveland,Cavaliers,1610612739,Milwaukee,Bucks,1610612749,124,101,1610612739,Regular Season,19432.0,,,225,23
22400373,2024-12-20 19:00:00+00:00,Philadelphia,76ers,1610612755,Charlotte,Hornets,1610612766,108,98,1610612755,Regular Season,20291.0,,,206,10
22400372,2024-12-19 22:00:00+00:00,Sacramento,Kings,1610612758,Los Angeles,Lakers,1610612747,100,113,1610612747,Regular Season,17832.0,,,213,13
22400371,2024-12-19 22:00:00+00:00,Portland,Trail Blazers,1610612757,Denver,Nuggets,1610612743,126,124,1610612757,Regular Season,16753.0,,,250,2
22400367,2024-12-19 21:30:00+00:00,Minnesota,Timberwolves,1610612750,New York,Knicks,1610612752,107,133,1610612752,Regular Season,18978.0,,,240,26
22400369,2024-12-19 21:00:00+00:00,Phoenix,Suns,1610612756,Indiana,Pacers,1610612754,111,120,1610612754,Regular Season,17071.0,,,231,9
22400368,2024-12-19 20:30:00+00:00,Dallas,Mavericks,1610612742,Los Angeles,Clippers,1610612746,95,118,1610612746,Regular Season,20044.0,,,213,23
22400366,2024-12-19 20:00:00+00:00,Memphis,Grizzlies,1610612763,Golden State,Warriors,1610612744,144,93,1610612763,Regular Season,17729.0,,,237,51
22400370,2024-12-19 20:00:00+00:00,San Antonio,Spurs,1610612759,Atlanta,Hawks,1610612737,133,126,1610612759,Regular Season,17852.0,,,259,7
22400365,2024-12-19 20:00:00+00:00,Houston,Rockets,1610612745,New Orleans,Pelicans,1610612740,133,113,1610612745,Regular Season,18055.0,,,246,20
22400364,2024-12-19 19:30:00+00:00,Toronto,Raptors,1610612761,Brooklyn,Nets,1610612751,94,101,1610612751,Regular Season,19214.0,,,195,7
22400363,2024-12-19 19:30:00+00:00,Boston,Celtics,1610612738,Chicago,Bulls,1610612741,108,117,1610612741,Regular Season,19156.0,,,225,9
22400361,2024-12-19 19:00:00+00:00,Orlando,Magic,1610612753,Oklahoma City,Thunder,1610612760,99,105,1610612760,Regular Season,18896.0,,,204,6
22400362,2024-12-19 19:00:00+00:00,Washington,Wizards,1610612764,Charlotte,Hornets,1610612766,123,114,1610612764,Regular Season,15256.0,,,237,9
22400360,2024-12-19 19:00:00+00:00,Detroit,Pistons,1610612765,Utah,Jazz,1610612762,119,126,1610612762,Regular Season,18022.0,,,245,7
62400001,2024-12-17 20:30:00+00:00,Oklahoma City,Thunder,1610612760,Milwaukee,Bucks,1610612749,81,97,1610612749,Regular Season,18519.0,,,178,16
22401226,2024-12-16 22:30:00+00:00,Los Angeles,Clippers,1610612746,Utah,Jazz,1610612762,144,107,1610612746,Regular Season,14651.0,,,251,37
22401225,2024-12-16 22:00:00+00:00,Sacramento,Kings,1610612758,Denver,Nuggets,1610612743,129,130,1610612743,Regular Season,16936.0,,,259,1
22401224,2024-12-16 19:30:00+00:00,Brooklyn,Nets,1610612751,Cleveland,Cavaliers,1610612739,101,130,1610612739,Regular Season,16588.0,,,231,29
22401223,2024-12-16 19:30:00+00:00,Toronto,Raptors,1610612761,Chicago,Bulls,1610612741,121,122,1610612741,Regular Season,16324.0,,,243,1
22401222,2024-12-16 19:00:00+00:00,Charlotte,Hornets,1610612766,Philadelphia,76ers,1610612755,108,121,1610612755,Regular Season,14677.0,,,229,13
22401221,2024-12-16 19:00:00+00:00,Detroit,Pistons,1610612765,Miami,Heat,1610612748,125,124,1610612765,Regular Season,17810.0,,,249,1
22401220,2024-12-15 21:30:00+00:00,Los Angeles,Lakers,1610612747,Memphis,Grizzlies,1610612763,116,110,1610612747,Regular Season,15106.0,,,226,6
22401228,2024-12-15 20:30:00+00:00,Golden State,Warriors,1610612744,Dallas,Mavericks,1610612742,133,143,1610612742,Regular Season,18064.0,,,276,10
22401219,2024-12-15 20:00:00+00:00,Phoenix,Suns,1610612756,Portland,Trail Blazers,1610612757,116,109,1610612756,Regular Season,17071.0,,,225,7
22401218,2024-12-15 19:00:00+00:00,San Antonio,Spurs,1610612759,Minnesota,Timberwolves,1610612750,92,106,1610612750,Regular Season,16816.0,,,198,14
22401217,2024-12-15 18:00:00+00:00,Washington,Wizards,1610612764,Boston,Celtics,1610612738,98,112,1610612738,Regular Season,16227.0,,,210,14
22401227,2024-12-15 18:00:00+00:00,Orlando,Magic,1610612753,New York,Knicks,1610612752,91,100,1610612752,Regular Season,17029.0,,,191,9
22401216,2024-12-15 17:00:00+00:00,Indiana,Pacers,1610612754,New Orleans,Pelicans,1610612740,119,104,1610612754,Regular Season,16792.0,,,223,15
22401230,2024-12-14 20:30:00+00:00,Oklahoma City,Thunder,1610612760,Houston,Rockets,1610612745,111,96,1610612760,Regular Season,17937.0,,,207,15
22401229,2024-12-14 16:30:00+00:00,Milwaukee,Bucks,1610612749,Atlanta,Hawks,1610612737,110,102,1610612749,Regular Season,17113.0,,,212,8
22401215,2024-12-13 22:00:00+00:00,Portland,Trail Blazers,1610612757,San Antonio,Spurs,1610612759,116,118,1610612759,Regular Season,17025.0,,,234,2
22401214,2024-12-13 21:30:00+00:00,Utah,Jazz,1610612762,Phoenix,Suns,1610612756,126,134,1610612756,Regular Season,18175.0,,,260,8
22401213,2024-12-13 21:00:00+00:00,Denver,Nuggets,1610612743,Los Angeles,Clippers,1610612746,120,98,1610612743,Regular Season,19779.0,,,218,22
22401212,2024-12-13 20:00:00+00:00,Chicago,Bulls,1610612741,Charlotte,Hornets,1610612766,109,95,1610612741,Regular Season,19543.0,,,204,14
22401210,2024-12-13 20:00:00+00:00,Minnesota,Timberwolves,1610612750,Los Angeles,Lakers,1610612747,97,87,1610612750,Regular Season,18978.0,,,184,10
22401211,2024-12-13 20:00:00+00:00,Memphis,Grizzlies,1610612763,Brooklyn,Nets,1610612751,135,119,1610612763,Regular Season,15983.0,,,254,16
22401209,2024-12-13 19:00:00+00:00,Philadelphia,76ers,1610612755,Indiana,Pacers,1610612754,107,121,1610612754,Regular Season,19771.0,,,228,14
22401208,2024-12-13 19:00:00+00:00,Cleveland,Cavaliers,1610612739,Washington,Wizards,1610612764,115,105,1610612739,Regular Season,19432.0,,,220,10
22401207,2024-12-12 20:00:00+00:00,New Orleans,Pelicans,1610612740,Sacramento,Kings,1610612758,109,111,1610612758,Regular Season,15488.0,,,220,2
22401205,2024-12-12 19:30:00+00:00,Boston,Celtics,1610612738,Detroit,Pistons,1610612765,123,99,1610612738,Regular Season,19156.0,,,222,24
22401206,2024-12-12 19:30:00+00:00,Miami,Heat,1610612748,Toronto,Raptors,1610612761,114,104,1610612748,Regular Season,19600.0,,,218,10
22401204,2024-12-11 21:30:00+00:00,Houston,Rockets,1610612745,Golden State,Warriors,1610612744,91,90,1610612745,Regular Season,18055.0,,,181,1
22401202,2024-12-11 19:00:00+00:00,New York,Knicks,1610612752,Atlanta,Hawks,1610612737,100,108,1610612737,Regular Season,19812.0,,,208,8
22401203,2024-12-10 21:30:00+00:00,Oklahoma City,Thunder,1610612760,Dallas,Mavericks,1610612742,118,104,1610612760,Regular Season,17724.0,,,222,14
22401201,2024-12-10 19:00:00+00:00,Milwaukee,Bucks,1610612749,Orlando,Magic,1610612753,114,109,1610612749,Regular Season,17341.0,,,223,5
22400359,2024-12-09 19:30:00+00:00,Toronto,Raptors,1610612761,New York,Knicks,1610612752,108,113,1610612752,Regular Season,18284.0,,,221,5
22400358,2024-12-08 21:30:00+00:00,Los Angeles,Lakers,1610612747,Portland,Trail Blazers,1610612757,107,98,1610612747,Regular Season,18997.0,,,205,9
22400357,2024-12-08 21:00:00+00:00,Sacramento,Kings,1610612758,Utah,Jazz,1610612762,141,97,1610612758,Regular Season,15706.0,,,238,44
22400356,2024-12-08 21:00:00+00:00,Los Angeles,Clippers,1610612746,Houston,Rockets,1610612745,106,117,1610612745,Regular Season,14782.0,,,223,11
22400355,2024-12-08 20:30:00+00:00,Golden State,Warriors,1610612744,Minnesota,Timberwolves,1610612750,114,106,1610612744,Regular Season,18064.0,,,220,8
22400354,2024-12-08 19:00:00+00:00,San Antonio,Spurs,1610612759,New Orleans,Pelicans,1610612740,121,116,1610612759,Regular Season,16840.0,,,237,5
22400353,2024-12-08 19:00:00+00:00,Washington,Wizards,1610612764,Memphis,Grizzlies,1610612763,112,140,1610612763,Regular Season,15012.0,,,252,28
22400352,2024-12-08 18:30:00+00:00,Orlando,Magic,1610612753,Phoenix,Suns,1610612756,115,110,1610612753,Regular Season,18311.0,,,225,5
22400350,2024-12-08 18:00:00+00:00,Atlanta,Hawks,1610612737,Denver,Nuggets,1610612743,111,141,1610612743,Regular Season,16137.0,,,252,30
22400351,2024-12-08 18:00:00+00:00,Miami,Heat,1610612748,Cleveland,Cavaliers,1610612739,122,113,1610612748,Regular Season,19600.0,,,235,9
22400349,2024-12-08 17:00:00+00:00,Indiana,Pacers,1610612754,Charlotte,Hornets,1610612766,109,113,1610612766,Regular Season,17274.0,,,222,4
22400348,2024-12-08 15:30:00+00:00,Brooklyn,Nets,1610612751,Milwaukee,Bucks,1610612749,113,118,1610612749,Regular Season,17926.0,,,231,5
22400347,2024-12-08 13:00:00+00:00,Chicago,Bulls,1610612741,Philadelphia,76ers,1610612755,100,108,1610612755,Regular Season,18837.0,,,208,8
22400345,2024-12-07 20:00:00+00:00,Boston,Celtics,1610612738,Memphis,Grizzlies,1610612763,121,127,1610612763,Regular Season,19156.0,,,248,6
22400346,2024-12-07 20:00:00+00:00,Miami,Heat,1610612748,Phoenix,Suns,1610612756,121,111,1610612748,Regular Season,19600.0,,,232,10
22400344,2024-12-07 19:30:00+00:00,Toronto,Raptors,1610612761,Dallas,Mavericks,1610612742,118,125,1610612742,Regular Season,19625.0,,,243,7
22400343,2024-12-07 19:30:00+00:00,New York,Knicks,1610612752,Detroit,Pistons,1610612765,111,120,1610612765,Regular Season,19812.0,,,231,9
22400341,2024-12-07 19:00:00+00:00,Washington,Wizards,1610612764,Denver,Nuggets,1610612743,122,113,1610612764,Regular Season,16182.0,,,235,9
22400342,2024-12-07 19:00:00+00:00,New Orleans,Pelicans,1610612740,Oklahoma City,Thunder,1610612760,109,119,1610612760,Regular Season,15718.0,,,228,10
22400340,2024-12-07 13:00:00+00:00,Charlotte,Hornets,1610612766,Cleveland,Cavaliers,1610612739,102,116,1610612739,Regular Season,18832.0,,,218,14
22400339,2024-12-06 22:00:00+00:00,Portland,Trail Blazers,1610612757,Utah,Jazz,1610612762,99,141,1610612762,Regular Season,16446.0,,,240,42
22400338,2024-12-06 22:00:00+00:00,Golden State,Warriors,1610612744,Minnesota,Timberwolves,1610612750,90,107,1610612750,Regular Season,18064.0,,,197,17
22400336,2024-12-06 20:00:00+00:00,Chicago,Bulls,1610612741,Indiana,Pacers,1610612754,123,132,1610612754,Regular Season,19544.0,,,255,9
22400337,2024-12-06 20:00:00+00:00,San Antonio,Spurs,1610612759,Sacramento,Kings,1610612758,113,140,1610612758,Regular Season,16796.0,,,253,27
22400335,2024-12-06 19:30:00+00:00,Boston,Celtics,1610612738,Milwaukee,Bucks,1610612749,111,105,1610612738,Regular Season,19156.0,,,216,6
22400334,2024-12-06 19:30:00+00:00,Atlanta,Hawks,1610612737,Los Angeles,Lakers,1610612747,134,132,1610612737,Regular Season,18040.0,,,266,2
22400333,2024-12-06 19:00:00+00:00,Philadelphia,76ers,1610612755,Orlando,Magic,1610612753,102,94,1610612755,Regular Season,19802.0,,,196,8
22400332,2024-12-05 22:00:00+00:00,Golden State,Warriors,1610612744,Houston,Rockets,1610612745,99,93,1610612744,Regular Season,18064.0,,,192,6
22400329,2024-12-05 20:00:00+00:00,Memphis,Grizzlies,1610612763,Sacramento,Kings,1610612758,115,110,1610612763,Regular Season,15776.0,,,225,5
22400331,2024-12-05 20:00:00+00:00,San Antonio,Spurs,1610612759,Chicago,Bulls,1610612741,124,139,1610612741,Regular Season,17720.0,,,263,15
22400330,2024-12-05 20:00:00+00:00,New Orleans,Pelicans,1610612740,Phoenix,Suns,1610612756,126,124,1610612740,Regular Season,16365.0,,,250,2
22400328,2024-12-05 19:30:00+00:00,Toronto,Raptors,1610612761,Oklahoma City,Thunder,1610612760,92,129,1610612760,Regular Season,18356.0,,,221,37
22400327,2024-12-05 19:30:00+00:00,New York,Knicks,1610612752,Charlotte,Hornets,1610612766,125,101,1610612752,Regular Season,19812.0,,,226,24
22400326,2024-12-05 19:00:00+00:00,Washington,Wizards,1610612764,Dallas,Mavericks,1610612742,101,137,1610612742,Regular Season,15921.0,,,238,36
22400325,2024-12-05 19:00:00+00:00,Cleveland,Cavaliers,1610612739,Denver,Nuggets,1610612743,126,114,1610612739,Regular Season,19432.0,,,240,12
22400324,2024-12-04 22:30:00+00:00,Los Angeles,Clippers,1610612746,Minnesota,Timberwolves,1610612750,80,108,1610612750,Regular Season,15111.0,,,188,28
22400323,2024-12-04 20:00:00+00:00,Milwaukee,Bucks,1610612749,Atlanta,Hawks,1610612737,104,119,1610612737,Regular Season,17341.0,,,223,15
22400322,2024-12-04 19:30:00+00:00,Philadelphia,76ers,1610612755,Orlando,Magic,1610612753,102,106,1610612753,Regular Season,19851.0,,,208,4
22400321,2024-12-04 19:30:00+00:00,Miami,Heat,1610612748,Los Angeles,Lakers,1610612747,134,93,1610612748,Regular Season,19657.0,,,227,41
22400319,2024-12-04 19:30:00+00:00,Boston,Celtics,1610612738,Detroit,Pistons,1610612765,130,120,1610612738,Regular Season,19156.0,,,250,10
22400320,2024-12-04 19:30:00+00:00,Brooklyn,Nets,1610612751,Indiana,Pacers,1610612754,99,90,1610612751,Regular Season,16748.0,,,189,9
22400060,2024-12-03 22:30:00+00:00,Los Angeles,Clippers,1610612746,Portland,Trail Blazers,1610612757,127,105,1610612746,Regular Season,15583.0,,,232,22
22400058,2024-12-03 22:00:00+00:00,Denver,Nuggets,1610612743,Golden State,Warriors,1610612744,119,115,1610612743,Regular Season,19912.0,,,234,4
22400059,2024-12-03 22:00:00+00:00,Sacramento,Kings,1610612758,Houston,Rockets,1610612745,120,111,1610612758,Regular Season,15019.0,,,231,9
22400057,2024-12-03 21:00:00+00:00,Phoenix,Suns,1610612756,San Antonio,Spurs,1610612759,104,93,1610612756,Regular Season,17071.0,,,197,11
22400056,2024-12-03 20:30:00+00:00,Dallas,Mavericks,1610612742,Memphis,Grizzlies,1610612763,121,116,1610612742,Regular Season,20277.0,,,237,5
22400055,2024-12-03 20:00:00+00:00,Oklahoma City,Thunder,1610612760,Utah,Jazz,1610612762,133,106,1610612760,Regular Season,17711.0,,,239,27
22400053,2024-12-03 19:30:00+00:00,New York,Knicks,1610612752,Orlando,Magic,1610612753,121,106,1610612752,Regular Season,19812.0,,,227,15
22400054,2024-12-03 19:30:00+00:00,Toronto,Raptors,1610612761,Indiana,Pacers,1610612754,122,111,1610612761,Regular Season,17741.0,,,233,11
22400051,2024-12-03 19:00:00+00:00,Cleveland,Cavaliers,1610612739,Washington,Wizards,1610612764,118,87,1610612739,Regular Season,19432.0,,,205,31
22400052,2024-12-03 19:00:00+00:00,Detroit,Pistons,1610612765,Milwaukee,Bucks,1610612749,107,128,1610612749,Regular Season,17988.0,,,235,21
22400050,2024-12-03 19:00:00+00:00,Charlotte,Hornets,1610612766,Philadelphia,76ers,1610612755,104,110,1610612755,Regular Season,14956.0,,,214,6
22400318,2024-12-02 20:00:00+00:00,Minnesota,Timberwolves,1610612750,Los Angeles,Lakers,1610612747,109,80,1610612750,Regular Season,18978.0,,,189,29
22400317,2024-12-02 20:00:00+00:00,Chicago,Bulls,1610612741,Brooklyn,Nets,1610612751,128,102,1610612741,Regular Season,19131.0,,,230,26
22400316,2024-12-02 19:30:00+00:00,Boston,Celtics,1610612738,Miami,Heat,1610612748,108,89,1610612738,Regular Season,19156.0,,,197,19
22400315,2024-12-02 19:30:00+00:00,Atlanta,Hawks,1610612737,New Orleans,Pelicans,1610612740,124,112,1610612737,Regular Season,15034.0,,,236,12
22400314,2024-12-01 22:00:00+00:00,Los Angeles,Clippers,1610612746,Denver,Nuggets,1610612743,126,122,1610612746,Regular Season,16182.0,,,248,4
22400313,2024-12-01 21:00:00+00:00,Sacramento,Kings,1610612758,San Antonio,Spurs,1610612759,125,127,1610612759,Regular Season,16014.0,,,252,2
22400312,2024-12-01 21:00:00+00:00,Portland,Trail Blazers,1610612757,Dallas,Mavericks,1610612742,131,137,1610612742,Regular Season,16205.0,,,268,6
22400311,2024-12-01 20:00:00+00:00,Utah,Jazz,1610612762,Los Angeles,Lakers,1610612747,104,105,1610612747,Regular Season,18175.0,,,209,1
22400310,2024-12-01 19:00:00+00:00,Houston,Rockets,1610612745,Oklahoma City,Thunder,1610612760,119,116,1610612745,Regular Season,18055.0,,,235,3
22400307,2024-12-01 18:00:00+00:00,Cleveland,Cavaliers,1610612739,Boston,Celtics,1610612738,115,111,1610612739,Regular Season,19432.0,,,226,4
22400308,2024-12-01 18:00:00+00:00,New York,Knicks,1610612752,New Orleans,Pelicans,1610612740,118,85,1610612752,Regular Season,19812.0,,,203,33
22400309,2024-12-01 18:00:00+00:00,Toronto,Raptors,1610612761,Miami,Heat,1610612748,119,116,1610612761,Regular Season,18153.0,,,235,3
22400305,2024-12-01 15:30:00+00:00,Brooklyn,Nets,1610612751,Orlando,Magic,1610612753,92,100,1610612753,Regular Season,16505.0,,,192,8
22400306,2024-12-01 15:30:00+00:00,Memphis,Grizzlies,1610612763,Indiana,Pacers,1610612754,136,121,1610612763,Regular Season,15901.0,,,257,15
22400304,2024-11-30 21:30:00+00:00,Utah,Jazz,1610612762,Dallas,Mavericks,1610612742,94,106,1610612742,Regular Season,18175.0,,,200,12
22400303,2024-11-30 21:00:00+00:00,Phoenix,Suns,1610612756,Golden State,Warriors,1610612744,113,105,1610612756,Regular Season,17071.0,,,218,8
22400302,2024-11-30 20:00:00+00:00,Milwaukee,Bucks,1610612749,Washington,Wizards,1610612764,124,114,1610612749,Regular Season,17341.0,,,238,10
22400301,2024-11-30 19:00:00+00:00,Detroit,Pistons,1610612765,Philadelphia,76ers,1610612755,96,111,1610612755,Regular Season,22062.0,,,207,15
22400300,2024-11-30 18:00:00+00:00,Charlotte,Hornets,1610612766,Atlanta,Hawks,1610612737,104,107,1610612737,Regular Season,17969.0,,,211,3
22400048,2024-11-29 22:00:00+00:00,Los Angeles,Lakers,1610612747,Oklahoma City,Thunder,1610612760,93,101,1610612760,Regular Season,18997.0,,,194,8
22400049,2024-11-29 22:00:00+00:00,Portland,Trail Blazers,1610612757,Sacramento,Kings,1610612758,115,106,1610612757,Regular Season,17565.0,,,221,9
22400047,2024-11-29 20:00:00+00:00,Chicago,Bulls,1610612741,Boston,Celtics,1610612738,129,138,1610612738,Regular Season,19798.0,,,267,9
22400045,2024-11-29 20:00:00+00:00,Indiana,Pacers,1610612754,Detroit,Pistons,1610612765,106,130,1610612765,Regular Season,17274.0,,,236,24
22400046,2024-11-29 20:00:00+00:00,Miami,Heat,1610612748,Toronto,Raptors,1610612761,121,111,1610612748,Regular Season,19607.0,,,232,10
22400043,2024-11-29 19:30:00+00:00,Brooklyn,Nets,1610612751,Orlando,Magic,1610612753,100,123,1610612753,Regular Season,18143.0,,,223,23
22400044,2024-11-29 19:30:00+00:00,Minnesota,Timberwolves,1610612750,Los Angeles,Clippers,1610612746,93,92,1610612750,Regular Season,18978.0,,,185,1
22400042,2024-11-29 17:00:00+00:00,Memphis,Grizzlies,1610612763,New Orleans,Pelicans,1610612740,120,109,1610612763,Regular Season,17014.0,,,229,11
22400041,2024-11-29 14:30:00+00:00,Atlanta,Hawks,1610612737,Cleveland,Cavaliers,1610612739,117,101,1610612737,Regular Season,17881.0,,,218,16
22400040,2024-11-29 12:00:00+00:00,Charlotte,Hornets,1610612766,New York,Knicks,1610612752,98,99,1610612752,Regular Season,19313.0,,,197,1
22400299,2024-11-27 22:00:00+00:00,Golden State,Warriors,1610612744,Oklahoma City,Thunder,1610612760,101,105,1610612760,Regular Season,18064.0,,,206,4
22400298,2024-11-27 21:00:00+00:00,Utah,Jazz,1610612762,Denver,Nuggets,1610612743,103,122,1610612743,Regular Season,18175.0,,,225,19
22400297,2024-11-27 21:00:00+00:00,Phoenix,Suns,1610612756,Brooklyn,Nets,1610612751,117,127,1610612751,Regular Season,17071.0,,,244,10
22400296,2024-11-27 20:30:00+00:00,San Antonio,Spurs,1610612759,Los Angeles,Lakers,1610612747,101,119,1610612747,Regular Season,19120.0,,,220,18
22400294,2024-11-27 20:00:00+00:00,Minnesota,Timberwolves,1610612750,Sacramento,Kings,1610612758,104,115,1610612758,Regular Season,18978.0,,,219,11
22400293,2024-11-27 20:00:00+00:00,Memphis,Grizzlies,1610612763,Detroit,Pistons,1610612765,131,111,1610612763,Regular Season,16261.0,,,242,20
22400295,2024-11-27 20:00:00+00:00,New Orleans,Pelicans,1610612740,Toronto,Raptors,1610612761,93,119,1610612761,Regular Season,17307.0,,,212,26
22400292,2024-11-27 19:30:00+00:00,Dallas,Mavericks,1610612742,New York,Knicks,1610612752,129,114,1610612742,Regular Season,20413.0,,,243,15
22400290,2024-11-27 19:00:00+00:00,Philadelphia,76ers,1610612755,Houston,Rockets,1610612745,115,122,1610612745,Regular Season,19765.0,,,237,7
22400286,2024-11-27 19:00:00+00:00,Charlotte,Hornets,1610612766,Miami,Heat,1610612748,94,98,1610612748,Regular Season,17710.0,,,192,4
22400291,2024-11-27 19:00:00+00:00,Washington,Wizards,1610612764,Los Angeles,Clippers,1610612746,96,121,1610612746,Regular Season,15066.0,,,217,25
22400287,2024-11-27 19:00:00+00:00,Cleveland,Cavaliers,1610612739,Atlanta,Hawks,1610612737,124,135,1610612737,Regular Season,19432.0,,,259,11
22400289,2024-11-27 19:00:00+00:00,Orlando,Magic,1610612753,Chicago,Bulls,1610612741,133,119,1610612753,Regular Season,18309.0,,,252,14
22400288,2024-11-27 19:00:00+00:00,Indiana,Pacers,1610612754,Portland,Trail Blazers,1610612757,121,114,1610612754,Regular Season,17274.0,,,235,7
22400039,2024-11-26 22:00:00+00:00,Phoenix,Suns,1610612756,Los Angeles,Lakers,1610612747,127,100,1610612756,Regular Season,17071.0,,,227,27
22400038,2024-11-26 21:00:00+00:00,Utah,Jazz,1610612762,San Antonio,Spurs,1610612759,115,128,1610612759,Regular Season,18175.0,,,243,13
22400037,2024-11-26 20:00:00+00:00,Minnesota,Timberwolves,1610612750,Houston,Rockets,1610612745,111,117,1610612745,Regular Season,18978.0,,,228,6
22400036,2024-11-26 19:30:00+00:00,Miami,Heat,1610612748,Milwaukee,Bucks,1610612749,103,106,1610612749,Regular Season,19622.0,,,209,3
22400035,2024-11-26 19:00:00+00:00,Washington,Wizards,1610612764,Chicago,Bulls,1610612741,108,127,1610612741,Regular Season,15921.0,,,235,19
22400284,2024-11-25 22:00:00+00:00,Golden State,Warriors,1610612744,Brooklyn,Nets,1610612751,120,128,1610612751,Regular Season,18064.0,,,248,8
22400285,2024-11-25 22:00:00+00:00,Sacramento,Kings,1610612758,Oklahoma City,Thunder,1610612760,109,130,1610612760,Regular Season,17832.0,,,239,21
22400283,2024-11-25 21:00:00+00:00,Denver,Nuggets,1610612743,New York,Knicks,1610612752,118,145,1610612752,Regular Season,19842.0,,,263,27
22400282,2024-11-25 20:00:00+00:00,Memphis,Grizzlies,1610612763,Portland,Trail Blazers,1610612757,123,98,1610612763,Regular Season,15796.0,,,221,25
22400281,2024-11-25 19:30:00+00:00,Boston,Celtics,1610612738,Los Angeles,Clippers,1610612746,126,94,1610612738,Regular Season,19156.0,,,220,32
22400280,2024-11-25 19:30:00+00:00,Atlanta,Hawks,1610612737,Dallas,Mavericks,1610612742,119,129,1610612742,Regular Season,17186.0,,,248,10
22400277,2024-11-25 19:00:00+00:00,Charlotte,Hornets,1610612766,Orlando,Magic,1610612753,84,95,1610612753,Regular Season,14898.0,,,179,11
22400278,2024-11-25 19:00:00+00:00,Detroit,Pistons,1610612765,Toronto,Raptors,1610612761,102,100,1610612765,Regular Season,18421.0,,,202,2
22400279,2024-11-25 19:00:00+00:00,Indiana,Pacers,1610612754,New Orleans,Pelicans,1610612740,114,110,1610612754,Regular Season,16059.0,,,224,4
22400276,2024-11-24 21:00:00+00:00,Sacramento,Kings,1610612758,Brooklyn,Nets,1610612751,103,108,1610612751,Regular Season,16750.0,,,211,5
22400275,2024-11-24 19:30:00+00:00,Cleveland,Cavaliers,1610612739,Toronto,Raptors,1610612761,122,108,1610612739,Regular Season,19432.0,,,230,14
22400273,2024-11-24 18:00:00+00:00,Miami,Heat,1610612748,Dallas,Mavericks,1610612742,123,118,1610612748,Regular Season,19714.0,,,241,5
22400274,2024-11-24 18:00:00+00:00,Philadelphia,76ers,1610612755,Los Angeles,Clippers,1610612746,99,125,1610612746,Regular Season,19780.0,,,224,26
22400272,2024-11-24 17:00:00+00:00,Indiana,Pacers,1610612754,Washington,Wizards,1610612764,115,103,1610612754,Regular Season,17274.0,,,218,12
22400271,2024-11-24 15:30:00+00:00,Boston,Celtics,1610612738,Minnesota,Timberwolves,1610612750,107,105,1610612738,Regular Season,19156.0,,,212,2
22400270,2024-11-23 22:30:00+00:00,Los Angeles,Lakers,1610612747,Denver,Nuggets,1610612743,102,127,1610612743,Regular Season,18997.0,,,229,25
22400269,2024-11-23 20:30:00+00:00,San Antonio,Spurs,1610612759,Golden State,Warriors,1610612744,104,94,1610612759,Regular Season,18847.0,,,198,10
22400267,2024-11-23 20:00:00+00:00,Houston,Rockets,1610612745,Portland,Trail Blazers,1610612757,98,104,1610612757,Regular Season,16102.0,,,202,6
22400266,2024-11-23 20:00:00+00:00,Chicago,Bulls,1610612741,Memphis,Grizzlies,1610612763,131,142,1610612763,Regular Season,19449.0,,,273,11
22400268,2024-11-23 20:00:00+00:00,Milwaukee,Bucks,1610612749,Charlotte,Hornets,1610612766,125,119,1610612749,Regular Season,17341.0,,,244,6
22400265,2024-11-23 19:00:00+00:00,Orlando,Magic,1610612753,Detroit,Pistons,1610612765,111,100,1610612753,Regular Season,19094.0,,,211,11
22400264,2024-11-23 17:00:00+00:00,Utah,Jazz,1610612762,New York,Knicks,1610612752,121,106,1610612762,Regular Season,18175.0,,,227,15
22400034,2024-11-22 22:30:00+00:00,Los Angeles,Clippers,1610612746,Sacramento,Kings,1610612758,104,88,1610612746,Regular Season,16228.0,,,192,16
22400033,2024-11-22 22:00:00+00:00,Denver,Nuggets,1610612743,Dallas,Mavericks,1610612742,120,123,1610612742,Regular Season,19923.0,,,243,3
22400030,2024-11-22 20:00:00+00:00,Chicago,Bulls,1610612741,Atlanta,Hawks,1610612737,136,122,1610612741,Regular Season,19979.0,,,258,14
22400029,2024-11-22 20:00:00+00:00,Milwaukee,Bucks,1610612749,Indiana,Pacers,1610612754,129,117,1610612749,Regular Season,17341.0,,,246,12
22400031,2024-11-22 20:00:00+00:00,Houston,Rockets,1610612745,Portland,Trail Blazers,1610612757,116,88,1610612745,Regular Season,15546.0,,,204,28
22400032,2024-11-22 19:30:00+00:00,New Orleans,Pelicans,1610612740,Golden State,Warriors,1610612744,108,112,1610612744,Regular Season,16820.0,,,220,4
22400027,2024-11-22 19:00:00+00:00,Philadelphia,76ers,1610612755,Brooklyn,Nets,1610612751,113,98,1610612755,Regular Season,19817.0,,,211,15
22400028,2024-11-22 19:00:00+00:00,Washington,Wizards,1610612764,Boston,Celtics,1610612738,96,108,1610612738,Regular Season,20385.0,,,204,12
22400263,2024-11-21 22:30:00+00:00,Los Angeles,Lakers,1610612747,Orlando,Magic,1610612753,118,119,1610612753,Regular Season,18997.0,,,237,1
22400262,2024-11-21 20:00:00+00:00,San Antonio,Spurs,1610612759,Utah,Jazz,1610612762,126,118,1610612759,Regular Season,17087.0,,,244,8
22400261,2024-11-21 19:30:00+00:00,Toronto,Raptors,1610612761,Minnesota,Timberwolves,1610612750,110,105,1610612761,Regular Season,19296.0,,,215,5
22400260,2024-11-21 19:00:00+00:00,Charlotte,Hornets,1610612766,Detroit,Pistons,1610612765,123,121,1610612766,Regular Season,14671.0,,,244,2
22400259,2024-11-20 22:30:00+00:00,Los Angeles,Clippers,1610612746,Orlando,Magic,1610612753,104,93,1610612746,Regular Season,16563.0,,,197,11
22400257,2024-11-20 22:00:00+00:00,Phoenix,Suns,1610612756,New York,Knicks,1610612752,122,138,1610612752,Regular Season,17071.0,,,260,16
22400258,2024-11-20 22:00:00+00:00,Golden State,Warriors,1610612744,Atlanta,Hawks,1610612737,120,97,1610612744,Regular Season,18064.0,,,217,23
22400254,2024-11-20 20:00:00+00:00,Houston,Rockets,1610612745,Indiana,Pacers,1610612754,130,113,1610612745,Regular Season,16087.0,,,243,17
22400256,2024-11-20 20:00:00+00:00,Oklahoma City,Thunder,1610612760,Portland,Trail Blazers,1610612757,109,99,1610612760,Regular Season,17752.0,,,208,10
22400255,2024-11-20 20:00:00+00:00,Memphis,Grizzlies,1610612763,Philadelphia,76ers,1610612755,117,111,1610612763,Regular Season,15533.0,,,228,6
22400253,2024-11-20 19:30:00+00:00,Milwaukee,Bucks,1610612749,Chicago,Bulls,1610612741,122,106,1610612749,Regular Season,17341.0,,,228,16
22400252,2024-11-20 19:30:00+00:00,Cleveland,Cavaliers,1610612739,New Orleans,Pelicans,1610612740,128,100,1610612739,Regular Season,19432.0,,,228,28
22400026,2024-11-19 22:30:00+00:00,Los Angeles,Lakers,1610612747,Utah,Jazz,1610612762,124,118,1610612747,Regular Season,18997.0,,,242,6
22400025,2024-11-19 21:30:00+00:00,San Antonio,Spurs,1610612759,Oklahoma City,Thunder,1610612760,110,104,1610612759,Regular Season,16667.0,,,214,6
22400024,2024-11-19 20:30:00+00:00,Dallas,Mavericks,1610612742,New Orleans,Pelicans,1610612740,132,91,1610612742,Regular Season,20077.0,,,223,41
22400023,2024-11-19 20:00:00+00:00,Memphis,Grizzlies,1610612763,Denver,Nuggets,1610612743,110,122,1610612743,Regular Season,15377.0,,,232,12
22400022,2024-11-19 19:30:00+00:00,Brooklyn,Nets,1610612751,Charlotte,Hornets,1610612766,116,115,1610612751,Regular Season,18117.0,,,231,1
22400021,2024-11-19 19:00:00+00:00,Boston,Celtics,1610612738,Cleveland,Cavaliers,1610612739,120,117,1610612738,Regular Season,19156.0,,,237,3
22400251,2024-11-18 22:30:00+00:00,Los Angeles,Clippers,1610612746,Golden State,Warriors,1610612744,102,99,1610612746,Regular Season,17927.0,,,201,3
22400250,2024-11-18 22:00:00+00:00,Sacramento,Kings,1610612758,Atlanta,Hawks,1610612737,108,109,1610612737,Regular Season,16333.0,,,217,1
22400249,2024-11-18 21:00:00+00:00,Phoenix,Suns,1610612756,Orlando,Magic,1610612753,99,109,1610612753,Regular Season,17071.0,,,208,10
22400248,2024-11-18 20:00:00+00:00,Milwaukee,Bucks,1610612749,Houston,Rockets,1610612745,101,100,1610612749,Regular Season,17341.0,,,201,1
22400246,2024-11-18 19:30:00+00:00,New York,Knicks,1610612752,Washington,Wizards,1610612764,134,106,1610612752,Regular Season,19812.0,,,240,28
22400245,2024-11-18 19:30:00+00:00,Miami,Heat,1610612748,Philadelphia,76ers,1610612755,106,89,1610612748,Regular Season,19608.0,,,195,17
22400247,2024-11-18 19:30:00+00:00,Toronto,Raptors,1610612761,Indiana,Pacers,1610612754,130,119,1610612761,Regular Season,19025.0,,,249,11
22400244,2024-11-18 19:00:00+00:00,Detroit,Pistons,1610612765,Chicago,Bulls,1610612741,112,122,1610612741,Regular Season,18024.0,,,234,10
22400243,2024-11-17 21:00:00+00:00,Los Angeles,Clippers,1610612746,Utah,Jazz,1610612762,116,105,1610612746,Regular Season,15500.0,,,221,11
22400242,2024-11-17 19:00:00+00:00,Oklahoma City,Thunder,1610612760,Dallas,Mavericks,1610612742,119,121,1610612742,Regular Season,18203.0,,,240,2
22400241,2024-11-17 19:00:00+00:00,Chicago,Bulls,1610612741,Houston,Rockets,1610612745,107,143,1610612745,Regular Season,20667.0,,,250,36
22400240,2024-11-17 19:00:00+00:00,New York,Knicks,1610612752,Brooklyn,Nets,1610612751,114,104,1610612752,Regular Season,19812.0,,,218,10
22400238,2024-11-17 18:00:00+00:00,Memphis,Grizzlies,1610612763,Denver,Nuggets,1610612743,105,90,1610612763,Regular Season,16351.0,,,195,15
22400237,2024-11-17 18:00:00+00:00,Washington,Wizards,1610612764,Detroit,Pistons,1610612765,104,124,1610612765,Regular Season,14789.0,,,228,20
22400239,2024-11-17 18:00:00+00:00,Portland,Trail Blazers,1610612757,Atlanta,Hawks,1610612737,114,110,1610612757,Regular Season,17384.0,,,224,4
22400236,2024-11-17 18:00:00+00:00,Cleveland,Cavaliers,1610612739,Charlotte,Hornets,1610612766,128,114,1610612739,Regular Season,19432.0,,,242,14
22400235,2024-11-17 17:00:00+00:00,Indiana,Pacers,1610612754,Miami,Heat,1610612748,119,110,1610612754,Regular Season,16184.0,,,229,9
22400234,2024-11-17 15:30:00+00:00,Minnesota,Timberwolves,1610612750,Phoenix,Suns,1610612756,120,117,1610612750,Regular Season,18978.0,,,237,3
22400233,2024-11-16 22:00:00+00:00,Sacramento,Kings,1610612758,Utah,Jazz,1610612762,121,117,1610612758,Regular Season,16568.0,,,238,4
22400232,2024-11-16 20:30:00+00:00,Dallas,Mavericks,1610612742,San Antonio,Spurs,1610612759,110,93,1610612742,Regular Season,20311.0,,,203,17
22400230,2024-11-16 20:00:00+00:00,Boston,Celtics,1610612738,Toronto,Raptors,1610612761,126,123,1610612738,Regular Season,19156.0,,,249,3
22400231,2024-11-16 20:00:00+00:00,New Orleans,Pelicans,1610612740,Los Angeles,Lakers,1610612747,99,104,1610612747,Regular Season,18761.0,,,203,5
22400229,2024-11-16 15:00:00+00:00,Charlotte,Hornets,1610612766,Milwaukee,Bucks,1610612749,115,114,1610612766,Regular Season,19145.0,,,229,1
22400019,2024-11-15 22:00:00+00:00,Golden State,Warriors,1610612744,Memphis,Grizzlies,1610612763,123,118,1610612744,Regular Season,18064.0,,,241,5
22400020,2024-11-15 22:00:00+00:00,Sacramento,Kings,1610612758,Minnesota,Timberwolves,1610612750,126,130,1610612750,Regular Season,16478.0,,,256,4
22400016,2024-11-15 20:00:00+00:00,Houston,Rockets,1610612745,Los Angeles,Clippers,1610612746,125,104,1610612745,Regular Season,18055.0,,,229,21
22400017,2024-11-15 20:00:00+00:00,New Orleans,Pelicans,1610612740,Denver,Nuggets,1610612743,101,94,1610612740,Regular Season,16137.0,,,195,7
22400018,2024-11-15 20:00:00+00:00,Oklahoma City,Thunder,1610612760,Phoenix,Suns,1610612756,99,83,1610612760,Regular Season,18203.0,,,182,16
22400012,2024-11-15 19:30:00+00:00,Atlanta,Hawks,1610612737,Washington,Wizards,1610612764,129,117,1610612737,Regular Season,16038.0,,,246,12
22400015,2024-11-15 19:30:00+00:00,San Antonio,Spurs,1610612759,Los Angeles,Lakers,1610612747,115,120,1610612747,Regular Season,18916.0,,,235,5
22400014,2024-11-15 19:30:00+00:00,New York,Knicks,1610612752,Brooklyn,Nets,1610612751,124,122,1610612752,Regular Season,19812.0,,,246,2
22400013,2024-11-15 19:30:00+00:00,Cleveland,Cavaliers,1610612739,Chicago,Bulls,1610612741,144,126,1610612739,Regular Season,19432.0,,,270,18
22400011,2024-11-15 19:00:00+00:00,Toronto,Raptors,1610612761,Detroit,Pistons,1610612765,95,99,1610612765,Regular Season,19245.0,,,194,4
22400010,2024-11-15 19:00:00+00:00,Orlando,Magic,1610612753,Philadelphia,76ers,1610612755,98,86,1610612753,Regular Season,17843.0,,,184,12
22400009,2024-11-15 19:00:00+00:00,Indiana,Pacers,1610612754,Miami,Heat,1610612748,111,124,1610612748,Regular Season,17274.0,,,235,13
22400228,2024-11-14 21:00:00+00:00,Utah,Jazz,1610612762,Dallas,Mavericks,1610612742,115,113,1610612762,Regular Season,18175.0,,,228,2
22400225,2024-11-13 22:00:00+00:00,Los Angeles,Lakers,1610612747,Memphis,Grizzlies,1610612763,128,123,1610612747,Regular Season,18997.0,,,251,5
22400227,2024-11-13 22:00:00+00:00,Sacramento,Kings,1610612758,Phoenix,Suns,1610612756,127,104,1610612758,Regular Season,16204.0,,,231,23
22400226,2024-11-13 22:00:00+00:00,Portland,Trail Blazers,1610612757,Minnesota,Timberwolves,1610612750,106,98,1610612757,Regular Season,17353.0,,,204,8
22400223,2024-11-13 20:00:00+00:00,Milwaukee,Bucks,1610612749,Detroit,Pistons,1610612765,127,120,1610612749,Regular Season,17341.0,,,247,7
22400224,2024-11-13 20:00:00+00:00,San Antonio,Spurs,1610612759,Washington,Wizards,1610612764,139,130,1610612759,Regular Season,16602.0,,,269,9
22400222,2024-11-13 20:00:00+00:00,Houston,Rockets,1610612745,Los Angeles,Clippers,1610612746,111,103,1610612745,Regular Season,16493.0,,,214,8
22400219,2024-11-13 19:30:00+00:00,New York,Knicks,1610612752,Chicago,Bulls,1610612741,123,124,1610612741,Regular Season,19812.0,,,247,1
22400218,2024-11-13 19:30:00+00:00,Brooklyn,Nets,1610612751,Boston,Celtics,1610612738,114,139,1610612738,Regular Season,18112.0,,,253,25
22400221,2024-11-13 19:30:00+00:00,Oklahoma City,Thunder,1610612760,New Orleans,Pelicans,1610612740,106,88,1610612760,Regular Season,17180.0,,,194,18
22400220,2024-11-13 19:30:00+00:00,Philadelphia,76ers,1610612755,Cleveland,Cavaliers,1610612739,106,114,1610612739,Regular Season,19777.0,,,220,8
22400217,2024-11-13 19:00:00+00:00,Orlando,Magic,1610612753,Indiana,Pacers,1610612754,94,90,1610612753,Regular Season,17087.0,,,184,4
22400007,2024-11-12 22:00:00+00:00,Golden State,Warriors,1610612744,Dallas,Mavericks,1610612742,120,117,1610612744,Regular Season,18064.0,,,237,3
22400008,2024-11-12 22:00:00+00:00,Portland,Trail Blazers,1610612757,Minnesota,Timberwolves,1610612750,122,108,1610612757,Regular Season,16880.0,,,230,14
22400006,2024-11-12 21:00:00+00:00,Utah,Jazz,1610612762,Phoenix,Suns,1610612756,112,120,1610612756,Regular Season,18175.0,,,232,8
22400005,2024-11-12 20:00:00+00:00,Milwaukee,Bucks,1610612749,Toronto,Raptors,1610612761,99,85,1610612749,Regular Season,17341.0,,,184,14
22400004,2024-11-12 19:30:00+00:00,Philadelphia,76ers,1610612755,New York,Knicks,1610612752,99,111,1610612752,Regular Season,19758.0,,,210,12
22400003,2024-11-12 19:00:00+00:00,Orlando,Magic,1610612753,Charlotte,Hornets,1610612766,114,89,1610612753,Regular Season,17541.0,,,203,25
22400002,2024-11-12 19:00:00+00:00,Detroit,Pistons,1610612765,Miami,Heat,1610612748,123,121,1610612765,Regular Season,17806.0,,,244,2
22400001,2024-11-12 19:00:00+00:00,Boston,Celtics,1610612738,Atlanta,Hawks,1610612737,116,117,1610612737,Regular Season,19156.0,,,233,1
22400215,2024-11-11 20:00:00+00:00,Oklahoma City,Thunder,1610612760,Los Angeles,Clippers,1610612746,134,128,1610612760,Regular Season,17430.0,,,262,6
22400212,2024-11-11 20:00:00+00:00,Chicago,Bulls,1610612741,Cleveland,Cavaliers,1610612739,113,119,1610612739,Regular Season,20560.0,,,232,6
22400214,2024-11-11 20:00:00+00:00,New Orleans,Pelicans,1610612740,Brooklyn,Nets,1610612751,105,107,1610612751,Regular Season,16895.0,,,212,2
22400216,2024-11-11 20:00:00+00:00,San Antonio,Spurs,1610612759,Sacramento,Kings,1610612758,116,96,1610612759,Regular Season,17163.0,,,212,20
22400213,2024-11-11 20:00:00+00:00,Houston,Rockets,1610612745,Washington,Wizards,1610612764,107,92,1610612745,Regular Season,15998.0,,,199,15
22400211,2024-11-10 21:30:00+00:00,Los Angeles,Lakers,1610612747,Toronto,Raptors,1610612761,123,103,1610612747,Regular Season,18997.0,,,226,20
22400210,2024-11-10 21:00:00+00:00,Portland,Trail Blazers,1610612757,Memphis,Grizzlies,1610612763,89,134,1610612763,Regular Season,18477.0,,,223,45
22400209,2024-11-10 20:00:00+00:00,Phoenix,Suns,1610612756,Sacramento,Kings,1610612758,118,127,1610612758,Regular Season,17071.0,,,245,9
22400208,2024-11-10 20:00:00+00:00,Denver,Nuggets,1610612743,Dallas,Mavericks,1610612742,122,120,1610612743,Regular Season,19908.0,,,242,2
22400205,2024-11-10 19:00:00+00:00,Philadelphia,76ers,1610612755,Charlotte,Hornets,1610612766,107,105,1610612755,Regular Season,19764.0,,,212,2
22400206,2024-11-10 19:00:00+00:00,Minnesota,Timberwolves,1610612750,Miami,Heat,1610612748,94,95,1610612748,Regular Season,18978.0,,,189,1
22400207,2024-11-10 19:00:00+00:00,Oklahoma City,Thunder,1610612760,Golden State,Warriors,1610612744,116,127,1610612744,Regular Season,18203.0,,,243,11
22400204,2024-11-10 18:00:00+00:00,Orlando,Magic,1610612753,Washington,Wizards,1610612764,121,94,1610612753,Regular Season,18352.0,,,215,27
22400203,2024-11-10 17:00:00+00:00,Indiana,Pacers,1610612754,New York,Knicks,1610612752,132,121,1610612754,Regular Season,17274.0,,,253,11
22400202,2024-11-10 15:30:00+00:00,Milwaukee,Bucks,1610612749,Boston,Celtics,1610612738,107,113,1610612738,Regular Season,17341.0,,,220,6
22400201,2024-11-10 15:00:00+00:00,Detroit,Pistons,1610612765,Houston,Rockets,1610612745,99,101,1610612745,Regular Season,18744.0,,,200,2
22400200,2024-11-09 22:30:00+00:00,Los Angeles,Clippers,1610612746,Toronto,Raptors,1610612761,105,103,1610612746,Regular Season,17927.0,,,208,2
22400199,2024-11-09 19:30:00+00:00,Cleveland,Cavaliers,1610612739,Brooklyn,Nets,1610612751,105,100,1610612739,Regular Season,19432.0,,,205,5
22400198,2024-11-09 19:30:00+00:00,Atlanta,Hawks,1610612737,Chicago,Bulls,1610612741,113,125,1610612741,Regular Season,17826.0,,,238,12
22400197,2024-11-09 17:00:00+00:00,San Antonio,Spurs,1610612759,Utah,Jazz,1610612762,110,111,1610612762,Regular Season,18354.0,,,221,1
22400196,2024-11-08 22:00:00+00:00,Sacramento,Kings,1610612758,Los Angeles,Clippers,1610612746,98,107,1610612746,Regular Season,17832.0,,,205,9
22400195,2024-11-08 22:00:00+00:00,Los Angeles,Lakers,1610612747,Philadelphia,76ers,1610612755,116,106,1610612747,Regular Season,18485.0,,,222,10
22400194,2024-11-08 21:00:00+00:00,Denver,Nuggets,1610612743,Miami,Heat,1610612748,135,122,1610612743,Regular Season,19621.0,,,257,13
22400193,2024-11-08 21:00:00+00:00,Minnesota,Timberwolves,1610612750,Portland,Trail Blazers,1610612757,127,102,1610612750,Regular Season,18978.0,,,229,25
22400192,2024-11-08 20:00:00+00:00,Oklahoma City,Thunder,1610612760,Houston,Rockets,1610612745,126,107,1610612760,Regular Season,18203.0,,,233,19
22400191,2024-11-08 20:00:00+00:00,Memphis,Grizzlies,1610612763,Washington,Wizards,1610612764,128,104,1610612763,Regular Season,16216.0,,,232,24
22400188,2024-11-08 19:30:00+00:00,Cleveland,Cavaliers,1610612739,Golden State,Warriors,1610612744,136,117,1610612739,Regular Season,19432.0,,,253,19
22400189,2024-11-08 19:30:00+00:00,New York,Knicks,1610612752,Milwaukee,Bucks,1610612749,116,94,1610612752,Regular Season,19812.0,,,210,22
22400187,2024-11-08 19:30:00+00:00,Boston,Celtics,1610612738,Brooklyn,Nets,1610612751,108,104,1610612738,Regular Season,19156.0,,,212,4
22400190,2024-11-08 19:30:00+00:00,Dallas,Mavericks,1610612742,Phoenix,Suns,1610612756,113,114,1610612756,Regular Season,20277.0,,,227,1
22400186,2024-11-08 19:00:00+00:00,Orlando,Magic,1610612753,New Orleans,Pelicans,1610612740,115,88,1610612753,Regular Season,18565.0,,,203,27
22400184,2024-11-08 19:00:00+00:00,Charlotte,Hornets,1610612766,Indiana,Pacers,1610612754,103,83,1610612766,Regular Season,17024.0,,,186,20
22400185,2024-11-08 19:00:00+00:00,Detroit,Pistons,1610612765,Atlanta,Hawks,1610612737,122,121,1610612765,Regular Season,17913.0,,,243,1
22400183,2024-11-07 20:00:00+00:00,San Antonio,Spurs,1610612759,Portland,Trail Blazers,1610612757,118,105,1610612759,Regular Season,17120.0,,,223,13
22400182,2024-11-07 20:00:00+00:00,Milwaukee,Bucks,1610612749,Utah,Jazz,1610612762,123,100,1610612749,Regular Season,17341.0,,,223,23
22400181,2024-11-07 20:00:00+00:00,Chicago,Bulls,1610612741,Minnesota,Timberwolves,1610612750,119,135,1610612750,Regular Season,19621.0,,,254,16
22400179,2024-11-06 22:00:00+00:00,Los Angeles,Clippers,1610612746,Philadelphia,76ers,1610612755,110,98,1610612746,Regular Season,15627.0,,,208,12
22400180,2024-11-06 22:00:00+00:00,Sacramento,Kings,1610612758,Toronto,Raptors,1610612761,122,107,1610612758,Regular Season,16026.0,,,229,15
22400177,2024-11-06 21:00:00+00:00,Denver,Nuggets,1610612743,Oklahoma City,Thunder,1610612760,124,122,1610612743,Regular Season,19522.0,,,246,2
22400178,2024-11-06 21:00:00+00:00,Phoenix,Suns,1610612756,Miami,Heat,1610612748,115,112,1610612756,Regular Season,17071.0,,,227,3
22400176,2024-11-06 20:30:00+00:00,Dallas,Mavericks,1610612742,Chicago,Bulls,1610612741,119,99,1610612742,Regular Season,20011.0,,,218,20
22400175,2024-11-06 20:00:00+00:00,New Orleans,Pelicans,1610612740,Cleveland,Cavaliers,1610612739,122,131,1610612739,Regular Season,15694.0,,,253,9
22400173,2024-11-06 20:00:00+00:00,Houston,Rockets,1610612745,San Antonio,Spurs,1610612759,127,100,1610612745,Regular Season,16208.0,,,227,27
22400174,2024-11-06 20:00:00+00:00,Memphis,Grizzlies,1610612763,Los Angeles,Lakers,1610612747,131,114,1610612763,Regular Season,17794.0,,,245,17
22400172,2024-11-06 19:30:00+00:00,Boston,Celtics,1610612738,Golden State,Warriors,1610612744,112,118,1610612744,Regular Season,19156.0,,,230,6
22400171,2024-11-06 19:30:00+00:00,Atlanta,Hawks,1610612737,New York,Knicks,1610612752,121,116,1610612737,Regular Season,16072.0,,,237,5
22400170,2024-11-06 19:00:00+00:00,Indiana,Pacers,1610612754,Orlando,Magic,1610612753,118,111,1610612754,Regular Season,16218.0,,,229,7
22400169,2024-11-06 19:00:00+00:00,Charlotte,Hornets,1610612766,Detroit,Pistons,1610612765,108,107,1610612766,Regular Season,13247.0,,,215,1
22400168,2024-11-04 22:30:00+00:00,Los Angeles,Clippers,1610612746,San Antonio,Spurs,1610612759,113,104,1610612746,Regular Season,15927.0,,,217,9
22400167,2024-11-04 22:15:00+00:00,Phoenix,Suns,1610612756,Philadelphia,76ers,1610612755,118,116,1610612756,Regular Season,17071.0,,,234,2
22400166,2024-11-04 22:00:00+00:00,Denver,Nuggets,1610612743,Toronto,Raptors,1610612761,121,119,1610612743,Regular Season,19525.0,,,240,2
22400165,2024-11-04 21:45:00+00:00,Dallas,Mavericks,1610612742,Indiana,Pacers,1610612754,127,134,1610612754,Regular Season,19613.0,,,261,7
22400164,2024-11-04 21:30:00+00:00,New Orleans,Pelicans,1610612740,Portland,Trail Blazers,1610612757,100,118,1610612757,Regular Season,14932.0,,,218,18
22400163,2024-11-04 21:15:00+00:00,Oklahoma City,Thunder,1610612760,Orlando,Magic,1610612753,102,86,1610612760,Regular Season,17044.0,,,188,16
22400162,2024-11-04 21:00:00+00:00,Minnesota,Timberwolves,1610612750,Charlotte,Hornets,1610612766,114,93,1610612750,Regular Season,18978.0,,,207,21
22400161,2024-11-04 20:45:00+00:00,Houston,Rockets,1610612745,New York,Knicks,1610612752,109,97,1610612745,Regular Season,16417.0,,,206,12
22400160,2024-11-04 20:30:00+00:00,Chicago,Bulls,1610612741,Utah,Jazz,1610612762,126,135,1610612762,Regular Season,19621.0,,,261,9
22400159,2024-11-04 20:15:00+00:00,Miami,Heat,1610612748,Sacramento,Kings,1610612758,110,111,1610612758,Regular Season,19604.0,,,221,1
22400158,2024-11-04 20:00:00+00:00,Brooklyn,Nets,1610612751,Memphis,Grizzlies,1610612763,106,104,1610612751,Regular Season,18088.0,,,210,2
22400157,2024-11-04 19:45:00+00:00,Atlanta,Hawks,1610612737,Boston,Celtics,1610612738,93,123,1610612738,Regular Season,15031.0,,,216,30
22400156,2024-11-04 19:30:00+00:00,Detroit,Pistons,1610612765,Los Angeles,Lakers,1610612747,115,103,1610612765,Regular Season,20062.0,,,218,12
22400155,2024-11-04 19:15:00+00:00,Washington,Wizards,1610612764,Golden State,Warriors,1610612744,112,125,1610612744,Regular Season,15674.0,,,237,13
22400154,2024-11-04 19:00:00+00:00,Cleveland,Cavaliers,1610612739,Milwaukee,Bucks,1610612749,116,114,1610612739,Regular Season,19432.0,,,230,2
22400153,2024-11-03 19:30:00+00:00,Dallas,Mavericks,1610612742,Orlando,Magic,1610612753,108,85,1610612742,Regular Season,19977.0,,,193,23
22400152,2024-11-03 19:00:00+00:00,New Orleans,Pelicans,1610612740,Atlanta,Hawks,1610612737,111,126,1610612737,Regular Season,15505.0,,,237,15
22400151,2024-11-03 15:30:00+00:00,Brooklyn,Nets,1610612751,Detroit,Pistons,1610612765,92,106,1610612765,Regular Season,17086.0,,,198,14
22400150,2024-11-02 22:30:00+00:00,Los Angeles,Clippers,1610612746,Oklahoma City,Thunder,1610612760,92,105,1610612760,Regular Season,16827.0,,,197,13
22400149,2024-11-02 22:00:00+00:00,Phoenix,Suns,1610612756,Portland,Trail Blazers,1610612757,103,97,1610612756,Regular Season,17071.0,,,200,6
22400148,2024-11-02 22:00:00+00:00,Denver,Nuggets,1610612743,Utah,Jazz,1610612762,129,103,1610612743,Regular Season,19702.0,,,232,26
22400147,2024-11-02 21:30:00+00:00,Washington,Wizards,1610612764,Miami,Heat,1610612748,98,118,1610612748,Regular Season,20328.0,,,216,20
22400144,2024-11-02 20:00:00+00:00,Houston,Rockets,1610612745,Golden State,Warriors,1610612744,121,127,1610612744,Regular Season,18055.0,,,248,6
22400146,2024-11-02 20:00:00+00:00,San Antonio,Spurs,1610612759,Minnesota,Timberwolves,1610612750,113,103,1610612759,Regular Season,18527.0,,,216,10
22400145,2024-11-02 20:00:00+00:00,Milwaukee,Bucks,1610612749,Cleveland,Cavaliers,1610612739,113,114,1610612739,Regular Season,17341.0,,,227,1
22400142,2024-11-02 19:30:00+00:00,Philadelphia,76ers,1610612755,Memphis,Grizzlies,1610612763,107,124,1610612763,Regular Season,20066.0,,,231,17
22400143,2024-11-02 19:30:00+00:00,Toronto,Raptors,1610612761,Sacramento,Kings,1610612758,131,128,1610612761,Regular Season,19815.0,,,259,3
22400141,2024-11-02 18:00:00+00:00,Charlotte,Hornets,1610612766,Boston,Celtics,1610612738,103,113,1610612738,Regular Season,19253.0,,,216,10
22400140,2024-11-01 22:00:00+00:00,Portland,Trail Blazers,1610612757,Oklahoma City,Thunder,1610612760,114,137,1610612760,Regular Season,17815.0,,,251,23
22400139,2024-11-01 21:30:00+00:00,Minnesota,Timberwolves,1610612750,Denver,Nuggets,1610612743,119,116,1610612750,Regular Season,18978.0,,,235,3
22400138,2024-11-01 20:00:00+00:00,New Orleans,Pelicans,1610612740,Indiana,Pacers,1610612754,125,118,1610612740,Regular Season,15133.0,,,243,7
22400137,2024-11-01 19:30:00+00:00,Toronto,Raptors,1610612761,Los Angeles,Lakers,1610612747,125,131,1610612747,Regular Season,19800.0,,,256,6
22400136,2024-11-01 19:30:00+00:00,Brooklyn,Nets,1610612751,Chicago,Bulls,1610612741,120,112,1610612751,Regular Season,17977.0,,,232,8
22400135,2024-11-01 19:30:00+00:00,Atlanta,Hawks,1610612737,Sacramento,Kings,1610612758,115,123,1610612758,Regular Season,15156.0,,,238,8
22400134,2024-11-01 19:00:00+00:00,Detroit,Pistons,1610612765,New York,Knicks,1610612752,98,128,1610612752,Regular Season,17022.0,,,226,30
22400132,2024-11-01 19:00:00+00:00,Charlotte,Hornets,1610612766,Boston,Celtics,1610612738,109,124,1610612738,Regular Season,18557.0,,,233,15
22400133,2024-11-01 19:00:00+00:00,Cleveland,Cavaliers,1610612739,Orlando,Magic,1610612753,120,109,1610612739,Regular Season,19432.0,,,229,11
22400131,2024-10-31 22:30:00+00:00,Los Angeles,Clippers,1610612746,Phoenix,Suns,1610612756,119,125,1610612756,Regular Season,16827.0,,,244,6
22400130,2024-10-31 21:00:00+00:00,Utah,Jazz,1610612762,San Antonio,Spurs,1610612759,88,106,1610612759,Regular Season,18175.0,,,194,18
22400129,2024-10-31 20:30:00+00:00,Dallas,Mavericks,1610612742,Houston,Rockets,1610612745,102,108,1610612745,Regular Season,20011.0,,,210,6
22400128,2024-10-31 20:00:00+00:00,Memphis,Grizzlies,1610612763,Milwaukee,Bucks,1610612749,122,99,1610612763,Regular Season,15377.0,,,221,23
22400127,2024-10-30 22:30:00+00:00,Los Angeles,Clippers,1610612746,Portland,Trail Blazers,1610612757,105,106,1610612757,Regular Season,16727.0,,,211,1
22400126,2024-10-30 22:00:00+00:00,Golden State,Warriors,1610612744,New Orleans,Pelicans,1610612740,104,89,1610612744,Regular Season,18064.0,,,193,15
22400125,2024-10-30 21:30:00+00:00,Oklahoma City,Thunder,1610612760,San Antonio,Spurs,1610612759,105,93,1610612760,Regular Season,17136.0,,,198,12
22400124,2024-10-30 20:00:00+00:00,Memphis,Grizzlies,1610612763,Brooklyn,Nets,1610612751,106,119,1610612751,Regular Season,14745.0,,,225,13
22400123,2024-10-30 20:00:00+00:00,Chicago,Bulls,1610612741,Orlando,Magic,1610612753,102,99,1610612741,Regular Season,19015.0,,,201,3
22400122,2024-10-30 19:30:00+00:00,Miami,Heat,1610612748,New York,Knicks,1610612752,107,116,1610612752,Regular Season,19620.0,,,223,9
22400121,2024-10-30 19:00:00+00:00,Washington,Wizards,1610612764,Atlanta,Hawks,1610612737,133,120,1610612764,Regular Season,14255.0,,,253,13
22400118,2024-10-30 19:00:00+00:00,Cleveland,Cavaliers,1610612739,Los Angeles,Lakers,1610612747,134,110,1610612739,Regular Season,19432.0,,,244,24
22400120,2024-10-30 19:00:00+00:00,Philadelphia,76ers,1610612755,Detroit,Pistons,1610612765,95,105,1610612765,Regular Season,19759.0,,,200,10
22400119,2024-10-30 19:00:00+00:00,Indiana,Pacers,1610612754,Boston,Celtics,1610612738,135,132,1610612754,Regular Season,17274.0,,,267,3
22400117,2024-10-30 19:00:00+00:00,Charlotte,Hornets,1610612766,Toronto,Raptors,1610612761,138,133,1610612766,Regular Season,13113.0,,,271,5
22400116,2024-10-29 22:00:00+00:00,Golden State,Warriors,1610612744,New Orleans,Pelicans,1610612740,124,106,1610612744,Regular Season,18064.0,,,230,18
22400115,2024-10-29 21:00:00+00:00,Utah,Jazz,1610612762,Sacramento,Kings,1610612758,96,113,1610612758,Regular Season,18175.0,,,209,17
22400113,2024-10-29 19:30:00+00:00,Brooklyn,Nets,1610612751,Denver,Nuggets,1610612743,139,144,1610612743,Regular Season,17926.0,,,283,5
22400114,2024-10-29 19:30:00+00:00,Minnesota,Timberwolves,1610612750,Dallas,Mavericks,1610612742,114,120,1610612742,Regular Season,18978.0,,,234,6
22400111,2024-10-28 22:00:00+00:00,Phoenix,Suns,1610612756,Los Angeles,Lakers,1610612747,109,105,1610612756,Regular Season,17071.0,,,214,4
22400112,2024-10-28 22:00:00+00:00,Sacramento,Kings,1610612758,Portland,Trail Blazers,1610612757,111,98,1610612758,Regular Season,16426.0,,,209,13
22400110,2024-10-28 20:30:00+00:00,Dallas,Mavericks,1610612742,Utah,Jazz,1610612762,110,102,1610612742,Regular Season,19811.0,,,212,8
22400109,2024-10-28 20:00:00+00:00,San Antonio,Spurs,1610612759,Houston,Rockets,1610612745,101,106,1610612745,Regular Season,17519.0,,,207,5
22400108,2024-10-28 20:00:00+00:00,Memphis,Grizzlies,1610612763,Chicago,Bulls,1610612741,123,126,1610612741,Regular Season,15906.0,,,249,3
22400103,2024-10-28 19:30:00+00:00,Atlanta,Hawks,1610612737,Washington,Wizards,1610612764,119,121,1610612764,Regular Season,14566.0,,,240,2
22400104,2024-10-28 19:30:00+00:00,Boston,Celtics,1610612738,Milwaukee,Bucks,1610612749,119,108,1610612738,Regular Season,19156.0,,,227,11
22400105,2024-10-28 19:30:00+00:00,Miami,Heat,1610612748,Detroit,Pistons,1610612765,106,98,1610612748,Regular Season,19626.0,,,204,8
22400107,2024-10-28 19:30:00+00:00,Toronto,Raptors,1610612761,Denver,Nuggets,1610612743,125,127,1610612743,Regular Season,19082.0,,,252,2
22400106,2024-10-28 19:30:00+00:00,New York,Knicks,1610612752,Cleveland,Cavaliers,1610612739,104,110,1610612739,Regular Season,19812.0,,,214,6
22400102,2024-10-28 19:00:00+00:00,Orlando,Magic,1610612753,Indiana,Pacers,1610612754,119,115,1610612753,Regular Season,18846.0,,,234,4
22400101,2024-10-27 20:30:00+00:00,Golden State,Warriors,1610612744,Los Angeles,Clippers,1610612746,104,112,1610612746,Regular Season,18064.0,,,216,8
22400100,2024-10-27 19:00:00+00:00,Oklahoma City,Thunder,1610612760,Atlanta,Hawks,1610612737,128,104,1610612760,Regular Season,18203.0,,,232,24
22400099,2024-10-27 18:00:00+00:00,Portland,Trail Blazers,1610612757,New Orleans,Pelicans,1610612740,125,103,1610612757,Regular Season,16138.0,,,228,22
22400098,2024-10-27 18:00:00+00:00,Brooklyn,Nets,1610612751,Milwaukee,Bucks,1610612749,115,102,1610612751,Regular Season,17926.0,,,217,13
22400097,2024-10-27 15:30:00+00:00,Indiana,Pacers,1610612754,Philadelphia,76ers,1610612755,114,118,1610612755,Regular Season,17274.0,,,232,4
22400096,2024-10-26 22:30:00+00:00,Los Angeles,Lakers,1610612747,Sacramento,Kings,1610612758,131,127,1610612747,Regular Season,18997.0,,,258,4
22400095,2024-10-26 22:00:00+00:00,Phoenix,Suns,1610612756,Dallas,Mavericks,1610612742,114,102,1610612756,Regular Season,17071.0,,,216,12
22400094,2024-10-26 20:30:00+00:00,San Antonio,Spurs,1610612759,Houston,Rockets,1610612745,109,106,1610612759,Regular Season,18715.0,,,215,3
22400092,2024-10-26 20:00:00+00:00,Memphis,Grizzlies,1610612763,Orlando,Magic,1610612753,124,111,1610612763,Regular Season,17809.0,,,235,13
22400093,2024-10-26 20:00:00+00:00,Minnesota,Timberwolves,1610612750,Toronto,Raptors,1610612761,112,101,1610612750,Regular Season,18978.0,,,213,11
22400091,2024-10-26 20:00:00+00:00,Chicago,Bulls,1610612741,Oklahoma City,Thunder,1610612760,95,114,1610612760,Regular Season,20923.0,,,209,19
22400090,2024-10-26 19:00:00+00:00,Washington,Wizards,1610612764,Cleveland,Cavaliers,1610612739,116,135,1610612739,Regular Season,15156.0,,,251,19
22400089,2024-10-26 19:00:00+00:00,Detroit,Pistons,1610612765,Boston,Celtics,1610612738,118,124,1610612738,Regular Season,19311.0,,,242,6
22400088,2024-10-26 19:00:00+00:00,Charlotte,Hornets,1610612766,Miami,Heat,1610612748,106,114,1610612748,Regular Season,19102.0,,,220,8
22400087,2024-10-26 17:00:00+00:00,Denver,Nuggets,1610612743,Los Angeles,Clippers,1610612746,104,109,1610612746,Regular Season,19691.0,,,213,5
22400085,2024-10-25 22:00:00+00:00,Los Angeles,Lakers,1610612747,Phoenix,Suns,1610612756,123,116,1610612747,Regular Season,18997.0,,,239,7
22400086,2024-10-25 22:00:00+00:00,Portland,Trail Blazers,1610612757,New Orleans,Pelicans,1610612740,103,105,1610612740,Regular Season,16190.0,,,208,2
22400084,2024-10-25 21:30:00+00:00,Utah,Jazz,1610612762,Golden State,Warriors,1610612744,86,127,1610612744,Regular Season,18175.0,,,213,41
22400082,2024-10-25 20:00:00+00:00,Houston,Rockets,1610612745,Memphis,Grizzlies,1610612763,128,108,1610612745,Regular Season,18055.0,,,236,20
22400083,2024-10-25 20:00:00+00:00,Milwaukee,Bucks,1610612749,Chicago,Bulls,1610612741,122,133,1610612741,Regular Season,17790.0,,,255,11
22400080,2024-10-25 19:30:00+00:00,Cleveland,Cavaliers,1610612739,Detroit,Pistons,1610612765,113,101,1610612739,Regular Season,19432.0,,,214,12
22400081,2024-10-25 19:30:00+00:00,New York,Knicks,1610612752,Indiana,Pacers,1610612754,123,98,1610612752,Regular Season,19812.0,,,221,25
22400079,2024-10-25 19:30:00+00:00,Atlanta,Hawks,1610612737,Charlotte,Hornets,1610612766,125,120,1610612737,Regular Season,14433.0,,,245,5
22400077,2024-10-25 19:00:00+00:00,Orlando,Magic,1610612753,Brooklyn,Nets,1610612751,116,101,1610612753,Regular Season,19087.0,,,217,15
22400078,2024-10-25 19:00:00+00:00,Toronto,Raptors,1610612761,Philadelphia,76ers,1610612755,115,107,1610612761,Regular Season,18345.0,,,222,8
22400075,2024-10-24 22:00:00+00:00,Denver,Nuggets,1610612743,Oklahoma City,Thunder,1610612760,87,102,1610612760,Regular Season,19786.0,,,189,15
22400076,2024-10-24 22:00:00+00:00,Sacramento,Kings,1610612758,Minnesota,Timberwolves,1610612750,115,117,1610612750,Regular Season,18049.0,,,232,2
22400074,2024-10-24 19:30:00+00:00,Dallas,Mavericks,1610612742,San Antonio,Spurs,1610612759,120,109,1610612742,Regular Season,20373.0,,,229,11
22400073,2024-10-24 19:00:00+00:00,Washington,Wizards,1610612764,Boston,Celtics,1610612738,102,122,1610612738,Regular Season,18610.0,,,224,20
22400072,2024-10-23 22:00:00+00:00,Portland,Trail Blazers,1610612757,Golden State,Warriors,1610612744,104,140,1610612744,Regular Season,19480.0,,,244,36
22400071,2024-10-23 22:00:00+00:00,Los Angeles,Clippers,1610612746,Phoenix,Suns,1610612756,113,116,1610612756,Regular Season,17927.0,,,229,3
22400070,2024-10-23 21:00:00+00:00,Utah,Jazz,1610612762,Memphis,Grizzlies,1610612763,124,126,1610612763,Regular Season,18175.0,,,250,2
22400069,2024-10-23 20:00:00+00:00,New Orleans,Pelicans,1610612740,Chicago,Bulls,1610612741,123,111,1610612740,Regular Season,18581.0,,,234,12
22400068,2024-10-23 20:00:00+00:00,Houston,Rockets,1610612745,Charlotte,Hornets,1610612766,105,110,1610612766,Regular Season,18055.0,,,215,5
22400064,2024-10-23 19:30:00+00:00,Atlanta,Hawks,1610612737,Brooklyn,Nets,1610612751,120,116,1610612737,Regular Season,17548.0,,,236,4
22400067,2024-10-23 19:30:00+00:00,Toronto,Raptors,1610612761,Cleveland,Cavaliers,1610612739,106,136,1610612739,Regular Season,19800.0,,,242,30
22400066,2024-10-23 19:30:00+00:00,Philadelphia,76ers,1610612755,Milwaukee,Bucks,1610612749,109,124,1610612749,Regular Season,19754.0,,,233,15
22400065,2024-10-23 19:30:00+00:00,Miami,Heat,1610612748,Orlando,Magic,1610612753,97,116,1610612753,Regular Season,19630.0,,,213,19
22400063,2024-10-23 19:00:00+00:00,Detroit,Pistons,1610612765,Indiana,Pacers,1610612754,109,115,1610612754,Regular Season,20062.0,,,224,6
22400062,2024-10-22 22:00:00+00:00,Los Angeles,Lakers,1610612747,Minnesota,Timberwolves,1610612750,110,103,1610612747,Regular Season,18997.0,,,213,7
22400061,2024-10-22 19:30:00+00:00,Boston,Celtics,1610612738,New York,Knicks,1610612752,132,109,1610612738,Regular Season,19156.0,,,241,23
22301195,2024-04-14 15:30:00+00:00,New Orleans,Pelicans,1610612740,Los Angeles,Lakers,1610612747,108,124,1610612747,Regular Season,18633.0,,,232,16
22301197,2024-04-14 15:30:00+00:00,San Antonio,Spurs,1610612759,Detroit,Pistons,1610612765,123,95,1610612759,Regular Season,18516.0,,,218,28
22301199,2024-04-14 15:30:00+00:00,Los Angeles,Clippers,1610612746,Houston,Rockets,1610612745,105,116,1610612745,Regular Season,19370.0,,,221,11
22301198,2024-04-14 15:30:00+00:00,Golden State,Warriors,1610612744,Utah,Jazz,1610612762,123,116,1610612744,Regular Season,18064.0,,,239,7
22301196,2024-04-14 15:30:00+00:00,Oklahoma City,Thunder,1610612760,Dallas,Mavericks,1610612742,135,86,1610612760,Regular Season,18203.0,,,221,49
22301193,2024-04-14 15:30:00+00:00,Memphis,Grizzlies,1610612763,Denver,Nuggets,1610612743,111,126,1610612743,Regular Season,17544.0,,,237,15
22301194,2024-04-14 15:30:00+00:00,Minnesota,Timberwolves,1610612750,Phoenix,Suns,1610612756,106,125,1610612756,Regular Season,18024.0,,,231,19
22301200,2024-04-14 15:30:00+00:00,Sacramento,Kings,1610612758,Portland,Trail Blazers,1610612757,121,82,1610612758,Regular Season,18037.0,,,203,39
22301187,2024-04-14 13:00:00+00:00,Cleveland,Cavaliers,1610612739,Charlotte,Hornets,1610612766,110,120,1610612766,Regular Season,19432.0,,,230,10
22301188,2024-04-14 13:00:00+00:00,Indiana,Pacers,1610612754,Atlanta,Hawks,1610612737,157,115,1610612754,Regular Season,17274.0,,,272,42
22301190,2024-04-14 13:00:00+00:00,New York,Knicks,1610612752,Chicago,Bulls,1610612741,120,119,1610612752,Regular Season,19812.0,,,239,1
22301192,2024-04-14 13:00:00+00:00,Philadelphia,76ers,1610612755,Brooklyn,Nets,1610612751,107,86,1610612755,Regular Season,20246.0,,,193,21
22301189,2024-04-14 13:00:00+00:00,Miami,Heat,1610612748,Toronto,Raptors,1610612761,118,103,1610612748,Regular Season,19600.0,,,221,15
22301186,2024-04-14 13:00:00+00:00,Boston,Celtics,1610612738,Washington,Wizards,1610612764,132,122,1610612738,Regular Season,19156.0,,,254,10
22301191,2024-04-14 13:00:00+00:00,Orlando,Magic,1610612753,Milwaukee,Bucks,1610612749,113,88,1610612753,Regular Season,18846.0,,,201,25
22301184,2024-04-12 22:30:00+00:00,Los Angeles,Clippers,1610612746,Utah,Jazz,1610612762,109,110,1610612762,Regular Season,19370.0,,,219,1
22301185,2024-04-12 22:30:00+00:00,Sacramento,Kings,1610612758,Phoenix,Suns,1610612756,107,108,1610612756,Regular Season,17832.0,,,215,1
22301182,2024-04-12 22:00:00+00:00,Golden State,Warriors,1610612744,New Orleans,Pelicans,1610612740,109,114,1610612740,Regular Season,18064.0,,,223,5
22301183,2024-04-12 22:00:00+00:00,Portland,Trail Blazers,1610612757,Houston,Rockets,1610612745,107,116,1610612745,Regular Season,18630.0,,,223,9
22301181,2024-04-12 20:30:00+00:00,Dallas,Mavericks,1610612742,Detroit,Pistons,1610612765,89,107,1610612765,Regular Season,20274.0,,,196,18
22301178,2024-04-12 20:00:00+00:00,Minnesota,Timberwolves,1610612750,Atlanta,Hawks,1610612737,109,106,1610612750,Regular Season,18024.0,,,215,3
22301177,2024-04-12 20:00:00+00:00,Memphis,Grizzlies,1610612763,Los Angeles,Lakers,1610612747,120,123,1610612747,Regular Season,17794.0,,,243,3
22301179,2024-04-12 20:00:00+00:00,Oklahoma City,Thunder,1610612760,Milwaukee,Bucks,1610612749,125,107,1610612760,Regular Season,18203.0,,,232,18
22301176,2024-04-12 20:00:00+00:00,Miami,Heat,1610612748,Toronto,Raptors,1610612761,125,103,1610612748,Regular Season,19600.0,,,228,22
22301180,2024-04-12 20:00:00+00:00,San Antonio,Spurs,1610612759,Denver,Nuggets,1610612743,121,120,1610612759,Regular Season,18665.0,,,241,1
22301174,2024-04-12 19:30:00+00:00,Cleveland,Cavaliers,1610612739,Indiana,Pacers,1610612754,129,120,1610612739,Regular Season,19432.0,,,249,9
22301175,2024-04-12 19:30:00+00:00,New York,Knicks,1610612752,Brooklyn,Nets,1610612751,111,107,1610612752,Regular Season,19812.0,,,218,4
22301173,2024-04-12 19:30:00+00:00,Boston,Celtics,1610612738,Charlotte,Hornets,1610612766,131,98,1610612738,Regular Season,19156.0,,,229,33
22301172,2024-04-12 19:00:00+00:00,Washington,Wizards,1610612764,Chicago,Bulls,1610612741,127,129,1610612741,Regular Season,20333.0,,,256,2
22301171,2024-04-12 19:00:00+00:00,Philadelphia,76ers,1610612755,Orlando,Magic,1610612753,125,113,1610612755,Regular Season,20149.0,,,238,12
22301170,2024-04-11 22:00:00+00:00,Sacramento,Kings,1610612758,New Orleans,Pelicans,1610612740,123,135,1610612740,Regular Season,17832.0,,,258,12
22301169,2024-04-11 22:00:00+00:00,Portland,Trail Blazers,1610612757,Golden State,Warriors,1610612744,92,100,1610612744,Regular Season,19335.0,,,192,8
22301168,2024-04-11 21:00:00+00:00,Utah,Jazz,1610612762,Houston,Rockets,1610612745,124,121,1610612762,Regular Season,18206.0,,,245,3
22301167,2024-04-11 19:30:00+00:00,Boston,Celtics,1610612738,New York,Knicks,1610612752,109,118,1610612752,Regular Season,19156.0,,,227,9
22301166,2024-04-11 19:00:00+00:00,Detroit,Pistons,1610612765,Chicago,Bulls,1610612741,105,127,1610612741,Regular Season,20013.0,,,232,22
22301165,2024-04-10 22:30:00+00:00,Los Angeles,Clippers,1610612746,Phoenix,Suns,1610612756,108,124,1610612756,Regular Season,19370.0,,,232,16
22301164,2024-04-10 22:00:00+00:00,Denver,Nuggets,1610612743,Minnesota,Timberwolves,1610612750,116,107,1610612743,Regular Season,19845.0,,,223,9
22301163,2024-04-10 20:00:00+00:00,Oklahoma City,Thunder,1610612760,San Antonio,Spurs,1610612759,127,89,1610612760,Regular Season,17229.0,,,216,38
22301162,2024-04-10 20:00:00+00:00,Milwaukee,Bucks,1610612749,Orlando,Magic,1610612753,117,99,1610612749,Regular Season,17563.0,,,216,18
22301159,2024-04-10 19:30:00+00:00,Atlanta,Hawks,1610612737,Charlotte,Hornets,1610612766,114,115,1610612766,Regular Season,16158.0,,,229,1
22301160,2024-04-10 19:30:00+00:00,Brooklyn,Nets,1610612751,Toronto,Raptors,1610612761,106,102,1610612751,Regular Season,17732.0,,,208,4
22301161,2024-04-10 19:30:00+00:00,Miami,Heat,1610612748,Dallas,Mavericks,1610612742,92,111,1610612742,Regular Season,19660.0,,,203,19
22301158,2024-04-10 19:00:00+00:00,Cleveland,Cavaliers,1610612739,Memphis,Grizzlies,1610612763,110,98,1610612739,Regular Season,19432.0,,,208,12
22301155,2024-04-09 22:00:00+00:00,Los Angeles,Lakers,1610612747,Golden State,Warriors,1610612744,120,134,1610612744,Regular Season,18997.0,,,254,14
22301157,2024-04-09 22:00:00+00:00,Portland,Trail Blazers,1610612757,New Orleans,Pelicans,1610612740,100,110,1610612740,Regular Season,18341.0,,,210,10
22301156,2024-04-09 22:00:00+00:00,Phoenix,Suns,1610612756,Los Angeles,Clippers,1610612746,92,105,1610612746,Regular Season,17071.0,,,197,13
22301154,2024-04-09 21:00:00+00:00,Utah,Jazz,1610612762,Denver,Nuggets,1610612743,95,111,1610612743,Regular Season,18206.0,,,206,16
22301149,2024-04-09 20:00:00+00:00,Chicago,Bulls,1610612741,New York,Knicks,1610612752,117,128,1610612752,Regular Season,21648.0,,,245,11
22301151,2024-04-09 20:00:00+00:00,Memphis,Grizzlies,1610612763,San Antonio,Spurs,1610612759,87,102,1610612759,Regular Season,16108.0,,,189,15
22301153,2024-04-09 20:00:00+00:00,Oklahoma City,Thunder,1610612760,Sacramento,Kings,1610612758,112,105,1610612760,Regular Season,17509.0,,,217,7
22301150,2024-04-09 20:00:00+00:00,Houston,Rockets,1610612745,Orlando,Magic,1610612753,118,106,1610612745,Regular Season,18055.0,,,224,12
22301152,2024-04-09 20:00:00+00:00,Minnesota,Timberwolves,1610612750,Washington,Wizards,1610612764,130,121,1610612750,Regular Season,18024.0,,,251,9
22301147,2024-04-09 19:30:00+00:00,Atlanta,Hawks,1610612737,Miami,Heat,1610612748,111,117,1610612748,Regular Season,17049.0,,,228,6
22301148,2024-04-09 19:30:00+00:00,Milwaukee,Bucks,1610612749,Boston,Celtics,1610612738,104,91,1610612749,Regular Season,17493.0,,,195,13
22301144,2024-04-09 19:00:00+00:00,Charlotte,Hornets,1610612766,Dallas,Mavericks,1610612742,104,130,1610612742,Regular Season,17425.0,,,234,26
22301145,2024-04-09 19:00:00+00:00,Philadelphia,76ers,1610612755,Detroit,Pistons,1610612765,120,102,1610612755,Regular Season,19796.0,,,222,18
22301146,2024-04-09 19:00:00+00:00,Toronto,Raptors,1610612761,Indiana,Pacers,1610612754,123,140,1610612754,Regular Season,19325.0,,,263,17
22301143,2024-04-07 22:00:00+00:00,Los Angeles,Lakers,1610612747,Minnesota,Timberwolves,1610612750,117,127,1610612750,Regular Season,18997.0,,,244,10
22301142,2024-04-07 20:30:00+00:00,Golden State,Warriors,1610612744,Utah,Jazz,1610612762,118,110,1610612744,Regular Season,18064.0,,,228,8
22301141,2024-04-07 19:30:00+00:00,Brooklyn,Nets,1610612751,Sacramento,Kings,1610612758,77,107,1610612758,Regular Season,17732.0,,,184,30
22301140,2024-04-07 19:00:00+00:00,San Antonio,Spurs,1610612759,Philadelphia,76ers,1610612755,126,133,1610612755,Regular Season,18046.0,,,259,7
22301139,2024-04-07 19:00:00+00:00,Milwaukee,Bucks,1610612749,New York,Knicks,1610612752,109,122,1610612752,Regular Season,17536.0,,,231,13
22301137,2024-04-07 18:00:00+00:00,Toronto,Raptors,1610612761,Washington,Wizards,1610612764,130,122,1610612761,Regular Season,19502.0,,,252,8
22301135,2024-04-07 18:00:00+00:00,Charlotte,Hornets,1610612766,Oklahoma City,Thunder,1610612760,118,121,1610612760,Regular Season,16556.0,,,239,3
22301136,2024-04-07 18:00:00+00:00,Orlando,Magic,1610612753,Chicago,Bulls,1610612741,113,98,1610612753,Regular Season,19276.0,,,211,15
22301134,2024-04-07 18:00:00+00:00,Boston,Celtics,1610612738,Portland,Trail Blazers,1610612757,124,107,1610612738,Regular Season,19156.0,,,231,17
22301138,2024-04-07 18:00:00+00:00,Phoenix,Suns,1610612756,New Orleans,Pelicans,1610612740,105,113,1610612740,Regular Season,17071.0,,,218,8
22301133,2024-04-07 17:00:00+00:00,Indiana,Pacers,1610612754,Miami,Heat,1610612748,117,115,1610612754,Regular Season,17274.0,,,232,2
22301132,2024-04-07 15:30:00+00:00,Los Angeles,Clippers,1610612746,Cleveland,Cavaliers,1610612739,120,118,1610612746,Regular Season,19370.0,,,238,2
22301131,2024-04-07 15:30:00+00:00,Dallas,Mavericks,1610612742,Houston,Rockets,1610612745,147,136,1610612742,Regular Season,20317.0,,,283,11
22301130,2024-04-06 21:00:00+00:00,Denver,Nuggets,1610612743,Atlanta,Hawks,1610612737,142,110,1610612743,Regular Season,19639.0,,,252,32
22301129,2024-04-06 20:00:00+00:00,Memphis,Grizzlies,1610612763,Philadelphia,76ers,1610612755,96,116,1610612755,Regular Season,17794.0,,,212,20
22301128,2024-04-06 19:00:00+00:00,Brooklyn,Nets,1610612751,Detroit,Pistons,1610612765,113,103,1610612751,Regular Season,17732.0,,,216,10
22301127,2024-04-06 15:30:00+00:00,Los Angeles,Lakers,1610612747,Cleveland,Cavaliers,1610612739,116,97,1610612747,Regular Season,18997.0,,,213,19
22301126,2024-04-05 22:30:00+00:00,Los Angeles,Clippers,1610612746,Utah,Jazz,1610612762,131,102,1610612746,Regular Season,19370.0,,,233,29
22301125,2024-04-05 22:00:00+00:00,Phoenix,Suns,1610612756,Minnesota,Timberwolves,1610612750,97,87,1610612756,Regular Season,17071.0,,,184,10
22301097,2024-04-05 20:30:00+00:00,Dallas,Mavericks,1610612742,Golden State,Warriors,1610612744,108,106,1610612742,Regular Season,20425.0,,,214,2
22301122,2024-04-05 20:00:00+00:00,Milwaukee,Bucks,1610612749,Toronto,Raptors,1610612761,111,117,1610612761,Regular Season,17750.0,,,228,6
22301121,2024-04-05 20:00:00+00:00,Memphis,Grizzlies,1610612763,Detroit,Pistons,1610612765,108,90,1610612763,Regular Season,16745.0,,,198,18
22301119,2024-04-05 20:00:00+00:00,Chicago,Bulls,1610612741,New York,Knicks,1610612752,108,100,1610612741,Regular Season,21599.0,,,208,8
22301123,2024-04-05 20:00:00+00:00,New Orleans,Pelicans,1610612740,San Antonio,Spurs,1610612759,109,111,1610612759,Regular Season,17422.0,,,220,2
22301120,2024-04-05 20:00:00+00:00,Houston,Rockets,1610612745,Miami,Heat,1610612748,104,119,1610612748,Regular Season,18055.0,,,223,15
22301118,2024-04-05 19:30:00+00:00,Boston,Celtics,1610612738,Sacramento,Kings,1610612758,101,100,1610612738,Regular Season,19156.0,,,201,1
22301117,2024-04-05 19:00:00+00:00,Washington,Wizards,1610612764,Portland,Trail Blazers,1610612757,102,108,1610612757,Regular Season,18079.0,,,210,6
22301116,2024-04-05 19:00:00+00:00,Indiana,Pacers,1610612754,Oklahoma City,Thunder,1610612760,126,112,1610612754,Regular Season,17274.0,,,238,14
22301115,2024-04-05 19:00:00+00:00,Charlotte,Hornets,1610612766,Orlando,Magic,1610612753,124,115,1610612766,Regular Season,16374.0,,,239,9
22301114,2024-04-04 22:00:00+00:00,Los Angeles,Clippers,1610612746,Denver,Nuggets,1610612743,102,100,1610612746,Regular Season,19370.0,,,202,2
22301113,2024-04-04 20:00:00+00:00,Houston,Rockets,1610612745,Golden State,Warriors,1610612744,110,133,1610612744,Regular Season,18055.0,,,243,23
22301111,2024-04-04 19:30:00+00:00,Miami,Heat,1610612748,Philadelphia,76ers,1610612755,105,109,1610612755,Regular Season,19719.0,,,214,4
22301124,2024-04-04 19:30:00+00:00,Dallas,Mavericks,1610612742,Atlanta,Hawks,1610612737,109,95,1610612742,Regular Season,20211.0,,,204,14
22301112,2024-04-04 19:30:00+00:00,New York,Knicks,1610612752,Sacramento,Kings,1610612758,120,109,1610612752,Regular Season,19812.0,,,229,11
22301110,2024-04-03 22:00:00+00:00,Phoenix,Suns,1610612756,Cleveland,Cavaliers,1610612739,122,101,1610612756,Regular Season,17071.0,,,223,21
22301107,2024-04-03 20:00:00+00:00,Milwaukee,Bucks,1610612749,Memphis,Grizzlies,1610612763,101,111,1610612763,Regular Season,17420.0,,,212,10
22301108,2024-04-03 20:00:00+00:00,Minnesota,Timberwolves,1610612750,Toronto,Raptors,1610612761,133,85,1610612750,Regular Season,18024.0,,,218,48
22301109,2024-04-03 20:00:00+00:00,New Orleans,Pelicans,1610612740,Orlando,Magic,1610612753,108,117,1610612753,Regular Season,16427.0,,,225,9
22301105,2024-04-03 19:30:00+00:00,Boston,Celtics,1610612738,Oklahoma City,Thunder,1610612760,135,100,1610612738,Regular Season,19156.0,,,235,35
22301104,2024-04-03 19:30:00+00:00,Atlanta,Hawks,1610612737,Detroit,Pistons,1610612765,121,113,1610612737,Regular Season,17899.0,,,234,8
22301106,2024-04-03 19:30:00+00:00,Brooklyn,Nets,1610612751,Indiana,Pacers,1610612754,115,111,1610612751,Regular Season,17732.0,,,226,4
22301102,2024-04-03 19:00:00+00:00,Charlotte,Hornets,1610612766,Portland,Trail Blazers,1610612757,86,89,1610612757,Regular Season,14209.0,,,175,3
22301103,2024-04-03 19:00:00+00:00,Washington,Wizards,1610612764,Los Angeles,Lakers,1610612747,120,125,1610612747,Regular Season,20333.0,,,245,5
22300589,2024-04-02 22:00:00+00:00,Golden State,Warriors,1610612744,Dallas,Mavericks,1610612742,104,100,1610612744,Regular Season,18064.0,,,204,4
22301101,2024-04-02 22:00:00+00:00,Sacramento,Kings,1610612758,Los Angeles,Clippers,1610612746,109,95,1610612758,Regular Season,17832.0,,,204,14
22301099,2024-04-02 21:00:00+00:00,Denver,Nuggets,1610612743,San Antonio,Spurs,1610612759,110,105,1610612743,Regular Season,19741.0,,,215,5
22301100,2024-04-02 21:00:00+00:00,Utah,Jazz,1610612762,Cleveland,Cavaliers,1610612739,113,129,1610612739,Regular Season,18206.0,,,242,16
22301098,2024-04-02 20:00:00+00:00,Minnesota,Timberwolves,1610612750,Houston,Rockets,1610612745,113,106,1610612750,Regular Season,18024.0,,,219,7
22301096,2024-04-02 19:30:00+00:00,Miami,Heat,1610612748,New York,Knicks,1610612752,109,99,1610612748,Regular Season,19857.0,,,208,10
22301093,2024-04-02 19:30:00+00:00,Philadelphia,76ers,1610612755,Oklahoma City,Thunder,1610612760,109,105,1610612755,Regular Season,20733.0,,,214,4
22301095,2024-04-02 19:00:00+00:00,Washington,Wizards,1610612764,Milwaukee,Bucks,1610612749,117,113,1610612764,Regular Season,16492.0,,,230,4
22301094,2024-04-02 19:00:00+00:00,Toronto,Raptors,1610612761,Los Angeles,Lakers,1610612747,111,128,1610612747,Regular Season,19800.0,,,239,17
22301092,2024-04-01 20:00:00+00:00,New Orleans,Pelicans,1610612740,Phoenix,Suns,1610612756,111,124,1610612756,Regular Season,17753.0,,,235,13
22301091,2024-04-01 20:00:00+00:00,Chicago,Bulls,1610612741,Atlanta,Hawks,1610612737,101,113,1610612737,Regular Season,21114.0,,,214,12
22301088,2024-04-01 19:00:00+00:00,Detroit,Pistons,1610612765,Memphis,Grizzlies,1610612763,108,110,1610612763,Regular Season,19999.0,,,218,2
22301089,2024-04-01 19:00:00+00:00,Indiana,Pacers,1610612754,Brooklyn,Nets,1610612751,133,111,1610612754,Regular Season,16522.0,,,244,22
22301090,2024-04-01 19:00:00+00:00,Orlando,Magic,1610612753,Portland,Trail Blazers,1610612757,104,103,1610612753,Regular Season,19004.0,,,207,1
22301087,2024-04-01 19:00:00+00:00,Charlotte,Hornets,1610612766,Boston,Celtics,1610612738,104,118,1610612738,Regular Season,19238.0,,,222,14
22301086,2024-03-31 21:00:00+00:00,Sacramento,Kings,1610612758,Utah,Jazz,1610612762,127,106,1610612758,Regular Season,18332.0,,,233,21
22301084,2024-03-31 19:00:00+00:00,Minnesota,Timberwolves,1610612750,Chicago,Bulls,1610612741,101,109,1610612741,Regular Season,18024.0,,,210,8
22301085,2024-03-31 19:00:00+00:00,San Antonio,Spurs,1610612759,Golden State,Warriors,1610612744,113,117,1610612744,Regular Season,18718.0,,,230,4
22301083,2024-03-31 19:00:00+00:00,Houston,Rockets,1610612745,Dallas,Mavericks,1610612742,107,125,1610612742,Regular Season,18055.0,,,232,18
22301082,2024-03-31 19:00:00+00:00,New York,Knicks,1610612752,Oklahoma City,Thunder,1610612760,112,113,1610612760,Regular Season,19812.0,,,225,1
22301080,2024-03-31 18:00:00+00:00,Toronto,Raptors,1610612761,Philadelphia,76ers,1610612755,120,135,1610612755,Regular Season,19114.0,,,255,15
22301081,2024-03-31 18:00:00+00:00,Washington,Wizards,1610612764,Miami,Heat,1610612748,107,119,1610612748,Regular Season,16039.0,,,226,12
22301079,2024-03-31 18:00:00+00:00,Charlotte,Hornets,1610612766,Los Angeles,Clippers,1610612746,118,130,1610612746,Regular Season,15941.0,,,248,12
22301078,2024-03-31 18:00:00+00:00,Brooklyn,Nets,1610612751,Los Angeles,Lakers,1610612747,104,116,1610612747,Regular Season,18162.0,,,220,12
22301077,2024-03-31 15:30:00+00:00,Denver,Nuggets,1610612743,Cleveland,Cavaliers,1610612739,130,101,1610612743,Regular Season,19621.0,,,231,29
22301076,2024-03-30 19:30:00+00:00,Atlanta,Hawks,1610612737,Milwaukee,Bucks,1610612749,113,122,1610612749,Regular Season,17700.0,,,235,9
22301075,2024-03-30 19:00:00+00:00,Orlando,Magic,1610612753,Memphis,Grizzlies,1610612763,118,88,1610612753,Regular Season,18009.0,,,206,30
22301074,2024-03-30 17:00:00+00:00,New Orleans,Pelicans,1610612740,Boston,Celtics,1610612738,92,104,1610612738,Regular Season,17932.0,,,196,12
22301073,2024-03-29 22:00:00+00:00,Sacramento,Kings,1610612758,Dallas,Mavericks,1610612742,103,107,1610612742,Regular Season,17832.0,,,210,4
22301072,2024-03-29 21:30:00+00:00,Utah,Jazz,1610612762,Houston,Rockets,1610612745,100,101,1610612745,Regular Season,18206.0,,,201,1
22301071,2024-03-29 21:00:00+00:00,Denver,Nuggets,1610612743,Minnesota,Timberwolves,1610612750,98,111,1610612750,Regular Season,19844.0,,,209,13
22301068,2024-03-29 20:00:00+00:00,Miami,Heat,1610612748,Portland,Trail Blazers,1610612757,142,82,1610612748,Regular Season,19839.0,,,224,60
22301069,2024-03-29 20:00:00+00:00,Oklahoma City,Thunder,1610612760,Phoenix,Suns,1610612756,128,103,1610612760,Regular Season,18203.0,,,231,25
22301070,2024-03-29 20:00:00+00:00,San Antonio,Spurs,1610612759,New York,Knicks,1610612752,130,126,1610612759,Regular Season,18604.0,,,256,4
22301066,2024-03-29 19:30:00+00:00,Brooklyn,Nets,1610612751,Chicago,Bulls,1610612741,125,108,1610612751,Regular Season,17894.0,,,233,17
22301067,2024-03-29 19:30:00+00:00,Cleveland,Cavaliers,1610612739,Philadelphia,76ers,1610612755,117,114,1610612739,Regular Season,19432.0,,,231,3
22301062,2024-03-29 19:00:00+00:00,Charlotte,Hornets,1610612766,Golden State,Warriors,1610612744,97,115,1610612744,Regular Season,19487.0,,,212,18
22301065,2024-03-29 19:00:00+00:00,Washington,Wizards,1610612764,Detroit,Pistons,1610612765,87,96,1610612765,Regular Season,15023.0,,,183,9
22301064,2024-03-29 19:00:00+00:00,Orlando,Magic,1610612753,Los Angeles,Clippers,1610612746,97,100,1610612746,Regular Season,19452.0,,,197,3
22301063,2024-03-29 19:00:00+00:00,Indiana,Pacers,1610612754,Los Angeles,Lakers,1610612747,109,90,1610612754,Regular Season,17274.0,,,199,19
22301061,2024-03-28 20:00:00+00:00,New Orleans,Pelicans,1610612740,Milwaukee,Bucks,1610612749,107,100,1610612740,Regular Season,17484.0,,,207,7
22301060,2024-03-28 19:30:00+00:00,Atlanta,Hawks,1610612737,Boston,Celtics,1610612738,123,122,1610612737,Regular Season,17743.0,,,245,1
22301059,2024-03-27 22:00:00+00:00,Denver,Nuggets,1610612743,Phoenix,Suns,1610612756,97,104,1610612756,Regular Season,19827.0,,,201,7
22301058,2024-03-27 21:00:00+00:00,Utah,Jazz,1610612762,San Antonio,Spurs,1610612759,111,118,1610612759,Regular Season,18206.0,,,229,7
22301056,2024-03-27 20:00:00+00:00,Minnesota,Timberwolves,1610612750,Detroit,Pistons,1610612765,106,91,1610612750,Regular Season,18024.0,,,197,15
22301057,2024-03-27 20:00:00+00:00,Oklahoma City,Thunder,1610612760,Houston,Rockets,1610612745,126,132,1610612745,Regular Season,17438.0,,,258,6
22301054,2024-03-27 20:00:00+00:00,Chicago,Bulls,1610612741,Indiana,Pacers,1610612754,125,99,1610612741,Regular Season,22018.0,,,224,26
22301055,2024-03-27 20:00:00+00:00,Memphis,Grizzlies,1610612763,Los Angeles,Lakers,1610612747,124,136,1610612747,Regular Season,17794.0,,,260,12
22301053,2024-03-27 19:30:00+00:00,Toronto,Raptors,1610612761,New York,Knicks,1610612752,101,145,1610612752,Regular Season,19133.0,,,246,44
22301051,2024-03-27 19:30:00+00:00,Atlanta,Hawks,1610612737,Portland,Trail Blazers,1610612757,120,106,1610612737,Regular Season,16059.0,,,226,14
22301052,2024-03-27 19:30:00+00:00,Philadelphia,76ers,1610612755,Los Angeles,Clippers,1610612746,107,108,1610612746,Regular Season,21022.0,,,215,1
22301050,2024-03-27 19:00:00+00:00,Washington,Wizards,1610612764,Brooklyn,Nets,1610612751,119,122,1610612751,Regular Season,15159.0,,,241,3
22301048,2024-03-27 19:00:00+00:00,Charlotte,Hornets,1610612766,Cleveland,Cavaliers,1610612739,118,111,1610612766,Regular Season,15303.0,,,229,7
22301049,2024-03-27 19:00:00+00:00,Orlando,Magic,1610612753,Golden State,Warriors,1610612744,93,101,1610612744,Regular Season,19210.0,,,194,8
22301047,2024-03-26 22:00:00+00:00,Sacramento,Kings,1610612758,Dallas,Mavericks,1610612742,96,132,1610612742,Regular Season,17832.0,,,228,36
22301046,2024-03-26 20:00:00+00:00,New Orleans,Pelicans,1610612740,Oklahoma City,Thunder,1610612760,112,119,1610612760,Regular Season,17436.0,,,231,7
22301045,2024-03-26 19:30:00+00:00,Milwaukee,Bucks,1610612749,Los Angeles,Lakers,1610612747,124,128,1610612747,Regular Season,18085.0,,,252,4
22301044,2024-03-26 19:30:00+00:00,Miami,Heat,1610612748,Golden State,Warriors,1610612744,92,113,1610612744,Regular Season,19813.0,,,205,21
22301043,2024-03-25 22:30:00+00:00,Los Angeles,Clippers,1610612746,Indiana,Pacers,1610612754,116,133,1610612754,Regular Season,19370.0,,,249,17
22301042,2024-03-25 22:00:00+00:00,Sacramento,Kings,1610612758,Philadelphia,76ers,1610612755,108,96,1610612758,Regular Season,17832.0,,,204,12
22301041,2024-03-25 21:00:00+00:00,Utah,Jazz,1610612762,Dallas,Mavericks,1610612742,105,115,1610612742,Regular Season,18206.0,,,220,10
22301040,2024-03-25 21:00:00+00:00,Denver,Nuggets,1610612743,Memphis,Grizzlies,1610612763,128,103,1610612743,Regular Season,19536.0,,,231,25
22301037,2024-03-25 20:00:00+00:00,Chicago,Bulls,1610612741,Washington,Wizards,1610612764,105,107,1610612764,Regular Season,21726.0,,,212,2
22301039,2024-03-25 20:00:00+00:00,San Antonio,Spurs,1610612759,Phoenix,Suns,1610612756,104,102,1610612759,Regular Season,18044.0,,,206,2
22301038,2024-03-25 20:00:00+00:00,Houston,Rockets,1610612745,Portland,Trail Blazers,1610612757,110,92,1610612745,Regular Season,16537.0,,,202,18
22301036,2024-03-25 19:30:00+00:00,Toronto,Raptors,1610612761,Brooklyn,Nets,1610612751,88,96,1610612751,Regular Season,18376.0,,,184,8
22301035,2024-03-25 19:30:00+00:00,New York,Knicks,1610612752,Detroit,Pistons,1610612765,124,99,1610612752,Regular Season,19812.0,,,223,25
22301034,2024-03-25 19:30:00+00:00,Atlanta,Hawks,1610612737,Boston,Celtics,1610612738,120,118,1610612737,Regular Season,17405.0,,,238,2
22301033,2024-03-25 19:00:00+00:00,Cleveland,Cavaliers,1610612739,Charlotte,Hornets,1610612766,115,92,1610612739,Regular Season,19432.0,,,207,23
22301032,2024-03-24 22:00:00+00:00,Los Angeles,Lakers,1610612747,Indiana,Pacers,1610612754,150,145,1610612747,Regular Season,18997.0,,,295,5
22301031,2024-03-24 19:00:00+00:00,Minnesota,Timberwolves,1610612750,Golden State,Warriors,1610612744,114,110,1610612750,Regular Season,18024.0,,,224,4
22301030,2024-03-24 19:00:00+00:00,Milwaukee,Bucks,1610612749,Oklahoma City,Thunder,1610612760,118,93,1610612749,Regular Season,17912.0,,,211,25
22301029,2024-03-24 18:00:00+00:00,Miami,Heat,1610612748,Cleveland,Cavaliers,1610612739,121,84,1610612748,Regular Season,19645.0,,,205,37
22301028,2024-03-24 15:30:00+00:00,Los Angeles,Clippers,1610612746,Philadelphia,76ers,1610612755,107,121,1610612755,Regular Season,19370.0,,,228,14
22301027,2024-03-24 15:00:00+00:00,Detroit,Pistons,1610612765,New Orleans,Pelicans,1610612740,101,114,1610612740,Regular Season,19922.0,,,215,13
22301026,2024-03-23 22:00:00+00:00,Portland,Trail Blazers,1610612757,Denver,Nuggets,1610612743,111,114,1610612743,Regular Season,18629.0,,,225,3
22301025,2024-03-23 20:00:00+00:00,San Antonio,Spurs,1610612759,Phoenix,Suns,1610612756,106,131,1610612756,Regular Season,18354.0,,,237,25
22301024,2024-03-23 20:00:00+00:00,Houston,Rockets,1610612745,Utah,Jazz,1610612762,147,119,1610612745,Regular Season,18055.0,,,266,28
22301022,2024-03-23 20:00:00+00:00,Washington,Wizards,1610612764,Toronto,Raptors,1610612761,112,109,1610612764,Regular Season,15746.0,,,221,3
22301023,2024-03-23 20:00:00+00:00,Chicago,Bulls,1610612741,Boston,Celtics,1610612738,113,124,1610612738,Regular Season,21198.0,,,237,11
22301021,2024-03-23 19:30:00+00:00,Atlanta,Hawks,1610612737,Charlotte,Hornets,1610612766,132,91,1610612737,Regular Season,17900.0,,,223,41
22301020,2024-03-23 19:00:00+00:00,Orlando,Magic,1610612753,Sacramento,Kings,1610612758,107,109,1610612758,Regular Season,18307.0,,,216,2
22301019,2024-03-23 13:00:00+00:00,New York,Knicks,1610612752,Brooklyn,Nets,1610612751,105,93,1610612752,Regular Season,19812.0,,,198,12
22301018,2024-03-22 22:30:00+00:00,Los Angeles,Lakers,1610612747,Philadelphia,76ers,1610612755,101,94,1610612747,Regular Season,18997.0,,,195,7
22301017,2024-03-22 22:00:00+00:00,Portland,Trail Blazers,1610612757,Los Angeles,Clippers,1610612746,117,125,1610612746,Regular Season,18660.0,,,242,8
22301016,2024-03-22 22:00:00+00:00,Golden State,Warriors,1610612744,Indiana,Pacers,1610612754,111,123,1610612754,Regular Season,18064.0,,,234,12
22301013,2024-03-22 20:00:00+00:00,Miami,Heat,1610612748,New Orleans,Pelicans,1610612740,88,111,1610612740,Regular Season,19727.0,,,199,23
22301015,2024-03-22 20:00:00+00:00,San Antonio,Spurs,1610612759,Memphis,Grizzlies,1610612763,97,99,1610612763,Regular Season,17408.0,,,196,2
22301014,2024-03-22 20:00:00+00:00,Minnesota,Timberwolves,1610612750,Cleveland,Cavaliers,1610612739,104,91,1610612750,Regular Season,18024.0,,,195,13
22301012,2024-03-22 19:00:00+00:00,Toronto,Raptors,1610612761,Oklahoma City,Thunder,1610612760,103,123,1610612760,Regular Season,19601.0,,,226,20
22301011,2024-03-22 19:00:00+00:00,Detroit,Pistons,1610612765,Boston,Celtics,1610612738,102,129,1610612738,Regular Season,19994.0,,,231,27
22301010,2024-03-21 22:30:00+00:00,Phoenix,Suns,1610612756,Atlanta,Hawks,1610612737,128,115,1610612756,Regular Season,17071.0,,,243,13
22301009,2024-03-21 21:00:00+00:00,Denver,Nuggets,1610612743,New York,Knicks,1610612752,113,100,1610612743,Regular Season,19811.0,,,213,13
22301008,2024-03-21 20:30:00+00:00,Dallas,Mavericks,1610612742,Utah,Jazz,1610612762,113,97,1610612742,Regular Season,20277.0,,,210,16
22301006,2024-03-21 20:00:00+00:00,Houston,Rockets,1610612745,Chicago,Bulls,1610612741,127,117,1610612745,Regular Season,17016.0,,,244,10
22301007,2024-03-21 20:00:00+00:00,Milwaukee,Bucks,1610612749,Brooklyn,Nets,1610612751,115,108,1610612749,Regular Season,17341.0,,,223,7
22301004,2024-03-21 19:00:00+00:00,Orlando,Magic,1610612753,New Orleans,Pelicans,1610612740,121,106,1610612753,Regular Season,17094.0,,,227,15
22301005,2024-03-21 19:00:00+00:00,Washington,Wizards,1610612764,Sacramento,Kings,1610612758,109,102,1610612764,Regular Season,14495.0,,,211,7
22301003,2024-03-20 22:00:00+00:00,Portland,Trail Blazers,1610612757,Los Angeles,Clippers,1610612746,103,116,1610612746,Regular Season,17504.0,,,219,13
22301001,2024-03-20 22:00:00+00:00,Golden State,Warriors,1610612744,Memphis,Grizzlies,1610612763,137,116,1610612744,Regular Season,18064.0,,,253,21
22301002,2024-03-20 22:00:00+00:00,Phoenix,Suns,1610612756,Philadelphia,76ers,1610612755,115,102,1610612756,Regular Season,17071.0,,,217,13
22301000,2024-03-20 20:00:00+00:00,Oklahoma City,Thunder,1610612760,Utah,Jazz,1610612762,119,107,1610612760,Regular Season,18203.0,,,226,12
22300999,2024-03-20 19:30:00+00:00,Toronto,Raptors,1610612761,Sacramento,Kings,1610612758,89,123,1610612758,Regular Season,18641.0,,,212,34
22300998,2024-03-20 19:30:00+00:00,Boston,Celtics,1610612738,Milwaukee,Bucks,1610612749,122,119,1610612738,Regular Season,19156.0,,,241,3
22300996,2024-03-20 19:00:00+00:00,Cleveland,Cavaliers,1610612739,Miami,Heat,1610612748,104,107,1610612748,Regular Season,19432.0,,,211,3
22300997,2024-03-20 19:00:00+00:00,Detroit,Pistons,1610612765,Indiana,Pacers,1610612754,103,122,1610612754,Regular Season,19897.0,,,225,19
22300995,2024-03-19 21:00:00+00:00,Minnesota,Timberwolves,1610612750,Denver,Nuggets,1610612743,112,115,1610612743,Regular Season,18024.0,,,227,3
22300994,2024-03-19 20:00:00+00:00,San Antonio,Spurs,1610612759,Dallas,Mavericks,1610612742,107,113,1610612742,Regular Season,18354.0,,,220,6
22300993,2024-03-19 19:30:00+00:00,Brooklyn,Nets,1610612751,New Orleans,Pelicans,1610612740,91,104,1610612740,Regular Season,17732.0,,,195,13
22300991,2024-03-19 19:00:00+00:00,Orlando,Magic,1610612753,Charlotte,Hornets,1610612766,112,92,1610612753,Regular Season,18846.0,,,204,20
22300992,2024-03-19 19:00:00+00:00,Washington,Wizards,1610612764,Houston,Rockets,1610612745,114,137,1610612745,Regular Season,14137.0,,,251,23
22300990,2024-03-18 22:30:00+00:00,Los Angeles,Lakers,1610612747,Atlanta,Hawks,1610612737,136,105,1610612747,Regular Season,18997.0,,,241,31
22300989,2024-03-18 22:00:00+00:00,Sacramento,Kings,1610612758,Memphis,Grizzlies,1610612763,121,111,1610612758,Regular Season,17832.0,,,232,10
22300988,2024-03-18 22:00:00+00:00,Golden State,Warriors,1610612744,New York,Knicks,1610612752,112,119,1610612752,Regular Season,18064.0,,,231,7
22300987,2024-03-18 21:00:00+00:00,Utah,Jazz,1610612762,Minnesota,Timberwolves,1610612750,104,114,1610612750,Regular Season,18206.0,,,218,10
22300986,2024-03-18 20:00:00+00:00,Chicago,Bulls,1610612741,Portland,Trail Blazers,1610612757,110,107,1610612741,Regular Season,20293.0,,,217,3
22300985,2024-03-18 19:30:00+00:00,Philadelphia,76ers,1610612755,Miami,Heat,1610612748,98,91,1610612755,Regular Season,19782.0,,,189,7
22300984,2024-03-18 19:30:00+00:00,Boston,Celtics,1610612738,Detroit,Pistons,1610612765,119,94,1610612738,Regular Season,19156.0,,,213,25
22300983,2024-03-18 19:00:00+00:00,Indiana,Pacers,1610612754,Cleveland,Cavaliers,1610612739,103,108,1610612739,Regular Season,17274.0,,,211,5
22300982,2024-03-17 21:30:00+00:00,Los Angeles,Clippers,1610612746,Atlanta,Hawks,1610612737,93,110,1610612737,Regular Season,19370.0,,,203,17
22300981,2024-03-17 19:00:00+00:00,San Antonio,Spurs,1610612759,Brooklyn,Nets,1610612751,122,115,1610612759,Regular Season,16057.0,,,237,7
22300980,2024-03-17 18:00:00+00:00,Washington,Wizards,1610612764,Boston,Celtics,1610612738,104,130,1610612738,Regular Season,20333.0,,,234,26
22300979,2024-03-17 18:00:00+00:00,Orlando,Magic,1610612753,Toronto,Raptors,1610612761,111,96,1610612753,Regular Season,18846.0,,,207,15
22300978,2024-03-17 15:30:00+00:00,Dallas,Mavericks,1610612742,Denver,Nuggets,1610612743,107,105,1610612742,Regular Season,20377.0,,,212,2
22300977,2024-03-17 15:00:00+00:00,Detroit,Pistons,1610612765,Miami,Heat,1610612748,101,104,1610612748,Regular Season,20004.0,,,205,3
22300976,2024-03-17 13:00:00+00:00,Milwaukee,Bucks,1610612749,Phoenix,Suns,1610612756,140,129,1610612749,Regular Season,17783.0,,,269,11
22300975,2024-03-16 22:00:00+00:00,Sacramento,Kings,1610612758,New York,Knicks,1610612752,91,98,1610612752,Regular Season,18311.0,,,189,7
22300974,2024-03-16 21:30:00+00:00,Utah,Jazz,1610612762,Minnesota,Timberwolves,1610612750,100,119,1610612750,Regular Season,18206.0,,,219,19
22300973,2024-03-16 20:30:00+00:00,Los Angeles,Lakers,1610612747,Golden State,Warriors,1610612744,121,128,1610612744,Regular Season,18997.0,,,249,7
22300972,2024-03-16 20:00:00+00:00,Memphis,Grizzlies,1610612763,Oklahoma City,Thunder,1610612760,112,118,1610612760,Regular Season,17012.0,,,230,6
22300971,2024-03-16 20:00:00+00:00,Chicago,Bulls,1610612741,Washington,Wizards,1610612764,127,98,1610612741,Regular Season,21697.0,,,225,29
22300968,2024-03-16 19:00:00+00:00,Indiana,Pacers,1610612754,Brooklyn,Nets,1610612751,121,100,1610612754,Regular Season,17009.0,,,221,21
22300970,2024-03-16 19:00:00+00:00,New Orleans,Pelicans,1610612740,Portland,Trail Blazers,1610612757,126,107,1610612740,Regular Season,17725.0,,,233,19
22300969,2024-03-16 19:00:00+00:00,Philadelphia,76ers,1610612755,Charlotte,Hornets,1610612766,109,98,1610612755,Regular Season,19957.0,,,207,11
22300967,2024-03-16 17:00:00+00:00,Houston,Rockets,1610612745,Cleveland,Cavaliers,1610612739,117,103,1610612745,Regular Season,18055.0,,,220,14
22300966,2024-03-15 21:30:00+00:00,Utah,Jazz,1610612762,Atlanta,Hawks,1610612737,124,122,1610612762,Regular Season,18206.0,,,246,2
22300965,2024-03-15 20:30:00+00:00,San Antonio,Spurs,1610612759,Denver,Nuggets,1610612743,106,117,1610612743,Regular Season,16223.0,,,223,11
22300964,2024-03-15 20:00:00+00:00,New Orleans,Pelicans,1610612740,Los Angeles,Clippers,1610612746,112,104,1610612740,Regular Season,18865.0,,,216,8
22300963,2024-03-15 19:30:00+00:00,Toronto,Raptors,1610612761,Orlando,Magic,1610612753,103,113,1610612753,Regular Season,19800.0,,,216,10
22300962,2024-03-15 19:00:00+00:00,Detroit,Pistons,1610612765,Miami,Heat,1610612748,95,108,1610612748,Regular Season,19894.0,,,203,13
22300961,2024-03-15 19:00:00+00:00,Charlotte,Hornets,1610612766,Phoenix,Suns,1610612756,96,107,1610612756,Regular Season,18613.0,,,203,11
22300960,2024-03-14 22:00:00+00:00,Portland,Trail Blazers,1610612757,New York,Knicks,1610612752,93,105,1610612752,Regular Season,17768.0,,,198,12
22300959,2024-03-14 22:00:00+00:00,Oklahoma City,Thunder,1610612760,Dallas,Mavericks,1610612742,126,119,1610612760,Regular Season,18203.0,,,245,7
22300956,2024-03-14 20:00:00+00:00,Chicago,Bulls,1610612741,Los Angeles,Clippers,1610612746,111,126,1610612746,Regular Season,21219.0,,,237,15
22300958,2024-03-14 20:00:00+00:00,Milwaukee,Bucks,1610612749,Philadelphia,76ers,1610612755,114,105,1610612749,Regular Season,17635.0,,,219,9
22300957,2024-03-14 20:00:00+00:00,Houston,Rockets,1610612745,Washington,Wizards,1610612764,135,119,1610612745,Regular Season,18055.0,,,254,16
22300955,2024-03-14 19:30:00+00:00,Boston,Celtics,1610612738,Phoenix,Suns,1610612756,127,112,1610612738,Regular Season,19156.0,,,239,15
22300954,2024-03-13 22:00:00+00:00,Sacramento,Kings,1610612758,Los Angeles,Lakers,1610612747,120,107,1610612758,Regular Season,18332.0,,,227,13
22300953,2024-03-13 22:00:00+00:00,Portland,Trail Blazers,1610612757,Atlanta,Hawks,1610612737,106,102,1610612757,Regular Season,18064.0,,,208,4
22300952,2024-03-13 20:30:00+00:00,Dallas,Mavericks,1610612742,Golden State,Warriors,1610612744,109,99,1610612742,Regular Season,20411.0,,,208,10
22300950,2024-03-13 20:00:00+00:00,Memphis,Grizzlies,1610612763,Charlotte,Hornets,1610612766,98,110,1610612766,Regular Season,16717.0,,,208,12
22300951,2024-03-13 20:00:00+00:00,New Orleans,Pelicans,1610612740,Cleveland,Cavaliers,1610612739,95,116,1610612739,Regular Season,17727.0,,,211,21
22300949,2024-03-13 19:30:00+00:00,Miami,Heat,1610612748,Denver,Nuggets,1610612743,88,100,1610612743,Regular Season,19921.0,,,188,12
22300948,2024-03-13 19:30:00+00:00,Indiana,Pacers,1610612754,Chicago,Bulls,1610612741,129,132,1610612741,Regular Season,17274.0,,,261,3
22300947,2024-03-13 19:00:00+00:00,Orlando,Magic,1610612753,Brooklyn,Nets,1610612751,114,106,1610612753,Regular Season,18846.0,,,220,8
22300946,2024-03-13 19:00:00+00:00,Detroit,Pistons,1610612765,Toronto,Raptors,1610612761,113,104,1610612765,Regular Season,19313.0,,,217,9
22300944,2024-03-12 22:00:00+00:00,Los Angeles,Clippers,1610612746,Minnesota,Timberwolves,1610612750,100,118,1610612750,Regular Season,19370.0,,,218,18
22300945,2024-03-12 22:00:00+00:00,Sacramento,Kings,1610612758,Milwaukee,Bucks,1610612749,129,94,1610612758,Regular Season,17832.0,,,223,35
22300943,2024-03-12 21:00:00+00:00,Utah,Jazz,1610612762,Boston,Celtics,1610612738,107,123,1610612738,Regular Season,18206.0,,,230,16
22300942,2024-03-12 20:30:00+00:00,San Antonio,Spurs,1610612759,Houston,Rockets,1610612745,101,103,1610612745,Regular Season,18751.0,,,204,2
22300941,2024-03-12 20:00:00+00:00,Oklahoma City,Thunder,1610612760,Indiana,Pacers,1610612754,111,121,1610612754,Regular Season,17118.0,,,232,10
22300940,2024-03-12 20:00:00+00:00,Memphis,Grizzlies,1610612763,Washington,Wizards,1610612764,109,97,1610612763,Regular Season,15291.0,,,206,12
22300939,2024-03-12 19:30:00+00:00,New York,Knicks,1610612752,Philadelphia,76ers,1610612755,106,79,1610612752,Regular Season,19812.0,,,185,27
22300938,2024-03-11 22:30:00+00:00,Portland,Trail Blazers,1610612757,Boston,Celtics,1610612738,99,121,1610612738,Regular Season,18480.0,,,220,22
22300937,2024-03-11 21:00:00+00:00,Denver,Nuggets,1610612743,Toronto,Raptors,1610612761,125,119,1610612743,Regular Season,19652.0,,,244,6
22300936,2024-03-11 20:00:00+00:00,San Antonio,Spurs,1610612759,Golden State,Warriors,1610612744,102,112,1610612744,Regular Season,18354.0,,,214,10
22300935,2024-03-11 20:00:00+00:00,Chicago,Bulls,1610612741,Dallas,Mavericks,1610612742,92,127,1610612742,Regular Season,21363.0,,,219,35
22300934,2024-03-11 19:30:00+00:00,Cleveland,Cavaliers,1610612739,Phoenix,Suns,1610612756,111,117,1610612756,Regular Season,19432.0,,,228,6
22300933,2024-03-11 19:00:00+00:00,Detroit,Pistons,1610612765,Charlotte,Hornets,1610612766,114,97,1610612765,Regular Season,18003.0,,,211,17
22300932,2024-03-10 21:30:00+00:00,Los Angeles,Lakers,1610612747,Minnesota,Timberwolves,1610612750,120,109,1610612747,Regular Season,18997.0,,,229,11
22300930,2024-03-10 19:00:00+00:00,Cleveland,Cavaliers,1610612739,Brooklyn,Nets,1610612751,101,120,1610612751,Regular Season,19432.0,,,221,19
22300931,2024-03-10 19:00:00+00:00,Oklahoma City,Thunder,1610612760,Memphis,Grizzlies,1610612763,124,93,1610612760,Regular Season,18203.0,,,217,31
22300927,2024-03-10 19:00:00+00:00,New York,Knicks,1610612752,Philadelphia,76ers,1610612755,73,79,1610612755,Regular Season,19812.0,,,152,6
22300926,2024-03-10 18:00:00+00:00,Miami,Heat,1610612748,Washington,Wizards,1610612764,108,110,1610612764,Regular Season,19730.0,,,218,2
22300928,2024-03-10 18:00:00+00:00,Orlando,Magic,1610612753,Indiana,Pacers,1610612754,97,111,1610612754,Regular Season,19481.0,,,208,14
22300925,2024-03-10 18:00:00+00:00,Atlanta,Hawks,1610612737,New Orleans,Pelicans,1610612740,103,116,1610612740,Regular Season,17695.0,,,219,13
22300929,2024-03-10 18:00:00+00:00,Sacramento,Kings,1610612758,Houston,Rockets,1610612745,104,112,1610612745,Regular Season,18022.0,,,216,8
22300924,2024-03-10 15:00:00+00:00,Los Angeles,Clippers,1610612746,Milwaukee,Bucks,1610612749,117,124,1610612749,Regular Season,19370.0,,,241,7
22300923,2024-03-09 22:00:00+00:00,Portland,Trail Blazers,1610612757,Toronto,Raptors,1610612761,128,118,1610612757,Regular Season,18117.0,,,246,10
22300922,2024-03-09 21:00:00+00:00,Denver,Nuggets,1610612743,Utah,Jazz,1610612762,142,121,1610612743,Regular Season,19632.0,,,263,21
22300920,2024-03-09 20:30:00+00:00,Phoenix,Suns,1610612756,Boston,Celtics,1610612738,107,117,1610612738,Regular Season,17071.0,,,224,10
22300921,2024-03-09 20:30:00+00:00,Golden State,Warriors,1610612744,San Antonio,Spurs,1610612759,113,126,1610612759,Regular Season,18064.0,,,239,13
22300919,2024-03-09 19:00:00+00:00,Detroit,Pistons,1610612765,Dallas,Mavericks,1610612742,124,142,1610612742,Regular Season,20062.0,,,266,18
22300918,2024-03-09 19:00:00+00:00,Charlotte,Hornets,1610612766,Brooklyn,Nets,1610612751,110,99,1610612766,Regular Season,19090.0,,,209,11
22300917,2024-03-09 16:00:00+00:00,Los Angeles,Clippers,1610612746,Chicago,Bulls,1610612741,112,102,1610612746,Regular Season,19370.0,,,214,10
22300916,2024-03-08 22:00:00+00:00,Portland,Trail Blazers,1610612757,Houston,Rockets,1610612745,107,123,1610612745,Regular Season,18139.0,,,230,16
22300915,2024-03-08 22:00:00+00:00,Los Angeles,Lakers,1610612747,Milwaukee,Bucks,1610612749,123,122,1610612747,Regular Season,18997.0,,,245,1
22300913,2024-03-08 20:00:00+00:00,Memphis,Grizzlies,1610612763,Atlanta,Hawks,1610612737,92,99,1610612737,Regular Season,16667.0,,,191,7
22300914,2024-03-08 20:00:00+00:00,Oklahoma City,Thunder,1610612760,Miami,Heat,1610612748,107,100,1610612760,Regular Season,18203.0,,,207,7
22300912,2024-03-08 19:30:00+00:00,New York,Knicks,1610612752,Orlando,Magic,1610612753,98,74,1610612752,Regular Season,19812.0,,,172,24
22300911,2024-03-08 19:30:00+00:00,Cleveland,Cavaliers,1610612739,Minnesota,Timberwolves,1610612750,113,104,1610612739,Regular Season,19432.0,,,217,9
22300909,2024-03-08 19:00:00+00:00,Philadelphia,76ers,1610612755,New Orleans,Pelicans,1610612740,95,103,1610612740,Regular Season,19777.0,,,198,8
22300910,2024-03-08 19:00:00+00:00,Washington,Wizards,1610612764,Charlotte,Hornets,1610612766,112,100,1610612764,Regular Season,18778.0,,,212,12
22300906,2024-03-07 22:00:00+00:00,Denver,Nuggets,1610612743,Boston,Celtics,1610612738,115,109,1610612743,Regular Season,19855.0,,,224,6
22300908,2024-03-07 22:00:00+00:00,Sacramento,Kings,1610612758,San Antonio,Spurs,1610612759,131,129,1610612758,Regular Season,17968.0,,,260,2
22300907,2024-03-07 22:00:00+00:00,Golden State,Warriors,1610612744,Chicago,Bulls,1610612741,122,125,1610612741,Regular Season,18064.0,,,247,3
22300905,2024-03-07 21:00:00+00:00,Phoenix,Suns,1610612756,Toronto,Raptors,1610612761,120,113,1610612756,Regular Season,17071.0,,,233,7
22300904,2024-03-07 19:30:00+00:00,Dallas,Mavericks,1610612742,Miami,Heat,1610612748,114,108,1610612742,Regular Season,20221.0,,,222,6
22300902,2024-03-07 19:00:00+00:00,Detroit,Pistons,1610612765,Brooklyn,Nets,1610612751,118,112,1610612765,Regular Season,19011.0,,,230,6
22300903,2024-03-07 19:00:00+00:00,Indiana,Pacers,1610612754,Minnesota,Timberwolves,1610612750,111,113,1610612750,Regular Season,16580.0,,,224,2
22300901,2024-03-06 22:30:00+00:00,Los Angeles,Lakers,1610612747,Sacramento,Kings,1610612758,120,130,1610612758,Regular Season,18498.0,,,250,10
22300899,2024-03-06 22:00:00+00:00,Golden State,Warriors,1610612744,Milwaukee,Bucks,1610612749,125,90,1610612744,Regular Season,18064.0,,,215,35
22300900,2024-03-06 22:00:00+00:00,Portland,Trail Blazers,1610612757,Oklahoma City,Thunder,1610612760,120,128,1610612760,Regular Season,17589.0,,,248,8
22300898,2024-03-06 21:00:00+00:00,Utah,Jazz,1610612762,Chicago,Bulls,1610612741,117,119,1610612741,Regular Season,18206.0,,,236,2
22300897,2024-03-06 19:30:00+00:00,Houston,Rockets,1610612745,Los Angeles,Clippers,1610612746,116,122,1610612746,Regular Season,17033.0,,,238,6
22300896,2024-03-06 19:30:00+00:00,Philadelphia,76ers,1610612755,Memphis,Grizzlies,1610612763,109,115,1610612763,Regular Season,19757.0,,,224,6
22300895,2024-03-06 19:30:00+00:00,Atlanta,Hawks,1610612737,Cleveland,Cavaliers,1610612739,112,101,1610612737,Regular Season,15841.0,,,213,11
22300894,2024-03-06 19:00:00+00:00,Washington,Wizards,1610612764,Orlando,Magic,1610612753,109,119,1610612753,Regular Season,16018.0,,,228,10
22300893,2024-03-05 22:00:00+00:00,Denver,Nuggets,1610612743,Phoenix,Suns,1610612756,107,117,1610612756,Regular Season,19589.0,,,224,10
22300892,2024-03-05 20:30:00+00:00,Dallas,Mavericks,1610612742,Indiana,Pacers,1610612754,120,137,1610612754,Regular Season,20200.0,,,257,17
22300891,2024-03-05 20:00:00+00:00,Houston,Rockets,1610612745,San Antonio,Spurs,1610612759,114,101,1610612745,Regular Season,16734.0,,,215,13
22300889,2024-03-05 19:30:00+00:00,New York,Knicks,1610612752,Atlanta,Hawks,1610612737,100,116,1610612737,Regular Season,19812.0,,,216,16
22300888,2024-03-05 19:30:00+00:00,Miami,Heat,1610612748,Detroit,Pistons,1610612765,118,110,1610612748,Regular Season,19724.0,,,228,8
22300890,2024-03-05 19:30:00+00:00,Toronto,Raptors,1610612761,New Orleans,Pelicans,1610612740,98,139,1610612740,Regular Season,18864.0,,,237,41
22300886,2024-03-05 19:30:00+00:00,Cleveland,Cavaliers,1610612739,Boston,Celtics,1610612738,105,104,1610612739,Regular Season,19432.0,,,209,1
22300887,2024-03-05 19:30:00+00:00,Brooklyn,Nets,1610612751,Philadelphia,76ers,1610612755,112,107,1610612751,Regular Season,17086.0,,,219,5
22300885,2024-03-05 19:00:00+00:00,Charlotte,Hornets,1610612766,Orlando,Magic,1610612753,89,101,1610612753,Regular Season,15928.0,,,190,12
22300884,2024-03-04 22:30:00+00:00,Los Angeles,Lakers,1610612747,Oklahoma City,Thunder,1610612760,116,104,1610612747,Regular Season,18997.0,,,220,12
22300883,2024-03-04 22:00:00+00:00,Sacramento,Kings,1610612758,Chicago,Bulls,1610612741,109,113,1610612741,Regular Season,17832.0,,,222,4
22300882,2024-03-04 21:00:00+00:00,Utah,Jazz,1610612762,Washington,Wizards,1610612764,127,115,1610612762,Regular Season,18206.0,,,242,12
22300880,2024-03-04 20:00:00+00:00,Milwaukee,Bucks,1610612749,Los Angeles,Clippers,1610612746,113,106,1610612749,Regular Season,17875.0,,,219,7
22300881,2024-03-04 20:00:00+00:00,Minnesota,Timberwolves,1610612750,Portland,Trail Blazers,1610612757,119,114,1610612750,Regular Season,18024.0,,,233,5
22300879,2024-03-04 19:30:00+00:00,Brooklyn,Nets,1610612751,Memphis,Grizzlies,1610612763,102,106,1610612763,Regular Season,15847.0,,,208,4
22300878,2024-03-03 21:30:00+00:00,Phoenix,Suns,1610612756,Oklahoma City,Thunder,1610612760,110,118,1610612760,Regular Season,17071.0,,,228,8
22300876,2024-03-03 19:00:00+00:00,Cleveland,Cavaliers,1610612739,New York,Knicks,1610612752,98,107,1610612752,Regular Season,19432.0,,,205,9
22300877,2024-03-03 19:00:00+00:00,San Antonio,Spurs,1610612759,Indiana,Pacers,1610612754,117,105,1610612759,Regular Season,18027.0,,,222,12
22300874,2024-03-03 18:00:00+00:00,Orlando,Magic,1610612753,Detroit,Pistons,1610612765,113,91,1610612753,Regular Season,19459.0,,,204,22
22300875,2024-03-03 18:00:00+00:00,Toronto,Raptors,1610612761,Charlotte,Hornets,1610612766,111,106,1610612761,Regular Season,19512.0,,,217,5
22300873,2024-03-03 15:30:00+00:00,Minnesota,Timberwolves,1610612750,Los Angeles,Clippers,1610612746,88,89,1610612746,Regular Season,18024.0,,,177,1
22300872,2024-03-03 15:30:00+00:00,Boston,Celtics,1610612738,Golden State,Warriors,1610612744,140,88,1610612738,Regular Season,19156.0,,,228,52
22300871,2024-03-03 13:00:00+00:00,Dallas,Mavericks,1610612742,Philadelphia,76ers,1610612755,116,120,1610612755,Regular Season,20277.0,,,236,4
22300870,2024-03-02 21:00:00+00:00,Phoenix,Suns,1610612756,Houston,Rockets,1610612745,109,118,1610612745,Regular Season,17071.0,,,227,9
22300869,2024-03-02 20:30:00+00:00,Los Angeles,Lakers,1610612747,Denver,Nuggets,1610612743,114,124,1610612743,Regular Season,18997.0,,,238,10
22300868,2024-03-02 20:00:00+00:00,Memphis,Grizzlies,1610612763,Portland,Trail Blazers,1610612757,100,107,1610612757,Regular Season,16381.0,,,207,7
22300867,2024-03-02 17:00:00+00:00,Miami,Heat,1610612748,Utah,Jazz,1610612762,126,120,1610612748,Regular Season,19858.0,,,246,6
22300866,2024-03-02 15:00:00+00:00,Brooklyn,Nets,1610612751,Atlanta,Hawks,1610612737,114,102,1610612751,Regular Season,18075.0,,,216,12
22300865,2024-03-01 22:30:00+00:00,Los Angeles,Clippers,1610612746,Washington,Wizards,1610612764,140,115,1610612746,Regular Season,19370.0,,,255,25
22300864,2024-03-01 22:00:00+00:00,Chicago,Bulls,1610612741,Milwaukee,Bucks,1610612749,97,113,1610612749,Regular Season,21249.0,,,210,16
22300861,2024-03-01 20:00:00+00:00,Memphis,Grizzlies,1610612763,Portland,Trail Blazers,1610612757,92,122,1610612757,Regular Season,15493.0,,,214,30
22300862,2024-03-01 20:00:00+00:00,Minnesota,Timberwolves,1610612750,Sacramento,Kings,1610612758,120,124,1610612758,Regular Season,18024.0,,,244,4
22300863,2024-03-01 20:00:00+00:00,New Orleans,Pelicans,1610612740,Indiana,Pacers,1610612754,129,102,1610612740,Regular Season,17898.0,,,231,27
22300860,2024-03-01 19:30:00+00:00,Toronto,Raptors,1610612761,Golden State,Warriors,1610612744,105,120,1610612744,Regular Season,19800.0,,,225,15
22300859,2024-03-01 19:30:00+00:00,Boston,Celtics,1610612738,Dallas,Mavericks,1610612742,138,110,1610612738,Regular Season,19156.0,,,248,28
22300858,2024-03-01 19:00:00+00:00,Philadelphia,76ers,1610612755,Charlotte,Hornets,1610612766,121,114,1610612755,Regular Season,19788.0,,,235,7
22300857,2024-03-01 19:00:00+00:00,Detroit,Pistons,1610612765,Cleveland,Cavaliers,1610612739,100,110,1610612739,Regular Season,19299.0,,,210,10
22300856,2024-02-29 22:30:00+00:00,Los Angeles,Lakers,1610612747,Washington,Wizards,1610612764,134,131,1610612747,Regular Season,18997.0,,,265,3
22300855,2024-02-29 22:00:00+00:00,Denver,Nuggets,1610612743,Miami,Heat,1610612748,103,97,1610612743,Regular Season,19634.0,,,200,6
22300854,2024-02-29 21:00:00+00:00,Phoenix,Suns,1610612756,Houston,Rockets,1610612745,110,105,1610612756,Regular Season,17071.0,,,215,5
22300853,2024-02-29 20:30:00+00:00,San Antonio,Spurs,1610612759,Oklahoma City,Thunder,1610612760,132,118,1610612759,Regular Season,18392.0,,,250,14
22300852,2024-02-29 19:30:00+00:00,New York,Knicks,1610612752,Golden State,Warriors,1610612744,99,110,1610612744,Regular Season,19812.0,,,209,11
22300851,2024-02-29 19:30:00+00:00,Brooklyn,Nets,1610612751,Atlanta,Hawks,1610612737,124,97,1610612751,Regular Season,17284.0,,,221,27
22300850,2024-02-29 19:00:00+00:00,Orlando,Magic,1610612753,Utah,Jazz,1610612762,115,107,1610612753,Regular Season,17848.0,,,222,8
22300849,2024-02-29 19:00:00+00:00,Charlotte,Hornets,1610612766,Milwaukee,Bucks,1610612749,99,111,1610612749,Regular Season,18463.0,,,210,12
22300848,2024-02-28 22:00:00+00:00,Los Angeles,Clippers,1610612746,Los Angeles,Lakers,1610612747,112,116,1610612747,Regular Season,19370.0,,,228,4
22300847,2024-02-28 21:00:00+00:00,Denver,Nuggets,1610612743,Sacramento,Kings,1610612758,117,96,1610612743,Regular Season,19628.0,,,213,21
22300845,2024-02-28 20:00:00+00:00,Minnesota,Timberwolves,1610612750,Memphis,Grizzlies,1610612763,110,101,1610612750,Regular Season,18024.0,,,211,9
22300846,2024-02-28 20:00:00+00:00,Chicago,Bulls,1610612741,Cleveland,Cavaliers,1610612739,132,123,1610612741,Regular Season,21700.0,,,255,9
22300843,2024-02-28 19:30:00+00:00,Indiana,Pacers,1610612754,New Orleans,Pelicans,1610612740,123,114,1610612754,Regular Season,16010.0,,,237,9
22300844,2024-02-28 19:30:00+00:00,Toronto,Raptors,1610612761,Dallas,Mavericks,1610612742,125,136,1610612742,Regular Season,19800.0,,,261,11
22300842,2024-02-27 22:00:00+00:00,Portland,Trail Blazers,1610612757,Miami,Heat,1610612748,96,106,1610612748,Regular Season,18143.0,,,202,10
22300841,2024-02-27 22:00:00+00:00,Oklahoma City,Thunder,1610612760,Houston,Rockets,1610612745,112,95,1610612760,Regular Season,17164.0,,,207,17
22300839,2024-02-27 20:00:00+00:00,Chicago,Bulls,1610612741,Detroit,Pistons,1610612765,95,105,1610612765,Regular Season,21089.0,,,200,10
22300840,2024-02-27 20:00:00+00:00,Milwaukee,Bucks,1610612749,Charlotte,Hornets,1610612766,123,85,1610612749,Regular Season,17607.0,,,208,38
22300838,2024-02-27 20:00:00+00:00,Minnesota,Timberwolves,1610612750,San Antonio,Spurs,1610612759,114,105,1610612750,Regular Season,18024.0,,,219,9
22300835,2024-02-27 19:30:00+00:00,Atlanta,Hawks,1610612737,Utah,Jazz,1610612762,124,97,1610612737,Regular Season,17129.0,,,221,27
22300837,2024-02-27 19:30:00+00:00,New York,Knicks,1610612752,New Orleans,Pelicans,1610612740,92,115,1610612740,Regular Season,19812.0,,,207,23
22300836,2024-02-27 19:30:00+00:00,Boston,Celtics,1610612738,Philadelphia,76ers,1610612755,117,99,1610612738,Regular Season,19156.0,,,216,18
22300834,2024-02-27 19:00:00+00:00,Washington,Wizards,1610612764,Golden State,Warriors,1610612744,112,123,1610612744,Regular Season,20333.0,,,235,11
22300832,2024-02-27 19:00:00+00:00,Cleveland,Cavaliers,1610612739,Dallas,Mavericks,1610612742,121,119,1610612739,Regular Season,19432.0,,,240,2
22300833,2024-02-27 19:00:00+00:00,Orlando,Magic,1610612753,Brooklyn,Nets,1610612751,108,81,1610612753,Regular Season,17708.0,,,189,27
22300831,2024-02-26 22:00:00+00:00,Sacramento,Kings,1610612758,Miami,Heat,1610612748,110,121,1610612748,Regular Season,17832.0,,,231,11
22300830,2024-02-26 20:00:00+00:00,Memphis,Grizzlies,1610612763,Brooklyn,Nets,1610612751,86,111,1610612751,Regular Season,15417.0,,,197,25
22300828,2024-02-26 19:30:00+00:00,New York,Knicks,1610612752,Detroit,Pistons,1610612765,113,111,1610612752,Regular Season,19303.0,,,224,2
22300829,2024-02-26 19:00:00+00:00,Indiana,Pacers,1610612754,Toronto,Raptors,1610612761,122,130,1610612761,Regular Season,16026.0,,,252,8
22300827,2024-02-25 21:30:00+00:00,Los Angeles,Clippers,1610612746,Sacramento,Kings,1610612758,107,123,1610612758,Regular Season,19370.0,,,230,16
22300826,2024-02-25 21:00:00+00:00,Portland,Trail Blazers,1610612757,Charlotte,Hornets,1610612766,80,93,1610612766,Regular Season,17888.0,,,173,13
22300825,2024-02-25 20:00:00+00:00,Utah,Jazz,1610612762,San Antonio,Spurs,1610612759,128,109,1610612762,Regular Season,18206.0,,,237,19
22300821,2024-02-25 19:00:00+00:00,Atlanta,Hawks,1610612737,Orlando,Magic,1610612753,109,92,1610612737,Regular Season,17173.0,,,201,17
22300823,2024-02-25 19:00:00+00:00,New Orleans,Pelicans,1610612740,Chicago,Bulls,1610612741,106,114,1610612741,Regular Season,18684.0,,,220,8
22300822,2024-02-25 19:00:00+00:00,Houston,Rockets,1610612745,Oklahoma City,Thunder,1610612760,110,123,1610612760,Regular Season,18055.0,,,233,13
22300824,2024-02-25 19:00:00+00:00,Golden State,Warriors,1610612744,Denver,Nuggets,1610612743,103,119,1610612743,Regular Season,18064.0,,,222,16
22300820,2024-02-25 18:00:00+00:00,Washington,Wizards,1610612764,Cleveland,Cavaliers,1610612739,105,114,1610612739,Regular Season,17895.0,,,219,9
22300819,2024-02-25 17:00:00+00:00,Indiana,Pacers,1610612754,Dallas,Mavericks,1610612742,133,111,1610612754,Regular Season,17274.0,,,244,22
22300818,2024-02-25 15:30:00+00:00,Phoenix,Suns,1610612756,Los Angeles,Lakers,1610612747,123,113,1610612756,Regular Season,17071.0,,,236,10
22300817,2024-02-25 13:00:00+00:00,Philadelphia,76ers,1610612755,Milwaukee,Bucks,1610612749,98,119,1610612749,Regular Season,19831.0,,,217,21
22300815,2024-02-24 21:00:00+00:00,Minnesota,Timberwolves,1610612750,Brooklyn,Nets,1610612751,101,86,1610612750,Regular Season,18024.0,,,187,15
22300816,2024-02-24 20:30:00+00:00,New York,Knicks,1610612752,Boston,Celtics,1610612738,102,116,1610612738,Regular Season,19812.0,,,218,14
22300814,2024-02-24 20:00:00+00:00,Detroit,Pistons,1610612765,Orlando,Magic,1610612753,109,112,1610612753,Regular Season,19388.0,,,221,3
22300813,2024-02-23 22:30:00+00:00,Los Angeles,Lakers,1610612747,San Antonio,Spurs,1610612759,123,118,1610612747,Regular Season,18997.0,,,241,5
22300811,2024-02-23 22:00:00+00:00,Golden State,Warriors,1610612744,Charlotte,Hornets,1610612766,97,84,1610612744,Regular Season,18064.0,,,181,13
22300812,2024-02-23 22:00:00+00:00,Portland,Trail Blazers,1610612757,Denver,Nuggets,1610612743,112,127,1610612743,Regular Season,18898.0,,,239,15
22300808,2024-02-23 22:00:00+00:00,Minnesota,Timberwolves,1610612750,Milwaukee,Bucks,1610612749,107,112,1610612749,Regular Season,18024.0,,,219,5
22300809,2024-02-23 20:00:00+00:00,Oklahoma City,Thunder,1610612760,Washington,Wizards,1610612764,147,106,1610612760,Regular Season,18203.0,,,253,41
22300806,2024-02-23 20:00:00+00:00,Houston,Rockets,1610612745,Phoenix,Suns,1610612756,114,110,1610612745,Regular Season,18055.0,,,224,4
22300807,2024-02-23 20:00:00+00:00,Memphis,Grizzlies,1610612763,Los Angeles,Clippers,1610612746,95,101,1610612746,Regular Season,17255.0,,,196,6
22300810,2024-02-23 20:00:00+00:00,New Orleans,Pelicans,1610612740,Miami,Heat,1610612748,95,106,1610612748,Regular Season,18658.0,,,201,11
22300805,2024-02-23 19:30:00+00:00,Philadelphia,76ers,1610612755,Cleveland,Cavaliers,1610612739,104,97,1610612755,Regular Season,19938.0,,,201,7
22300804,2024-02-23 19:30:00+00:00,Atlanta,Hawks,1610612737,Toronto,Raptors,1610612761,121,123,1610612761,Regular Season,17625.0,,,244,2
22300803,2024-02-22 22:00:00+00:00,Sacramento,Kings,1610612758,San Antonio,Spurs,1610612759,127,122,1610612758,Regular Season,18153.0,,,249,5
22300802,2024-02-22 22:00:00+00:00,Golden State,Warriors,1610612744,Los Angeles,Lakers,1610612747,128,110,1610612744,Regular Season,18064.0,,,238,18
22300800,2024-02-22 21:00:00+00:00,Denver,Nuggets,1610612743,Washington,Wizards,1610612764,130,110,1610612743,Regular Season,19621.0,,,240,20
22300801,2024-02-22 21:00:00+00:00,Utah,Jazz,1610612762,Charlotte,Hornets,1610612766,107,115,1610612766,Regular Season,18206.0,,,222,8
22300797,2024-02-22 20:00:00+00:00,Chicago,Bulls,1610612741,Boston,Celtics,1610612738,112,129,1610612738,Regular Season,20313.0,,,241,17
22300799,2024-02-22 20:00:00+00:00,Oklahoma City,Thunder,1610612760,Los Angeles,Clippers,1610612746,129,107,1610612760,Regular Season,18203.0,,,236,22
22300798,2024-02-22 20:00:00+00:00,New Orleans,Pelicans,1610612740,Houston,Rockets,1610612745,127,105,1610612740,Regular Season,17421.0,,,232,22
22300796,2024-02-22 19:30:00+00:00,Dallas,Mavericks,1610612742,Phoenix,Suns,1610612756,123,113,1610612742,Regular Season,20377.0,,,236,10
22300795,2024-02-22 19:00:00+00:00,Toronto,Raptors,1610612761,Brooklyn,Nets,1610612751,121,93,1610612761,Regular Season,19800.0,,,214,28
22300794,2024-02-22 19:00:00+00:00,Philadelphia,76ers,1610612755,New York,Knicks,1610612752,96,110,1610612752,Regular Season,21094.0,,,206,14
22300793,2024-02-22 19:00:00+00:00,Indiana,Pacers,1610612754,Detroit,Pistons,1610612765,129,115,1610612754,Regular Season,16506.0,,,244,14
22300792,2024-02-22 19:00:00+00:00,Cleveland,Cavaliers,1610612739,Orlando,Magic,1610612753,109,116,1610612753,Regular Season,19432.0,,,225,7
22300791,2024-02-15 22:00:00+00:00,Portland,Trail Blazers,1610612757,Minnesota,Timberwolves,1610612750,91,128,1610612750,Regular Season,18606.0,,,219,37
22300576,2024-02-15 21:00:00+00:00,Utah,Jazz,1610612762,Golden State,Warriors,1610612744,137,140,1610612744,Regular Season,18206.0,,,277,3
22300790,2024-02-15 20:30:00+00:00,Memphis,Grizzlies,1610612763,Milwaukee,Bucks,1610612749,113,110,1610612763,Regular Season,16544.0,,,223,3
22300789,2024-02-14 22:00:00+00:00,Golden State,Warriors,1610612744,Los Angeles,Clippers,1610612746,125,130,1610612746,Regular Season,18064.0,,,255,5
22300788,2024-02-14 21:00:00+00:00,Utah,Jazz,1610612762,Los Angeles,Lakers,1610612747,122,138,1610612747,Regular Season,18206.0,,,260,16
22300787,2024-02-14 21:00:00+00:00,Phoenix,Suns,1610612756,Detroit,Pistons,1610612765,116,100,1610612756,Regular Season,17071.0,,,216,16
22300786,2024-02-14 21:00:00+00:00,Denver,Nuggets,1610612743,Sacramento,Kings,1610612758,98,102,1610612758,Regular Season,19617.0,,,200,4
22300785,2024-02-14 20:30:00+00:00,Dallas,Mavericks,1610612742,San Antonio,Spurs,1610612759,116,93,1610612742,Regular Season,20311.0,,,209,23
22300784,2024-02-14 20:00:00+00:00,New Orleans,Pelicans,1610612740,Washington,Wizards,1610612764,133,126,1610612740,Regular Season,18316.0,,,259,7
22300783,2024-02-14 20:00:00+00:00,Memphis,Grizzlies,1610612763,Houston,Rockets,1610612745,121,113,1610612763,Regular Season,15012.0,,,234,8
22300780,2024-02-14 19:30:00+00:00,Boston,Celtics,1610612738,Brooklyn,Nets,1610612751,136,86,1610612738,Regular Season,19156.0,,,222,50
22300782,2024-02-14 19:30:00+00:00,Toronto,Raptors,1610612761,Indiana,Pacers,1610612754,125,127,1610612754,Regular Season,19800.0,,,252,2
22300781,2024-02-14 19:30:00+00:00,Cleveland,Cavaliers,1610612739,Chicago,Bulls,1610612741,108,105,1610612739,Regular Season,19432.0,,,213,3
22300779,2024-02-14 19:00:00+00:00,Philadelphia,76ers,1610612755,Miami,Heat,1610612748,104,109,1610612748,Regular Season,20015.0,,,213,5
22300777,2024-02-14 19:00:00+00:00,Charlotte,Hornets,1610612766,Atlanta,Hawks,1610612737,122,99,1610612766,Regular Season,14336.0,,,221,23
22300778,2024-02-14 19:00:00+00:00,Orlando,Magic,1610612753,New York,Knicks,1610612752,118,100,1610612753,Regular Season,19259.0,,,218,18
22300776,2024-02-13 22:30:00+00:00,Los Angeles,Lakers,1610612747,Detroit,Pistons,1610612765,125,111,1610612747,Regular Season,18997.0,,,236,14
22300775,2024-02-13 22:00:00+00:00,Portland,Trail Blazers,1610612757,Minnesota,Timberwolves,1610612750,109,121,1610612750,Regular Season,17906.0,,,230,12
22300774,2024-02-13 22:00:00+00:00,Phoenix,Suns,1610612756,Sacramento,Kings,1610612758,130,125,1610612756,Regular Season,17071.0,,,255,5
22300773,2024-02-13 20:00:00+00:00,Milwaukee,Bucks,1610612749,Miami,Heat,1610612748,97,123,1610612748,Regular Season,17520.0,,,220,26
22300772,2024-02-13 19:30:00+00:00,Orlando,Magic,1610612753,Oklahoma City,Thunder,1610612760,113,127,1610612760,Regular Season,19301.0,,,240,14
22300771,2024-02-13 19:30:00+00:00,Brooklyn,Nets,1610612751,Boston,Celtics,1610612738,110,118,1610612738,Regular Season,18053.0,,,228,8
22300770,2024-02-12 22:30:00+00:00,Los Angeles,Clippers,1610612746,Minnesota,Timberwolves,1610612750,100,121,1610612750,Regular Season,19370.0,,,221,21
22300769,2024-02-12 21:00:00+00:00,Utah,Jazz,1610612762,Golden State,Warriors,1610612744,107,129,1610612744,Regular Season,18206.0,,,236,22
22300768,2024-02-12 20:30:00+00:00,Dallas,Mavericks,1610612742,Washington,Wizards,1610612764,112,104,1610612742,Regular Season,19921.0,,,216,8
22300767,2024-02-12 20:00:00+00:00,Milwaukee,Bucks,1610612749,Denver,Nuggets,1610612743,112,95,1610612749,Regular Season,17444.0,,,207,17
22300766,2024-02-12 20:00:00+00:00,Memphis,Grizzlies,1610612763,New Orleans,Pelicans,1610612740,87,96,1610612740,Regular Season,15823.0,,,183,9
22300765,2024-02-12 20:00:00+00:00,Houston,Rockets,1610612745,New York,Knicks,1610612752,105,103,1610612745,Regular Season,16790.0,,,208,2
22300764,2024-02-12 19:30:00+00:00,Toronto,Raptors,1610612761,San Antonio,Spurs,1610612759,99,122,1610612759,Regular Season,19800.0,,,221,23
22300763,2024-02-12 19:30:00+00:00,Atlanta,Hawks,1610612737,Chicago,Bulls,1610612741,126,136,1610612741,Regular Season,16524.0,,,262,10
22300761,2024-02-12 19:00:00+00:00,Charlotte,Hornets,1610612766,Indiana,Pacers,1610612754,111,102,1610612766,Regular Season,12112.0,,,213,9
22300762,2024-02-12 19:00:00+00:00,Cleveland,Cavaliers,1610612739,Philadelphia,76ers,1610612755,121,123,1610612755,Regular Season,19432.0,,,244,2
22300760,2024-02-11 15:00:00+00:00,Oklahoma City,Thunder,1610612760,Sacramento,Kings,1610612758,127,113,1610612760,Regular Season,17092.0,,,240,14
22300759,2024-02-11 14:00:00+00:00,Miami,Heat,1610612748,Boston,Celtics,1610612738,106,110,1610612738,Regular Season,20049.0,,,216,4
22300758,2024-02-10 22:00:00+00:00,Portland,Trail Blazers,1610612757,New Orleans,Pelicans,1610612740,84,93,1610612740,Regular Season,18226.0,,,177,9
22300757,2024-02-10 20:30:00+00:00,Golden State,Warriors,1610612744,Phoenix,Suns,1610612756,113,112,1610612744,Regular Season,18064.0,,,225,1
22300756,2024-02-10 19:30:00+00:00,Toronto,Raptors,1610612761,Cleveland,Cavaliers,1610612739,95,119,1610612739,Regular Season,19800.0,,,214,24
22300754,2024-02-10 19:30:00+00:00,Atlanta,Hawks,1610612737,Houston,Rockets,1610612745,122,113,1610612737,Regular Season,17503.0,,,235,9
22300755,2024-02-10 19:30:00+00:00,New York,Knicks,1610612752,Indiana,Pacers,1610612754,111,125,1610612754,Regular Season,19812.0,,,236,14
22300753,2024-02-10 19:00:00+00:00,Washington,Wizards,1610612764,Philadelphia,76ers,1610612755,113,119,1610612755,Regular Season,20333.0,,,232,6
22300752,2024-02-10 19:00:00+00:00,Orlando,Magic,1610612753,Chicago,Bulls,1610612741,114,108,1610612753,Regular Season,19459.0,,,222,6
22300751,2024-02-10 19:00:00+00:00,Charlotte,Hornets,1610612766,Memphis,Grizzlies,1610612763,115,106,1610612766,Regular Season,17259.0,,,221,9
22300750,2024-02-10 18:00:00+00:00,Brooklyn,Nets,1610612751,San Antonio,Spurs,1610612759,123,103,1610612751,Regular Season,18005.0,,,226,20
22300749,2024-02-10 15:30:00+00:00,Los Angeles,Clippers,1610612746,Detroit,Pistons,1610612765,112,106,1610612746,Regular Season,19370.0,,,218,6
22300748,2024-02-10 15:00:00+00:00,Dallas,Mavericks,1610612742,Oklahoma City,Thunder,1610612760,146,111,1610612742,Regular Season,20277.0,,,257,35
22300747,2024-02-09 22:30:00+00:00,Los Angeles,Lakers,1610612747,New Orleans,Pelicans,1610612740,139,122,1610612747,Regular Season,18997.0,,,261,17
22300746,2024-02-09 22:00:00+00:00,Sacramento,Kings,1610612758,Denver,Nuggets,1610612743,135,106,1610612758,Regular Season,17832.0,,,241,29
22300745,2024-02-09 20:00:00+00:00,Milwaukee,Bucks,1610612749,Charlotte,Hornets,1610612766,120,84,1610612749,Regular Season,17690.0,,,204,36
22300743,2024-02-09 19:30:00+00:00,Boston,Celtics,1610612738,Washington,Wizards,1610612764,133,129,1610612738,Regular Season,19156.0,,,262,4
22300744,2024-02-09 19:30:00+00:00,Toronto,Raptors,1610612761,Houston,Rockets,1610612745,107,104,1610612761,Regular Season,19800.0,,,211,3
22300742,2024-02-09 19:00:00+00:00,Philadelphia,76ers,1610612755,Atlanta,Hawks,1610612737,121,127,1610612737,Regular Season,19758.0,,,248,6
22300740,2024-02-08 22:00:00+00:00,Los Angeles,Lakers,1610612747,Denver,Nuggets,1610612743,106,114,1610612743,Regular Season,18997.0,,,220,8
22300741,2024-02-08 22:00:00+00:00,Portland,Trail Blazers,1610612757,Detroit,Pistons,1610612765,122,128,1610612765,Regular Season,18125.0,,,250,6
22300739,2024-02-08 21:00:00+00:00,Phoenix,Suns,1610612756,Utah,Jazz,1610612762,129,115,1610612756,Regular Season,17071.0,,,244,14
22300737,2024-02-08 20:00:00+00:00,Memphis,Grizzlies,1610612763,Chicago,Bulls,1610612741,110,118,1610612741,Regular Season,16285.0,,,228,8
22300738,2024-02-08 20:00:00+00:00,Milwaukee,Bucks,1610612749,Minnesota,Timberwolves,1610612750,105,129,1610612750,Regular Season,17577.0,,,234,24
22300736,2024-02-08 19:30:00+00:00,New York,Knicks,1610612752,Dallas,Mavericks,1610612742,108,122,1610612742,Regular Season,19812.0,,,230,14
22300735,2024-02-08 19:30:00+00:00,Brooklyn,Nets,1610612751,Cleveland,Cavaliers,1610612739,95,118,1610612739,Regular Season,17304.0,,,213,23
22300734,2024-02-08 19:00:00+00:00,Orlando,Magic,1610612753,San Antonio,Spurs,1610612759,127,111,1610612753,Regular Season,19074.0,,,238,16
22300733,2024-02-08 19:00:00+00:00,Indiana,Pacers,1610612754,Golden State,Warriors,1610612744,109,131,1610612744,Regular Season,17274.0,,,240,22
22300731,2024-02-07 22:00:00+00:00,Los Angeles,Clippers,1610612746,New Orleans,Pelicans,1610612740,106,117,1610612740,Regular Season,19370.0,,,223,11
22300732,2024-02-07 22:00:00+00:00,Sacramento,Kings,1610612758,Detroit,Pistons,1610612765,120,133,1610612765,Regular Season,17832.0,,,253,13
22300729,2024-02-07 19:30:00+00:00,Boston,Celtics,1610612738,Atlanta,Hawks,1610612737,125,117,1610612738,Regular Season,19156.0,,,242,8
22300730,2024-02-07 19:30:00+00:00,Miami,Heat,1610612748,San Antonio,Spurs,1610612759,116,104,1610612748,Regular Season,19652.0,,,220,12
22300727,2024-02-07 19:30:00+00:00,Philadelphia,76ers,1610612755,Golden State,Warriors,1610612744,104,127,1610612744,Regular Season,19780.0,,,231,23
22300726,2024-02-07 19:00:00+00:00,Charlotte,Hornets,1610612766,Toronto,Raptors,1610612761,117,123,1610612761,Regular Season,11720.0,,,240,6
22300728,2024-02-07 19:00:00+00:00,Washington,Wizards,1610612764,Cleveland,Cavaliers,1610612739,106,114,1610612739,Regular Season,15860.0,,,220,8
22300725,2024-02-06 22:00:00+00:00,Phoenix,Suns,1610612756,Milwaukee,Bucks,1610612749,114,106,1610612756,Regular Season,17071.0,,,220,8
22300724,2024-02-06 21:00:00+00:00,Utah,Jazz,1610612762,Oklahoma City,Thunder,1610612760,124,117,1610612762,Regular Season,18206.0,,,241,7
22300723,2024-02-06 20:00:00+00:00,Chicago,Bulls,1610612741,Minnesota,Timberwolves,1610612750,129,123,1610612741,Regular Season,20949.0,,,252,6
22300722,2024-02-06 19:30:00+00:00,New York,Knicks,1610612752,Memphis,Grizzlies,1610612763,123,113,1610612752,Regular Season,19013.0,,,236,10
22300721,2024-02-06 19:30:00+00:00,Miami,Heat,1610612748,Orlando,Magic,1610612753,121,95,1610612748,Regular Season,19600.0,,,216,26
22300720,2024-02-06 19:30:00+00:00,Brooklyn,Nets,1610612751,Dallas,Mavericks,1610612742,107,119,1610612742,Regular Season,17732.0,,,226,12
22300719,2024-02-06 19:00:00+00:00,Indiana,Pacers,1610612754,Houston,Rockets,1610612745,132,129,1610612754,Regular Season,15571.0,,,261,3
22300718,2024-02-05 20:00:00+00:00,New Orleans,Pelicans,1610612740,Toronto,Raptors,1610612761,138,100,1610612740,Regular Season,17429.0,,,238,38
22300716,2024-02-05 19:30:00+00:00,Atlanta,Hawks,1610612737,Los Angeles,Clippers,1610612746,144,149,1610612746,Regular Season,17093.0,,,293,5
22300717,2024-02-05 19:30:00+00:00,Brooklyn,Nets,1610612751,Golden State,Warriors,1610612744,98,109,1610612744,Regular Season,17919.0,,,207,11
22300715,2024-02-05 19:00:00+00:00,Philadelphia,76ers,1610612755,Dallas,Mavericks,1610612742,102,118,1610612742,Regular Season,19764.0,,,220,16
22300714,2024-02-05 19:00:00+00:00,Cleveland,Cavaliers,1610612739,Sacramento,Kings,1610612758,136,110,1610612739,Regular Season,19432.0,,,246,26
22300713,2024-02-05 19:00:00+00:00,Charlotte,Hornets,1610612766,Los Angeles,Lakers,1610612747,118,124,1610612747,Regular Season,19375.0,,,242,6
22300712,2024-02-04 20:30:00+00:00,Denver,Nuggets,1610612743,Portland,Trail Blazers,1610612757,112,103,1610612743,Regular Season,19715.0,,,215,9
22300711,2024-02-04 20:00:00+00:00,Utah,Jazz,1610612762,Milwaukee,Bucks,1610612749,123,108,1610612762,Regular Season,18206.0,,,231,15
22300710,2024-02-04 19:00:00+00:00,Oklahoma City,Thunder,1610612760,Toronto,Raptors,1610612761,135,127,1610612760,Regular Season,17059.0,,,262,8
22300709,2024-02-04 19:00:00+00:00,Minnesota,Timberwolves,1610612750,Houston,Rockets,1610612745,111,90,1610612750,Regular Season,18024.0,,,201,21
22300708,2024-02-04 18:00:00+00:00,Miami,Heat,1610612748,Los Angeles,Clippers,1610612746,95,103,1610612746,Regular Season,19855.0,,,198,8
22300707,2024-02-04 18:00:00+00:00,Charlotte,Hornets,1610612766,Indiana,Pacers,1610612754,99,115,1610612754,Regular Season,15687.0,,,214,16
22300706,2024-02-04 18:00:00+00:00,Boston,Celtics,1610612738,Memphis,Grizzlies,1610612763,131,91,1610612738,Regular Season,19156.0,,,222,40
22300705,2024-02-04 15:30:00+00:00,Washington,Wizards,1610612764,Phoenix,Suns,1610612756,112,140,1610612756,Regular Season,16984.0,,,252,28
22300704,2024-02-04 15:00:00+00:00,Detroit,Pistons,1610612765,Orlando,Magic,1610612753,99,111,1610612753,Regular Season,17982.0,,,210,12
22300702,2024-02-03 20:30:00+00:00,Dallas,Mavericks,1610612742,Milwaukee,Bucks,1610612749,117,129,1610612749,Regular Season,20377.0,,,246,12
22300701,2024-02-03 20:30:00+00:00,New York,Knicks,1610612752,Los Angeles,Lakers,1610612747,105,113,1610612747,Regular Season,19812.0,,,218,8
22300703,2024-02-03 20:30:00+00:00,San Antonio,Spurs,1610612759,Cleveland,Cavaliers,1610612739,101,117,1610612739,Regular Season,18354.0,,,218,16
22300700,2024-02-03 20:00:00+00:00,Chicago,Bulls,1610612741,Sacramento,Kings,1610612758,115,123,1610612758,Regular Season,21579.0,,,238,8
22300699,2024-02-03 19:30:00+00:00,Atlanta,Hawks,1610612737,Golden State,Warriors,1610612744,141,134,1610612737,Regular Season,17600.0,,,275,7
22300698,2024-02-03 18:00:00+00:00,Philadelphia,76ers,1610612755,Brooklyn,Nets,1610612751,121,136,1610612751,Regular Season,20673.0,,,257,15
22300697,2024-02-02 21:00:00+00:00,Denver,Nuggets,1610612743,Portland,Trail Blazers,1610612757,120,108,1610612743,Regular Season,19622.0,,,228,12
22300694,2024-02-02 20:00:00+00:00,Minnesota,Timberwolves,1610612750,Orlando,Magic,1610612753,106,108,1610612753,Regular Season,18024.0,,,214,2
22300693,2024-02-02 20:00:00+00:00,Memphis,Grizzlies,1610612763,Golden State,Warriors,1610612744,101,121,1610612744,Regular Season,17794.0,,,222,20
22300692,2024-02-02 20:00:00+00:00,Houston,Rockets,1610612745,Toronto,Raptors,1610612761,135,106,1610612745,Regular Season,18055.0,,,241,29
22300695,2024-02-02 20:00:00+00:00,Oklahoma City,Thunder,1610612760,Charlotte,Hornets,1610612766,126,106,1610612760,Regular Season,17552.0,,,232,20
22300696,2024-02-02 20:00:00+00:00,San Antonio,Spurs,1610612759,New Orleans,Pelicans,1610612740,113,114,1610612740,Regular Season,17207.0,,,227,1
22300691,2024-02-02 19:30:00+00:00,Indiana,Pacers,1610612754,Sacramento,Kings,1610612758,122,133,1610612758,Regular Season,17274.0,,,255,11
22300690,2024-02-02 19:30:00+00:00,Atlanta,Hawks,1610612737,Phoenix,Suns,1610612756,129,120,1610612737,Regular Season,16536.0,,,249,9
22300688,2024-02-02 19:00:00+00:00,Detroit,Pistons,1610612765,Los Angeles,Clippers,1610612746,125,136,1610612746,Regular Season,19122.0,,,261,11
22300689,2024-02-02 19:00:00+00:00,Washington,Wizards,1610612764,Miami,Heat,1610612748,102,110,1610612748,Regular Season,18308.0,,,212,8
22300686,2024-02-01 22:00:00+00:00,Utah,Jazz,1610612762,Philadelphia,76ers,1610612755,124,127,1610612755,Regular Season,18206.0,,,251,3
22300687,2024-02-01 20:00:00+00:00,Memphis,Grizzlies,1610612763,Cleveland,Cavaliers,1610612739,101,108,1610612739,Regular Season,15505.0,,,209,7
22300685,2024-02-01 19:30:00+00:00,New York,Knicks,1610612752,Indiana,Pacers,1610612754,109,105,1610612752,Regular Season,19812.0,,,214,4
22300684,2024-02-01 19:30:00+00:00,Boston,Celtics,1610612738,Los Angeles,Lakers,1610612747,105,114,1610612747,Regular Season,19156.0,,,219,9
22300683,2024-01-31 22:00:00+00:00,Portland,Trail Blazers,1610612757,Milwaukee,Bucks,1610612749,119,116,1610612757,Regular Season,19335.0,,,235,3
22300677,2024-01-31 20:30:00+00:00,Brooklyn,Nets,1610612751,Phoenix,Suns,1610612756,120,136,1610612756,Regular Season,17732.0,,,256,16
22300681,2024-01-31 20:00:00+00:00,San Antonio,Spurs,1610612759,Orlando,Magic,1610612753,98,108,1610612753,Regular Season,17081.0,,,206,10
22300680,2024-01-31 20:00:00+00:00,Minnesota,Timberwolves,1610612750,Dallas,Mavericks,1610612742,121,87,1610612750,Regular Season,18024.0,,,208,34
22300679,2024-01-31 20:00:00+00:00,Houston,Rockets,1610612745,New Orleans,Pelicans,1610612740,99,110,1610612740,Regular Season,18055.0,,,209,11
22300682,2024-01-31 20:00:00+00:00,Oklahoma City,Thunder,1610612760,Denver,Nuggets,1610612743,105,100,1610612760,Regular Season,16723.0,,,205,5
22300678,2024-01-31 19:30:00+00:00,Miami,Heat,1610612748,Sacramento,Kings,1610612758,115,106,1610612748,Regular Season,19600.0,,,221,9
22300674,2024-01-31 19:00:00+00:00,Charlotte,Hornets,1610612766,Chicago,Bulls,1610612741,110,117,1610612741,Regular Season,13712.0,,,227,7
22300675,2024-01-31 19:00:00+00:00,Cleveland,Cavaliers,1610612739,Detroit,Pistons,1610612765,128,121,1610612739,Regular Season,19432.0,,,249,7
22300676,2024-01-31 19:00:00+00:00,Washington,Wizards,1610612764,Los Angeles,Clippers,1610612746,109,125,1610612746,Regular Season,17201.0,,,234,16
22300673,2024-01-30 22:00:00+00:00,Golden State,Warriors,1610612744,Philadelphia,76ers,1610612755,119,107,1610612744,Regular Season,18064.0,,,226,12
22300672,2024-01-30 20:00:00+00:00,Chicago,Bulls,1610612741,Toronto,Raptors,1610612761,107,118,1610612761,Regular Season,21259.0,,,225,11
22300670,2024-01-30 19:30:00+00:00,Boston,Celtics,1610612738,Indiana,Pacers,1610612754,129,124,1610612738,Regular Season,19156.0,,,253,5
22300671,2024-01-30 19:30:00+00:00,New York,Knicks,1610612752,Utah,Jazz,1610612762,118,103,1610612752,Regular Season,19133.0,,,221,15
22300669,2024-01-30 19:30:00+00:00,Atlanta,Hawks,1610612737,Los Angeles,Lakers,1610612747,138,122,1610612737,Regular Season,17871.0,,,260,16
22300668,2024-01-29 22:00:00+00:00,Portland,Trail Blazers,1610612757,Philadelphia,76ers,1610612755,130,104,1610612757,Regular Season,17128.0,,,234,26
22300667,2024-01-29 21:00:00+00:00,Denver,Nuggets,1610612743,Milwaukee,Bucks,1610612749,113,107,1610612743,Regular Season,19801.0,,,220,6
22300666,2024-01-29 20:30:00+00:00,Dallas,Mavericks,1610612742,Orlando,Magic,1610612753,131,129,1610612742,Regular Season,20020.0,,,260,2
22300664,2024-01-29 20:00:00+00:00,Oklahoma City,Thunder,1610612760,Minnesota,Timberwolves,1610612750,101,107,1610612750,Regular Season,16870.0,,,208,6
22300665,2024-01-29 20:00:00+00:00,San Antonio,Spurs,1610612759,Washington,Wizards,1610612764,113,118,1610612764,Regular Season,17020.0,,,231,5
22300662,2024-01-29 20:00:00+00:00,Houston,Rockets,1610612745,Los Angeles,Lakers,1610612747,135,119,1610612745,Regular Season,18055.0,,,254,16
22300663,2024-01-29 20:00:00+00:00,Memphis,Grizzlies,1610612763,Sacramento,Kings,1610612758,94,103,1610612758,Regular Season,15333.0,,,197,9
22300661,2024-01-29 19:30:00+00:00,Miami,Heat,1610612748,Phoenix,Suns,1610612756,105,118,1610612756,Regular Season,19600.0,,,223,13
22300659,2024-01-29 19:30:00+00:00,Boston,Celtics,1610612738,New Orleans,Pelicans,1610612740,118,112,1610612738,Regular Season,19156.0,,,230,6
22300660,2024-01-29 19:30:00+00:00,Brooklyn,Nets,1610612751,Utah,Jazz,1610612762,147,114,1610612751,Regular Season,16054.0,,,261,33
22300658,2024-01-29 19:00:00+00:00,Cleveland,Cavaliers,1610612739,Los Angeles,Clippers,1610612746,118,108,1610612739,Regular Season,19432.0,,,226,10
22300657,2024-01-29 19:00:00+00:00,Charlotte,Hornets,1610612766,New York,Knicks,1610612752,92,113,1610612752,Regular Season,15546.0,,,205,21
22300656,2024-01-28 21:00:00+00:00,Portland,Trail Blazers,1610612757,Chicago,Bulls,1610612741,96,104,1610612741,Regular Season,17899.0,,,200,8
22300653,2024-01-28 18:00:00+00:00,Atlanta,Hawks,1610612737,Toronto,Raptors,1610612761,126,125,1610612737,Regular Season,15658.0,,,251,1
22300655,2024-01-28 18:00:00+00:00,Orlando,Magic,1610612753,Phoenix,Suns,1610612756,113,98,1610612753,Regular Season,18823.0,,,211,15
22300652,2024-01-28 15:30:00+00:00,Indiana,Pacers,1610612754,Memphis,Grizzlies,1610612763,116,110,1610612754,Regular Season,16519.0,,,226,6
22300654,2024-01-28 14:00:00+00:00,Detroit,Pistons,1610612765,Oklahoma City,Thunder,1610612760,120,104,1610612765,Regular Season,16861.0,,,224,16
22300651,2024-01-27 21:00:00+00:00,Dallas,Mavericks,1610612742,Sacramento,Kings,1610612758,115,120,1610612758,Regular Season,20373.0,,,235,5
22300649,2024-01-27 20:30:00+00:00,San Antonio,Spurs,1610612759,Minnesota,Timberwolves,1610612750,113,112,1610612759,Regular Season,17726.0,,,225,1
22300650,2024-01-27 20:30:00+00:00,Golden State,Warriors,1610612744,Los Angeles,Lakers,1610612747,144,145,1610612747,Regular Season,18064.0,,,289,1
22300648,2024-01-27 20:00:00+00:00,Milwaukee,Bucks,1610612749,New Orleans,Pelicans,1610612740,141,117,1610612749,Regular Season,17940.0,,,258,24
22300646,2024-01-27 19:00:00+00:00,Boston,Celtics,1610612738,Los Angeles,Clippers,1610612746,96,115,1610612746,Regular Season,19156.0,,,211,19
22300647,2024-01-27 19:00:00+00:00,Charlotte,Hornets,1610612766,Utah,Jazz,1610612762,122,134,1610612762,Regular Season,17633.0,,,256,12
22300645,2024-01-27 18:00:00+00:00,Brooklyn,Nets,1610612751,Houston,Rockets,1610612745,106,104,1610612751,Regular Season,17732.0,,,210,2
22300644,2024-01-27 17:30:00+00:00,Denver,Nuggets,1610612743,Philadelphia,76ers,1610612755,111,105,1610612743,Regular Season,19805.0,,,216,6
22300643,2024-01-27 15:00:00+00:00,New York,Knicks,1610612752,Miami,Heat,1610612748,125,109,1610612752,Regular Season,19812.0,,,234,16
22300642,2024-01-27 12:00:00+00:00,Detroit,Pistons,1610612765,Washington,Wizards,1610612764,104,118,1610612764,Regular Season,16922.0,,,222,14
22300641,2024-01-26 21:30:00+00:00,San Antonio,Spurs,1610612759,Portland,Trail Blazers,1610612757,116,100,1610612759,Regular Season,17274.0,,,216,16
22300639,2024-01-26 20:00:00+00:00,Milwaukee,Bucks,1610612749,Cleveland,Cavaliers,1610612739,100,112,1610612739,Regular Season,17855.0,,,212,12
22300640,2024-01-26 20:00:00+00:00,New Orleans,Pelicans,1610612740,Oklahoma City,Thunder,1610612760,83,107,1610612760,Regular Season,18624.0,,,190,24
22300638,2024-01-26 20:00:00+00:00,Memphis,Grizzlies,1610612763,Orlando,Magic,1610612753,107,106,1610612763,Regular Season,16823.0,,,213,1
22300637,2024-01-26 19:30:00+00:00,Toronto,Raptors,1610612761,Los Angeles,Clippers,1610612746,107,127,1610612746,Regular Season,19800.0,,,234,20
22300636,2024-01-26 19:00:00+00:00,Indiana,Pacers,1610612754,Phoenix,Suns,1610612756,133,131,1610612754,Regular Season,17274.0,,,264,2
22300635,2024-01-26 19:00:00+00:00,Charlotte,Hornets,1610612766,Houston,Rockets,1610612745,104,138,1610612745,Regular Season,16164.0,,,242,34
22300634,2024-01-26 19:00:00+00:00,Atlanta,Hawks,1610612737,Dallas,Mavericks,1610612742,143,148,1610612742,Regular Season,16149.0,,,291,5
22300633,2024-01-25 22:30:00+00:00,Los Angeles,Lakers,1610612747,Chicago,Bulls,1610612741,141,132,1610612747,Regular Season,18997.0,,,273,9
22300632,2024-01-25 22:00:00+00:00,Golden State,Warriors,1610612744,Sacramento,Kings,1610612758,133,134,1610612758,Regular Season,18064.0,,,267,1
22300631,2024-01-25 19:30:00+00:00,New York,Knicks,1610612752,Denver,Nuggets,1610612743,122,84,1610612752,Regular Season,19812.0,,,206,38
22300630,2024-01-25 19:30:00+00:00,Miami,Heat,1610612748,Boston,Celtics,1610612738,110,143,1610612738,Regular Season,20074.0,,,253,33
22300629,2024-01-25 19:30:00+00:00,Brooklyn,Nets,1610612751,Minnesota,Timberwolves,1610612750,94,96,1610612750,Regular Season,17732.0,,,190,2
22300628,2024-01-25 19:00:00+00:00,Washington,Wizards,1610612764,Utah,Jazz,1610612762,108,123,1610612762,Regular Season,14027.0,,,231,15
22300627,2024-01-25 19:00:00+00:00,Indiana,Pacers,1610612754,Philadelphia,76ers,1610612755,134,122,1610612754,Regular Season,15699.0,,,256,12
22300626,2024-01-24 22:00:00+00:00,Golden State,Warriors,1610612744,Atlanta,Hawks,1610612737,134,112,1610612744,Regular Season,18064.0,,,246,22
22300622,2024-01-24 21:30:00+00:00,San Antonio,Spurs,1610612759,Oklahoma City,Thunder,1610612760,114,140,1610612760,Regular Season,18130.0,,,254,26
22300625,2024-01-24 20:30:00+00:00,Dallas,Mavericks,1610612742,Phoenix,Suns,1610612756,109,132,1610612756,Regular Season,20202.0,,,241,23
22300624,2024-01-24 20:00:00+00:00,Milwaukee,Bucks,1610612749,Cleveland,Cavaliers,1610612739,126,116,1610612749,Regular Season,17510.0,,,242,10
22300623,2024-01-24 20:00:00+00:00,Houston,Rockets,1610612745,Portland,Trail Blazers,1610612757,131,137,1610612757,Regular Season,18055.0,,,268,6
22300621,2024-01-24 19:30:00+00:00,Miami,Heat,1610612748,Memphis,Grizzlies,1610612763,96,105,1610612763,Regular Season,19600.0,,,201,9
22300620,2024-01-24 19:00:00+00:00,Washington,Wizards,1610612764,Minnesota,Timberwolves,1610612750,107,118,1610612750,Regular Season,15446.0,,,225,11
22300619,2024-01-24 19:00:00+00:00,Detroit,Pistons,1610612765,Charlotte,Hornets,1610612766,113,106,1610612765,Regular Season,15020.0,,,219,7
22300618,2024-01-23 22:00:00+00:00,Los Angeles,Clippers,1610612746,Los Angeles,Lakers,1610612747,127,116,1610612746,Regular Season,19370.0,,,243,11
22300617,2024-01-23 20:00:00+00:00,Oklahoma City,Thunder,1610612760,Portland,Trail Blazers,1610612757,111,109,1610612760,Regular Season,15874.0,,,220,2
22300616,2024-01-23 20:00:00+00:00,New Orleans,Pelicans,1610612740,Utah,Jazz,1610612762,153,124,1610612740,Regular Season,16032.0,,,277,29
22300615,2024-01-23 19:30:00+00:00,Brooklyn,Nets,1610612751,New York,Knicks,1610612752,103,108,1610612752,Regular Season,17732.0,,,211,5
22300614,2024-01-23 19:00:00+00:00,Indiana,Pacers,1610612754,Denver,Nuggets,1610612743,109,114,1610612743,Regular Season,16004.0,,,223,5
22300613,2024-01-22 22:00:00+00:00,Sacramento,Kings,1610612758,Atlanta,Hawks,1610612737,122,107,1610612758,Regular Season,17832.0,,,229,15
22300612,2024-01-22 21:00:00+00:00,Phoenix,Suns,1610612756,Chicago,Bulls,1610612741,115,113,1610612756,Regular Season,17071.0,,,228,2
22300611,2024-01-22 20:30:00+00:00,Dallas,Mavericks,1610612742,Boston,Celtics,1610612738,110,119,1610612738,Regular Season,20277.0,,,229,9
22300610,2024-01-22 20:00:00+00:00,Minnesota,Timberwolves,1610612750,Charlotte,Hornets,1610612766,125,128,1610612766,Regular Season,18024.0,,,253,3
22300609,2024-01-22 19:30:00+00:00,Toronto,Raptors,1610612761,Memphis,Grizzlies,1610612763,100,108,1610612763,Regular Season,18577.0,,,208,8
22300608,2024-01-22 19:00:00+00:00,Philadelphia,76ers,1610612755,San Antonio,Spurs,1610612759,133,123,1610612755,Regular Season,20511.0,,,256,10
22300607,2024-01-22 19:00:00+00:00,Orlando,Magic,1610612753,Cleveland,Cavaliers,1610612739,99,126,1610612739,Regular Season,19301.0,,,225,27
22300606,2024-01-22 19:00:00+00:00,Detroit,Pistons,1610612765,Milwaukee,Bucks,1610612749,113,122,1610612749,Regular Season,17201.0,,,235,9
22300605,2024-01-21 22:00:00+00:00,Los Angeles,Lakers,1610612747,Portland,Trail Blazers,1610612757,134,110,1610612747,Regular Season,18997.0,,,244,24
22300604,2024-01-21 20:00:00+00:00,Phoenix,Suns,1610612756,Indiana,Pacers,1610612754,117,110,1610612756,Regular Season,17071.0,,,227,7
22300603,2024-01-21 19:00:00+00:00,Houston,Rockets,1610612745,Boston,Celtics,1610612738,107,116,1610612738,Regular Season,18055.0,,,223,9
22300601,2024-01-21 18:00:00+00:00,Orlando,Magic,1610612753,Miami,Heat,1610612748,105,87,1610612753,Regular Season,18102.0,,,192,18
22300602,2024-01-21 18:00:00+00:00,Washington,Wizards,1610612764,Denver,Nuggets,1610612743,104,113,1610612743,Regular Season,17107.0,,,217,9
22300600,2024-01-21 15:30:00+00:00,Los Angeles,Clippers,1610612746,Brooklyn,Nets,1610612751,125,114,1610612746,Regular Season,19370.0,,,239,11
22300599,2024-01-20 20:00:00+00:00,Minnesota,Timberwolves,1610612750,Oklahoma City,Thunder,1610612760,97,102,1610612760,Regular Season,18024.0,,,199,5
22300598,2024-01-20 20:00:00+00:00,Houston,Rockets,1610612745,Utah,Jazz,1610612762,127,126,1610612745,Regular Season,16618.0,,,253,1
22300597,2024-01-20 20:00:00+00:00,Chicago,Bulls,1610612741,Memphis,Grizzlies,1610612763,125,96,1610612741,Regular Season,21441.0,,,221,29
22300595,2024-01-20 19:30:00+00:00,Atlanta,Hawks,1610612737,Cleveland,Cavaliers,1610612739,95,116,1610612739,Regular Season,17047.0,,,211,21
22300596,2024-01-20 19:30:00+00:00,New York,Knicks,1610612752,Toronto,Raptors,1610612761,126,100,1610612752,Regular Season,19812.0,,,226,26
22300593,2024-01-20 19:00:00+00:00,Charlotte,Hornets,1610612766,Philadelphia,76ers,1610612755,89,97,1610612755,Regular Season,18261.0,,,186,8
22300594,2024-01-20 19:00:00+00:00,Washington,Wizards,1610612764,San Antonio,Spurs,1610612759,127,131,1610612759,Regular Season,17922.0,,,258,4
22300592,2024-01-20 15:00:00+00:00,Detroit,Pistons,1610612765,Milwaukee,Bucks,1610612749,135,141,1610612749,Regular Season,19996.0,,,276,6
22300591,2024-01-19 22:30:00+00:00,Los Angeles,Lakers,1610612747,Brooklyn,Nets,1610612751,112,130,1610612751,Regular Season,18997.0,,,242,18
22300590,2024-01-19 22:00:00+00:00,Portland,Trail Blazers,1610612757,Indiana,Pacers,1610612754,118,115,1610612757,Regular Season,18595.0,,,233,3
22300588,2024-01-19 20:00:00+00:00,New Orleans,Pelicans,1610612740,Phoenix,Suns,1610612756,109,123,1610612756,Regular Season,18686.0,,,232,14
22300587,2024-01-19 20:00:00+00:00,Miami,Heat,1610612748,Atlanta,Hawks,1610612737,108,109,1610612737,Regular Season,20040.0,,,217,1
22300586,2024-01-19 19:30:00+00:00,Boston,Celtics,1610612738,Denver,Nuggets,1610612743,100,102,1610612743,Regular Season,19156.0,,,202,2
22300584,2024-01-19 19:00:00+00:00,Charlotte,Hornets,1610612766,San Antonio,Spurs,1610612759,124,120,1610612766,Regular Season,19093.0,,,244,4
22300585,2024-01-19 19:00:00+00:00,Orlando,Magic,1610612753,Philadelphia,76ers,1610612755,109,124,1610612755,Regular Season,19063.0,,,233,15
22300582,2024-01-18 22:00:00+00:00,Minnesota,Timberwolves,1610612750,Memphis,Grizzlies,1610612763,118,103,1610612750,Regular Season,18024.0,,,221,15
22300583,2024-01-18 22:00:00+00:00,Sacramento,Kings,1610612758,Indiana,Pacers,1610612754,121,126,1610612754,Regular Season,17832.0,,,247,5
22300581,2024-01-18 21:00:00+00:00,Utah,Jazz,1610612762,Oklahoma City,Thunder,1610612760,129,134,1610612760,Regular Season,18206.0,,,263,5
22300580,2024-01-18 19:30:00+00:00,Toronto,Raptors,1610612761,Chicago,Bulls,1610612741,110,116,1610612741,Regular Season,19312.0,,,226,6
22300579,2024-01-18 19:30:00+00:00,New York,Knicks,1610612752,Washington,Wizards,1610612764,113,109,1610612752,Regular Season,19466.0,,,222,4
22300578,2024-01-17 22:00:00+00:00,Portland,Trail Blazers,1610612757,Brooklyn,Nets,1610612751,105,103,1610612757,Regular Season,17021.0,,,208,2
22300577,2024-01-17 20:30:00+00:00,Los Angeles,Lakers,1610612747,Dallas,Mavericks,1610612742,127,110,1610612747,Regular Season,18338.0,,,237,17
22300575,2024-01-17 20:00:00+00:00,New Orleans,Pelicans,1610612740,Charlotte,Hornets,1610612766,132,112,1610612740,Regular Season,16093.0,,,244,20
22300570,2024-01-17 19:30:00+00:00,Atlanta,Hawks,1610612737,Orlando,Magic,1610612753,106,104,1610612737,Regular Season,14541.0,,,210,2
22300572,2024-01-17 19:30:00+00:00,Cleveland,Cavaliers,1610612739,Milwaukee,Bucks,1610612749,135,95,1610612739,Regular Season,19432.0,,,230,40
22300574,2024-01-17 19:30:00+00:00,Toronto,Raptors,1610612761,Miami,Heat,1610612748,121,97,1610612761,Regular Season,19631.0,,,218,24
22300573,2024-01-17 19:30:00+00:00,New York,Knicks,1610612752,Houston,Rockets,1610612745,109,94,1610612752,Regular Season,19439.0,,,203,15
22300571,2024-01-17 19:30:00+00:00,Boston,Celtics,1610612738,San Antonio,Spurs,1610612759,117,98,1610612738,Regular Season,19156.0,,,215,19
22300569,2024-01-17 19:00:00+00:00,Detroit,Pistons,1610612765,Minnesota,Timberwolves,1610612750,117,124,1610612750,Regular Season,16022.0,,,241,7
22300568,2024-01-16 22:00:00+00:00,Los Angeles,Clippers,1610612746,Oklahoma City,Thunder,1610612760,128,117,1610612746,Regular Season,19370.0,,,245,11
22300567,2024-01-16 21:00:00+00:00,Phoenix,Suns,1610612756,Sacramento,Kings,1610612758,119,117,1610612756,Regular Season,17071.0,,,236,2
22300566,2024-01-16 19:30:00+00:00,Philadelphia,76ers,1610612755,Denver,Nuggets,1610612743,126,121,1610612755,Regular Season,19775.0,,,247,5
22300565,2024-01-15 22:30:00+00:00,Los Angeles,Lakers,1610612747,Oklahoma City,Thunder,1610612760,112,105,1610612747,Regular Season,18997.0,,,217,7
22300564,2024-01-15 21:00:00+00:00,Utah,Jazz,1610612762,Indiana,Pacers,1610612754,132,105,1610612762,Regular Season,18206.0,,,237,27
22300562,2024-01-15 19:30:00+00:00,Brooklyn,Nets,1610612751,Miami,Heat,1610612748,95,96,1610612748,Regular Season,17893.0,,,191,1
22300563,2024-01-15 19:30:00+00:00,Toronto,Raptors,1610612761,Boston,Celtics,1610612738,96,105,1610612738,Regular Season,19278.0,,,201,9
22300561,2024-01-15 19:00:00+00:00,Cleveland,Cavaliers,1610612739,Chicago,Bulls,1610612741,109,91,1610612739,Regular Season,19432.0,,,200,18
22300560,2024-01-15 18:00:00+00:00,Memphis,Grizzlies,1610612763,Golden State,Warriors,1610612744,116,107,1610612763,Regular Season,16612.0,,,223,9
22300559,2024-01-15 15:30:00+00:00,Atlanta,Hawks,1610612737,San Antonio,Spurs,1610612759,109,99,1610612737,Regular Season,17447.0,,,208,10
22300558,2024-01-15 15:00:00+00:00,Washington,Wizards,1610612764,Detroit,Pistons,1610612765,117,129,1610612765,Regular Season,15156.0,,,246,12
22300557,2024-01-15 15:00:00+00:00,New York,Knicks,1610612752,Orlando,Magic,1610612753,94,98,1610612753,Regular Season,19812.0,,,192,4
22300556,2024-01-15 14:30:00+00:00,Dallas,Mavericks,1610612742,New Orleans,Pelicans,1610612740,125,120,1610612742,Regular Season,20010.0,,,245,5
22300555,2024-01-15 13:00:00+00:00,Philadelphia,76ers,1610612755,Houston,Rockets,1610612745,124,115,1610612755,Regular Season,20822.0,,,239,9
22300554,2024-01-14 21:00:00+00:00,Portland,Trail Blazers,1610612757,Phoenix,Suns,1610612756,116,127,1610612756,Regular Season,18071.0,,,243,11
22300552,2024-01-14 19:00:00+00:00,Milwaukee,Bucks,1610612749,Sacramento,Kings,1610612758,143,142,1610612749,Regular Season,17612.0,,,285,1
22300553,2024-01-14 19:00:00+00:00,Minnesota,Timberwolves,1610612750,Los Angeles,Clippers,1610612746,109,105,1610612750,Regular Season,18024.0,,,214,4
22300551,2024-01-14 18:00:00+00:00,Miami,Heat,1610612748,Charlotte,Hornets,1610612766,104,87,1610612748,Regular Season,19831.0,,,191,17
22300550,2024-01-14 15:30:00+00:00,Denver,Nuggets,1610612743,Indiana,Pacers,1610612754,117,109,1610612743,Regular Season,19631.0,,,226,8
22300549,2024-01-13 21:30:00+00:00,Utah,Jazz,1610612762,Los Angeles,Lakers,1610612747,132,125,1610612762,Regular Season,18206.0,,,257,7
22300548,2024-01-13 20:30:00+00:00,San Antonio,Spurs,1610612759,Chicago,Bulls,1610612741,116,122,1610612741,Regular Season,18354.0,,,238,6
22300547,2024-01-13 20:30:00+00:00,Dallas,Mavericks,1610612742,New Orleans,Pelicans,1610612740,108,118,1610612740,Regular Season,20155.0,,,226,10
22300544,2024-01-13 20:00:00+00:00,Memphis,Grizzlies,1610612763,New York,Knicks,1610612752,94,106,1610612752,Regular Season,16598.0,,,200,12
22300545,2024-01-13 20:00:00+00:00,Milwaukee,Bucks,1610612749,Golden State,Warriors,1610612744,129,118,1610612749,Regular Season,18009.0,,,247,11
22300546,2024-01-13 20:00:00+00:00,Oklahoma City,Thunder,1610612760,Orlando,Magic,1610612753,112,100,1610612760,Regular Season,18203.0,,,212,12
22300543,2024-01-13 19:30:00+00:00,Atlanta,Hawks,1610612737,Washington,Wizards,1610612764,99,127,1610612764,Regular Season,17108.0,,,226,28
22300542,2024-01-13 19:00:00+00:00,Boston,Celtics,1610612738,Houston,Rockets,1610612745,145,113,1610612738,Regular Season,19156.0,,,258,32
22300539,2024-01-12 22:00:00+00:00,Denver,Nuggets,1610612743,New Orleans,Pelicans,1610612740,125,113,1610612743,Regular Season,19638.0,,,238,12
22300540,2024-01-12 21:30:00+00:00,Utah,Jazz,1610612762,Toronto,Raptors,1610612761,145,113,1610612762,Regular Season,18206.0,,,258,32
22300541,2024-01-12 20:00:00+00:00,San Antonio,Spurs,1610612759,Charlotte,Hornets,1610612766,135,99,1610612759,Regular Season,18073.0,,,234,36
22300537,2024-01-12 20:00:00+00:00,Memphis,Grizzlies,1610612763,Los Angeles,Clippers,1610612746,119,128,1610612746,Regular Season,16617.0,,,247,9
22300536,2024-01-12 20:00:00+00:00,Chicago,Bulls,1610612741,Golden State,Warriors,1610612744,131,140,1610612744,Regular Season,21153.0,,,271,9
22300538,2024-01-12 20:00:00+00:00,Minnesota,Timberwolves,1610612750,Portland,Trail Blazers,1610612757,116,93,1610612750,Regular Season,18024.0,,,209,23
22300535,2024-01-12 20:00:00+00:00,Miami,Heat,1610612748,Orlando,Magic,1610612753,99,96,1610612748,Regular Season,19650.0,,,195,3
22300533,2024-01-12 19:30:00+00:00,Atlanta,Hawks,1610612737,Indiana,Pacers,1610612754,108,126,1610612754,Regular Season,15596.0,,,234,18
22300534,2024-01-12 19:30:00+00:00,Detroit,Pistons,1610612765,Houston,Rockets,1610612745,110,112,1610612745,Regular Season,13987.0,,,222,2
22300532,2024-01-12 19:30:00+00:00,Philadelphia,76ers,1610612755,Sacramento,Kings,1610612758,112,93,1610612755,Regular Season,19766.0,,,205,19
22300531,2024-01-11 22:00:00+00:00,Los Angeles,Lakers,1610612747,Phoenix,Suns,1610612756,109,127,1610612756,Regular Season,18416.0,,,236,18
22300530,2024-01-11 20:30:00+00:00,Dallas,Mavericks,1610612742,New York,Knicks,1610612752,128,124,1610612742,Regular Season,20040.0,,,252,4
22300529,2024-01-11 20:00:00+00:00,Oklahoma City,Thunder,1610612760,Portland,Trail Blazers,1610612757,139,77,1610612760,Regular Season,15828.0,,,216,62
22300528,2024-01-11 19:30:00+00:00,Milwaukee,Bucks,1610612749,Boston,Celtics,1610612738,135,102,1610612749,Regular Season,17781.0,,,237,33
22300527,2024-01-11 14:00:00+00:00,Cleveland,Cavaliers,1610612739,Brooklyn,Nets,1610612751,111,102,1610612739,Regular Season,15887.0,,,213,9
22300526,2024-01-10 22:30:00+00:00,Los Angeles,Clippers,1610612746,Toronto,Raptors,1610612761,126,120,1610612746,Regular Season,19370.0,,,246,6
22300524,2024-01-10 22:00:00+00:00,Utah,Jazz,1610612762,Denver,Nuggets,1610612743,124,111,1610612762,Regular Season,18206.0,,,235,13
22300525,2024-01-10 20:30:00+00:00,Golden State,Warriors,1610612744,New Orleans,Pelicans,1610612740,105,141,1610612740,Regular Season,18064.0,,,246,36
22300523,2024-01-10 20:00:00+00:00,Chicago,Bulls,1610612741,Houston,Rockets,1610612745,124,119,1610612741,Regular Season,21149.0,,,243,5
22300521,2024-01-10 19:30:00+00:00,Atlanta,Hawks,1610612737,Philadelphia,76ers,1610612755,139,132,1610612737,Regular Season,16089.0,,,271,7
22300522,2024-01-10 19:30:00+00:00,Miami,Heat,1610612748,Oklahoma City,Thunder,1610612760,120,128,1610612760,Regular Season,19636.0,,,248,8
22300520,2024-01-10 19:00:00+00:00,Indiana,Pacers,1610612754,Washington,Wizards,1610612764,112,104,1610612754,Regular Season,15721.0,,,216,8
22300518,2024-01-10 19:00:00+00:00,Charlotte,Hornets,1610612766,Sacramento,Kings,1610612758,98,123,1610612758,Regular Season,14173.0,,,221,25
22300517,2024-01-10 19:00:00+00:00,Boston,Celtics,1610612738,Minnesota,Timberwolves,1610612750,127,120,1610612738,Regular Season,19156.0,,,247,7
22300519,2024-01-10 19:00:00+00:00,Detroit,Pistons,1610612765,San Antonio,Spurs,1610612759,108,130,1610612759,Regular Season,17833.0,,,238,22
22300516,2024-01-09 22:30:00+00:00,Los Angeles,Lakers,1610612747,Toronto,Raptors,1610612761,132,131,1610612747,Regular Season,18997.0,,,263,1
22300515,2024-01-09 20:30:00+00:00,Dallas,Mavericks,1610612742,Memphis,Grizzlies,1610612763,103,120,1610612763,Regular Season,20116.0,,,223,17
22300514,2024-01-09 19:30:00+00:00,New York,Knicks,1610612752,Portland,Trail Blazers,1610612757,112,84,1610612752,Regular Season,19812.0,,,196,28
22300512,2024-01-09 19:00:00+00:00,Detroit,Pistons,1610612765,Sacramento,Kings,1610612758,110,131,1610612758,Regular Season,13992.0,,,241,21
22300513,2024-01-09 19:00:00+00:00,Orlando,Magic,1610612753,Minnesota,Timberwolves,1610612750,92,113,1610612750,Regular Season,19223.0,,,205,21
22300511,2024-01-08 22:30:00+00:00,Los Angeles,Clippers,1610612746,Phoenix,Suns,1610612756,138,111,1610612746,Regular Season,19370.0,,,249,27
22300510,2024-01-08 20:00:00+00:00,Milwaukee,Bucks,1610612749,Utah,Jazz,1610612762,116,132,1610612762,Regular Season,17341.0,,,248,16
22300509,2024-01-08 19:30:00+00:00,Miami,Heat,1610612748,Houston,Rockets,1610612745,120,113,1610612748,Regular Season,19694.0,,,233,7
22300507,2024-01-08 19:00:00+00:00,Indiana,Pacers,1610612754,Boston,Celtics,1610612738,133,131,1610612754,Regular Season,16009.0,,,264,2
22300508,2024-01-08 19:00:00+00:00,Washington,Wizards,1610612764,Oklahoma City,Thunder,1610612760,128,136,1610612760,Regular Season,15297.0,,,264,8
22300506,2024-01-08 19:00:00+00:00,Charlotte,Hornets,1610612766,Chicago,Bulls,1610612741,112,119,1610612741,Regular Season,14418.0,,,231,7
22300505,2024-01-07 21:30:00+00:00,Los Angeles,Lakers,1610612747,Los Angeles,Clippers,1610612746,106,103,1610612747,Regular Season,18997.0,,,209,3
22300504,2024-01-07 20:30:00+00:00,Golden State,Warriors,1610612744,Toronto,Raptors,1610612761,118,133,1610612761,Regular Season,18064.0,,,251,15
22300502,2024-01-07 20:00:00+00:00,Denver,Nuggets,1610612743,Detroit,Pistons,1610612765,131,114,1610612743,Regular Season,19623.0,,,245,17
22300503,2024-01-07 20:00:00+00:00,Phoenix,Suns,1610612756,Memphis,Grizzlies,1610612763,115,121,1610612763,Regular Season,17071.0,,,236,6
22300501,2024-01-07 19:30:00+00:00,Dallas,Mavericks,1610612742,Minnesota,Timberwolves,1610612750,115,108,1610612742,Regular Season,20111.0,,,223,7
22300499,2024-01-07 18:00:00+00:00,Orlando,Magic,1610612753,Atlanta,Hawks,1610612737,117,110,1610612753,Regular Season,19349.0,,,227,7
22300500,2024-01-07 18:00:00+00:00,Sacramento,Kings,1610612758,New Orleans,Pelicans,1610612740,100,133,1610612740,Regular Season,17832.0,,,233,33
22300498,2024-01-07 15:00:00+00:00,Brooklyn,Nets,1610612751,Portland,Trail Blazers,1610612757,127,134,1610612757,Regular Season,17732.0,,,261,7
22300497,2024-01-07 13:00:00+00:00,Cleveland,Cavaliers,1610612739,San Antonio,Spurs,1610612759,117,115,1610612739,Regular Season,19432.0,,,232,2
22300496,2024-01-06 20:00:00+00:00,Houston,Rockets,1610612745,Milwaukee,Bucks,1610612749,112,108,1610612745,Regular Season,18055.0,,,220,4
22300495,2024-01-06 19:30:00+00:00,Philadelphia,76ers,1610612755,Utah,Jazz,1610612762,109,120,1610612762,Regular Season,20278.0,,,229,11
22300493,2024-01-06 19:00:00+00:00,Indiana,Pacers,1610612754,Boston,Celtics,1610612738,101,118,1610612738,Regular Season,17274.0,,,219,17
22300494,2024-01-06 19:00:00+00:00,Washington,Wizards,1610612764,New York,Knicks,1610612752,105,121,1610612752,Regular Season,20333.0,,,226,16
22300492,2024-01-05 22:00:00+00:00,Sacramento,Kings,1610612758,Toronto,Raptors,1610612761,135,130,1610612758,Regular Season,17941.0,,,265,5
22300491,2024-01-05 22:00:00+00:00,Los Angeles,Lakers,1610612747,Memphis,Grizzlies,1610612763,113,127,1610612763,Regular Season,18997.0,,,240,14
22300490,2024-01-05 22:00:00+00:00,Golden State,Warriors,1610612744,Detroit,Pistons,1610612765,113,109,1610612744,Regular Season,18064.0,,,222,4
22300488,2024-01-05 21:00:00+00:00,Denver,Nuggets,1610612743,Orlando,Magic,1610612753,120,122,1610612753,Regular Season,19659.0,,,242,2
22300489,2024-01-05 21:00:00+00:00,Phoenix,Suns,1610612756,Miami,Heat,1610612748,113,97,1610612756,Regular Season,17071.0,,,210,16
22300487,2024-01-05 20:30:00+00:00,Dallas,Mavericks,1610612742,Portland,Trail Blazers,1610612757,139,103,1610612742,Regular Season,20162.0,,,242,36
22300485,2024-01-05 20:00:00+00:00,Houston,Rockets,1610612745,Minnesota,Timberwolves,1610612750,95,122,1610612750,Regular Season,18055.0,,,217,27
22300486,2024-01-05 20:00:00+00:00,New Orleans,Pelicans,1610612740,Los Angeles,Clippers,1610612746,95,111,1610612746,Regular Season,18329.0,,,206,16
22300484,2024-01-05 20:00:00+00:00,Chicago,Bulls,1610612741,Charlotte,Hornets,1610612766,104,91,1610612741,Regular Season,21345.0,,,195,13
22300482,2024-01-05 19:30:00+00:00,Cleveland,Cavaliers,1610612739,Washington,Wizards,1610612764,114,90,1610612739,Regular Season,19432.0,,,204,24
22300483,2024-01-05 19:30:00+00:00,Philadelphia,76ers,1610612755,New York,Knicks,1610612752,92,128,1610612752,Regular Season,20461.0,,,220,36
22300481,2024-01-05 19:30:00+00:00,Brooklyn,Nets,1610612751,Oklahoma City,Thunder,1610612760,124,115,1610612751,Regular Season,18147.0,,,239,9
22300480,2024-01-05 19:00:00+00:00,Indiana,Pacers,1610612754,Atlanta,Hawks,1610612737,150,116,1610612754,Regular Season,17274.0,,,266,34
22300479,2024-01-05 19:00:00+00:00,Boston,Celtics,1610612738,Utah,Jazz,1610612762,126,97,1610612738,Regular Season,19156.0,,,223,29
22300478,2024-01-04 22:00:00+00:00,Golden State,Warriors,1610612744,Denver,Nuggets,1610612743,127,130,1610612743,Regular Season,18064.0,,,257,3
22300477,2024-01-04 19:30:00+00:00,San Antonio,Spurs,1610612759,Milwaukee,Bucks,1610612749,121,125,1610612749,Regular Season,19082.0,,,246,4
22300476,2024-01-03 22:00:00+00:00,Sacramento,Kings,1610612758,Orlando,Magic,1610612753,138,135,1610612758,Regular Season,17832.0,,,273,3
22300475,2024-01-03 22:00:00+00:00,Los Angeles,Lakers,1610612747,Miami,Heat,1610612748,96,110,1610612748,Regular Season,18997.0,,,206,14
22300473,2024-01-03 21:00:00+00:00,Phoenix,Suns,1610612756,Los Angeles,Clippers,1610612746,122,131,1610612746,Regular Season,17071.0,,,253,9
22300474,2024-01-03 21:00:00+00:00,Utah,Jazz,1610612762,Detroit,Pistons,1610612765,154,148,1610612762,Regular Season,18206.0,,,302,6
22300472,2024-01-03 20:30:00+00:00,Dallas,Mavericks,1610612742,Portland,Trail Blazers,1610612757,126,97,1610612742,Regular Season,20077.0,,,223,29
22300468,2024-01-03 20:30:00+00:00,New York,Knicks,1610612752,Chicago,Bulls,1610612741,116,100,1610612752,Regular Season,19812.0,,,216,16
22300469,2024-01-03 20:00:00+00:00,Houston,Rockets,1610612745,Brooklyn,Nets,1610612751,112,101,1610612745,Regular Season,16563.0,,,213,11
22300471,2024-01-03 20:00:00+00:00,Minnesota,Timberwolves,1610612750,New Orleans,Pelicans,1610612740,106,117,1610612740,Regular Season,18024.0,,,223,11
22300470,2024-01-03 20:00:00+00:00,Memphis,Grizzlies,1610612763,Toronto,Raptors,1610612761,111,116,1610612761,Regular Season,16385.0,,,227,5
22300467,2024-01-03 19:30:00+00:00,Atlanta,Hawks,1610612737,Oklahoma City,Thunder,1610612760,141,138,1610612737,Regular Season,17770.0,,,279,3
22300465,2024-01-03 19:00:00+00:00,Cleveland,Cavaliers,1610612739,Washington,Wizards,1610612764,140,101,1610612739,Regular Season,19432.0,,,241,39
22300466,2024-01-03 19:00:00+00:00,Indiana,Pacers,1610612754,Milwaukee,Bucks,1610612749,142,130,1610612754,Regular Season,17274.0,,,272,12
22300464,2024-01-02 22:00:00+00:00,Sacramento,Kings,1610612758,Charlotte,Hornets,1610612766,104,111,1610612766,Regular Season,17832.0,,,215,7
22300463,2024-01-02 22:00:00+00:00,Golden State,Warriors,1610612744,Orlando,Magic,1610612753,121,115,1610612744,Regular Season,18064.0,,,236,6
22300462,2024-01-02 20:00:00+00:00,Oklahoma City,Thunder,1610612760,Boston,Celtics,1610612738,127,123,1610612760,Regular Season,18203.0,,,250,4
22300461,2024-01-02 20:00:00+00:00,New Orleans,Pelicans,1610612740,Brooklyn,Nets,1610612751,112,85,1610612740,Regular Season,16253.0,,,197,27
22300460,2024-01-02 20:00:00+00:00,Memphis,Grizzlies,1610612763,San Antonio,Spurs,1610612759,106,98,1610612763,Regular Season,17794.0,,,204,8
22300459,2024-01-02 19:00:00+00:00,Philadelphia,76ers,1610612755,Chicago,Bulls,1610612741,110,97,1610612755,Regular Season,19772.0,,,207,13
22300458,2024-01-01 22:30:00+00:00,Los Angeles,Clippers,1610612746,Miami,Heat,1610612748,121,104,1610612746,Regular Season,19370.0,,,225,17
22300456,2024-01-01 21:00:00+00:00,Phoenix,Suns,1610612756,Portland,Trail Blazers,1610612757,109,88,1610612756,Regular Season,17071.0,,,197,21
22300455,2024-01-01 21:00:00+00:00,Denver,Nuggets,1610612743,Charlotte,Hornets,1610612766,111,93,1610612743,Regular Season,19625.0,,,204,18
22300457,2024-01-01 21:00:00+00:00,Utah,Jazz,1610612762,Dallas,Mavericks,1610612742,127,90,1610612762,Regular Season,18206.0,,,217,37
22300453,2024-01-01 20:00:00+00:00,Houston,Rockets,1610612745,Detroit,Pistons,1610612765,136,113,1610612745,Regular Season,18055.0,,,249,23
22300454,2024-01-01 20:00:00+00:00,Milwaukee,Bucks,1610612749,Indiana,Pacers,1610612754,113,122,1610612754,Regular Season,17922.0,,,235,9
22300452,2024-01-01 19:30:00+00:00,Toronto,Raptors,1610612761,Cleveland,Cavaliers,1610612739,124,121,1610612761,Regular Season,19800.0,,,245,3
22300451,2024-01-01 15:00:00+00:00,New York,Knicks,1610612752,Minnesota,Timberwolves,1610612750,112,106,1610612752,Regular Season,19812.0,,,218,6
22300450,2023-12-31 20:00:00+00:00,Phoenix,Suns,1610612756,Orlando,Magic,1610612753,112,107,1610612756,Regular Season,17071.0,,,219,5
22300449,2023-12-31 20:00:00+00:00,Memphis,Grizzlies,1610612763,Sacramento,Kings,1610612758,92,123,1610612758,Regular Season,17794.0,,,215,31
22300446,2023-12-31 19:00:00+00:00,New Orleans,Pelicans,1610612740,Los Angeles,Lakers,1610612747,129,109,1610612740,Regular Season,18434.0,,,238,20
22300447,2023-12-31 19:00:00+00:00,Oklahoma City,Thunder,1610612760,Brooklyn,Nets,1610612751,124,108,1610612760,Regular Season,18203.0,,,232,16
22300448,2023-12-31 19:00:00+00:00,San Antonio,Spurs,1610612759,Boston,Celtics,1610612738,101,134,1610612738,Regular Season,18886.0,,,235,33
22300445,2023-12-31 15:00:00+00:00,Washington,Wizards,1610612764,Atlanta,Hawks,1610612737,126,130,1610612737,Regular Season,17042.0,,,256,4
22300444,2023-12-30 20:30:00+00:00,Golden State,Warriors,1610612744,Dallas,Mavericks,1610612742,122,132,1610612742,Regular Season,18064.0,,,254,10
22300442,2023-12-30 20:00:00+00:00,Chicago,Bulls,1610612741,Philadelphia,76ers,1610612755,105,92,1610612741,Regular Season,21648.0,,,197,13
22300443,2023-12-30 20:00:00+00:00,Minnesota,Timberwolves,1610612750,Los Angeles,Lakers,1610612747,108,106,1610612750,Regular Season,18024.0,,,214,2
22300441,2023-12-30 19:00:00+00:00,Indiana,Pacers,1610612754,New York,Knicks,1610612752,140,126,1610612754,Regular Season,17274.0,,,266,14
22300440,2023-12-30 18:00:00+00:00,Detroit,Pistons,1610612765,Toronto,Raptors,1610612761,129,127,1610612765,Regular Season,18411.0,,,256,2
22300439,2023-12-30 17:00:00+00:00,Utah,Jazz,1610612762,Miami,Heat,1610612748,117,109,1610612762,Regular Season,18206.0,,,226,8
22300438,2023-12-29 22:30:00+00:00,Los Angeles,Clippers,1610612746,Memphis,Grizzlies,1610612763,117,106,1610612746,Regular Season,19370.0,,,223,11
22300437,2023-12-29 22:00:00+00:00,Portland,Trail Blazers,1610612757,San Antonio,Spurs,1610612759,134,128,1610612757,Regular Season,18861.0,,,262,6
22300436,2023-12-29 21:00:00+00:00,Phoenix,Suns,1610612756,Charlotte,Hornets,1610612766,133,119,1610612756,Regular Season,17071.0,,,252,14
22300435,2023-12-29 21:00:00+00:00,Denver,Nuggets,1610612743,Oklahoma City,Thunder,1610612760,93,119,1610612760,Regular Season,19808.0,,,212,26
22300434,2023-12-29 20:00:00+00:00,Houston,Rockets,1610612745,Philadelphia,76ers,1610612755,127,131,1610612755,Regular Season,18055.0,,,258,4
22300431,2023-12-29 19:30:00+00:00,Atlanta,Hawks,1610612737,Sacramento,Kings,1610612758,110,117,1610612758,Regular Season,18305.0,,,227,7
22300433,2023-12-29 19:30:00+00:00,Cleveland,Cavaliers,1610612739,Milwaukee,Bucks,1610612749,111,119,1610612749,Regular Season,19432.0,,,230,8
22300432,2023-12-29 19:30:00+00:00,Boston,Celtics,1610612738,Toronto,Raptors,1610612761,120,118,1610612738,Regular Season,19156.0,,,238,2
22300429,2023-12-29 19:00:00+00:00,Orlando,Magic,1610612753,New York,Knicks,1610612752,117,108,1610612753,Regular Season,19587.0,,,225,9
22300430,2023-12-29 19:00:00+00:00,Washington,Wizards,1610612764,Brooklyn,Nets,1610612751,110,104,1610612764,Regular Season,16825.0,,,214,6
22300428,2023-12-28 22:30:00+00:00,Los Angeles,Lakers,1610612747,Charlotte,Hornets,1610612766,133,112,1610612747,Regular Season,18997.0,,,245,21
22300426,2023-12-28 22:00:00+00:00,Golden State,Warriors,1610612744,Miami,Heat,1610612748,102,114,1610612748,Regular Season,18064.0,,,216,12
22300427,2023-12-28 22:00:00+00:00,Portland,Trail Blazers,1610612757,San Antonio,Spurs,1610612759,105,118,1610612759,Regular Season,19335.0,,,223,13
22300425,2023-12-28 21:00:00+00:00,Denver,Nuggets,1610612743,Memphis,Grizzlies,1610612763,142,105,1610612743,Regular Season,19733.0,,,247,37
22300422,2023-12-28 20:00:00+00:00,Chicago,Bulls,1610612741,Indiana,Pacers,1610612754,104,120,1610612754,Regular Season,21568.0,,,224,16
22300424,2023-12-28 20:00:00+00:00,New Orleans,Pelicans,1610612740,Utah,Jazz,1610612762,112,105,1610612740,Regular Season,17753.0,,,217,7
22300423,2023-12-28 20:00:00+00:00,Minnesota,Timberwolves,1610612750,Dallas,Mavericks,1610612742,118,110,1610612750,Regular Season,18024.0,,,228,8
22300421,2023-12-28 19:30:00+00:00,Boston,Celtics,1610612738,Detroit,Pistons,1610612765,128,122,1610612738,Regular Season,19156.0,,,250,6
22300420,2023-12-27 20:30:00+00:00,Dallas,Mavericks,1610612742,Cleveland,Cavaliers,1610612739,110,113,1610612739,Regular Season,20377.0,,,223,3
22300419,2023-12-27 20:00:00+00:00,Oklahoma City,Thunder,1610612760,New York,Knicks,1610612752,129,120,1610612760,Regular Season,18203.0,,,249,9
22300418,2023-12-27 20:00:00+00:00,Houston,Rockets,1610612745,Phoenix,Suns,1610612756,113,129,1610612756,Regular Season,18055.0,,,242,16
22300417,2023-12-27 19:30:00+00:00,Brooklyn,Nets,1610612751,Milwaukee,Bucks,1610612749,122,144,1610612749,Regular Season,18199.0,,,266,22
22300415,2023-12-27 19:00:00+00:00,Orlando,Magic,1610612753,Philadelphia,76ers,1610612755,92,112,1610612755,Regular Season,19179.0,,,204,20
22300416,2023-12-27 19:00:00+00:00,Washington,Wizards,1610612764,Toronto,Raptors,1610612761,102,132,1610612761,Regular Season,15437.0,,,234,30
22300414,2023-12-26 22:30:00+00:00,Los Angeles,Clippers,1610612746,Charlotte,Hornets,1610612766,113,104,1610612746,Regular Season,19370.0,,,217,9
22300413,2023-12-26 22:00:00+00:00,Portland,Trail Blazers,1610612757,Sacramento,Kings,1610612758,130,113,1610612757,Regular Season,18585.0,,,243,17
22300408,2023-12-26 20:00:00+00:00,Chicago,Bulls,1610612741,Atlanta,Hawks,1610612737,118,113,1610612741,Regular Season,21420.0,,,231,5
22300411,2023-12-26 20:00:00+00:00,Oklahoma City,Thunder,1610612760,Minnesota,Timberwolves,1610612750,129,106,1610612760,Regular Season,18203.0,,,235,23
22300410,2023-12-26 20:00:00+00:00,New Orleans,Pelicans,1610612740,Memphis,Grizzlies,1610612763,115,116,1610612763,Regular Season,18538.0,,,231,1
22300412,2023-12-26 20:00:00+00:00,San Antonio,Spurs,1610612759,Utah,Jazz,1610612762,118,130,1610612762,Regular Season,18579.0,,,248,12
22300409,2023-12-26 20:00:00+00:00,Houston,Rockets,1610612745,Indiana,Pacers,1610612754,117,123,1610612754,Regular Season,18055.0,,,240,6
22300407,2023-12-26 19:00:00+00:00,Washington,Wizards,1610612764,Orlando,Magic,1610612753,119,127,1610612753,Regular Season,16293.0,,,246,8
22300406,2023-12-26 19:00:00+00:00,Detroit,Pistons,1610612765,Brooklyn,Nets,1610612751,112,118,1610612751,Regular Season,19811.0,,,230,6
22300405,2023-12-25 22:30:00+00:00,Phoenix,Suns,1610612756,Dallas,Mavericks,1610612742,114,128,1610612742,Regular Season,17071.0,,,242,14
22300404,2023-12-25 20:00:00+00:00,Miami,Heat,1610612748,Philadelphia,76ers,1610612755,119,113,1610612748,Regular Season,20162.0,,,232,6
22300403,2023-12-25 17:00:00+00:00,Los Angeles,Lakers,1610612747,Boston,Celtics,1610612738,115,126,1610612738,Regular Season,18997.0,,,241,11
22300402,2023-12-25 14:30:00+00:00,Denver,Nuggets,1610612743,Golden State,Warriors,1610612744,120,114,1610612743,Regular Season,19811.0,,,234,6
22300401,2023-12-25 12:00:00+00:00,New York,Knicks,1610612752,Milwaukee,Bucks,1610612749,129,122,1610612752,Regular Season,19812.0,,,251,7
22300400,2023-12-23 22:00:00+00:00,Sacramento,Kings,1610612758,Minnesota,Timberwolves,1610612750,98,110,1610612750,Regular Season,17983.0,,,208,12
22300399,2023-12-23 20:30:00+00:00,Golden State,Warriors,1610612744,Portland,Trail Blazers,1610612757,126,106,1610612744,Regular Season,18064.0,,,232,20
22300398,2023-12-23 20:30:00+00:00,Dallas,Mavericks,1610612742,San Antonio,Spurs,1610612759,144,119,1610612742,Regular Season,20409.0,,,263,25
22300397,2023-12-23 20:00:00+00:00,Oklahoma City,Thunder,1610612760,Los Angeles,Lakers,1610612747,120,129,1610612747,Regular Season,18203.0,,,249,9
22300396,2023-12-23 20:00:00+00:00,Chicago,Bulls,1610612741,Cleveland,Cavaliers,1610612739,95,109,1610612739,Regular Season,19583.0,,,204,14
22300393,2023-12-23 19:30:00+00:00,Atlanta,Hawks,1610612737,Memphis,Grizzlies,1610612763,119,125,1610612763,Regular Season,17632.0,,,244,6
22300395,2023-12-23 19:30:00+00:00,Toronto,Raptors,1610612761,Utah,Jazz,1610612762,119,126,1610612762,Regular Season,19420.0,,,245,7
22300394,2023-12-23 19:30:00+00:00,Brooklyn,Nets,1610612751,Detroit,Pistons,1610612765,126,115,1610612751,Regular Season,17732.0,,,241,11
22300391,2023-12-23 19:00:00+00:00,Indiana,Pacers,1610612754,Orlando,Magic,1610612753,110,117,1610612753,Regular Season,17274.0,,,227,7
22300392,2023-12-23 19:00:00+00:00,New Orleans,Pelicans,1610612740,Houston,Rockets,1610612745,104,106,1610612745,Regular Season,17399.0,,,210,2
22300390,2023-12-23 19:00:00+00:00,Charlotte,Hornets,1610612766,Denver,Nuggets,1610612743,95,102,1610612743,Regular Season,19165.0,,,197,7
22300389,2023-12-23 15:30:00+00:00,Los Angeles,Clippers,1610612746,Boston,Celtics,1610612738,108,145,1610612738,Regular Season,19370.0,,,253,37
22300388,2023-12-23 12:30:00+00:00,New York,Knicks,1610612752,Milwaukee,Bucks,1610612749,111,130,1610612749,Regular Season,19812.0,,,241,19
22300387,2023-12-22 22:00:00+00:00,Sacramento,Kings,1610612758,Phoenix,Suns,1610612756,120,105,1610612758,Regular Season,17794.0,,,225,15
22300386,2023-12-22 22:00:00+00:00,Golden State,Warriors,1610612744,Washington,Wizards,1610612764,129,118,1610612744,Regular Season,18064.0,,,247,11
22300385,2023-12-22 20:00:00+00:00,Houston,Rockets,1610612745,Dallas,Mavericks,1610612742,122,96,1610612745,Regular Season,18055.0,,,218,26
22300384,2023-12-22 20:00:00+00:00,Miami,Heat,1610612748,Atlanta,Hawks,1610612737,122,113,1610612748,Regular Season,20029.0,,,235,9
22300383,2023-12-22 19:30:00+00:00,Brooklyn,Nets,1610612751,Denver,Nuggets,1610612743,117,122,1610612743,Regular Season,17732.0,,,239,5
22300382,2023-12-22 19:00:00+00:00,Philadelphia,76ers,1610612755,Toronto,Raptors,1610612761,121,111,1610612755,Regular Season,20230.0,,,232,10
22300381,2023-12-21 22:00:00+00:00,Portland,Trail Blazers,1610612757,Washington,Wizards,1610612764,117,118,1610612764,Regular Season,18690.0,,,235,1
22300380,2023-12-21 21:00:00+00:00,Minnesota,Timberwolves,1610612750,Los Angeles,Lakers,1610612747,118,111,1610612750,Regular Season,18024.0,,,229,7
22300379,2023-12-21 20:00:00+00:00,Oklahoma City,Thunder,1610612760,Los Angeles,Clippers,1610612746,134,115,1610612760,Regular Season,18203.0,,,249,19
22300378,2023-12-21 20:00:00+00:00,Milwaukee,Bucks,1610612749,Orlando,Magic,1610612753,118,114,1610612749,Regular Season,17928.0,,,232,4
22300376,2023-12-21 20:00:00+00:00,Chicago,Bulls,1610612741,San Antonio,Spurs,1610612759,114,95,1610612741,Regular Season,20697.0,,,209,19
22300377,2023-12-21 20:00:00+00:00,Memphis,Grizzlies,1610612763,Indiana,Pacers,1610612754,116,103,1610612763,Regular Season,18160.0,,,219,13
22300375,2023-12-21 19:30:00+00:00,Cleveland,Cavaliers,1610612739,New Orleans,Pelicans,1610612740,104,123,1610612740,Regular Season,19432.0,,,227,19
22300374,2023-12-21 19:00:00+00:00,Detroit,Pistons,1610612765,Utah,Jazz,1610612762,111,119,1610612762,Regular Season,18122.0,,,230,8
22300373,2023-12-20 22:00:00+00:00,Sacramento,Kings,1610612758,Boston,Celtics,1610612738,119,144,1610612738,Regular Season,17874.0,,,263,25
22300372,2023-12-20 20:30:00+00:00,Dallas,Mavericks,1610612742,Los Angeles,Clippers,1610612746,111,120,1610612746,Regular Season,20310.0,,,231,9
22300370,2023-12-20 20:00:00+00:00,Chicago,Bulls,1610612741,Los Angeles,Lakers,1610612747,124,108,1610612741,Regular Season,21234.0,,,232,16
22300371,2023-12-20 20:00:00+00:00,Houston,Rockets,1610612745,Atlanta,Hawks,1610612737,127,134,1610612737,Regular Season,18055.0,,,261,7
22300368,2023-12-20 19:30:00+00:00,Brooklyn,Nets,1610612751,New York,Knicks,1610612752,102,121,1610612752,Regular Season,18071.0,,,223,19
22300369,2023-12-20 19:30:00+00:00,Toronto,Raptors,1610612761,Denver,Nuggets,1610612743,104,113,1610612743,Regular Season,19800.0,,,217,9
22300367,2023-12-20 19:00:00+00:00,Philadelphia,76ers,1610612755,Minnesota,Timberwolves,1610612750,127,113,1610612755,Regular Season,20365.0,,,240,14
22300366,2023-12-20 19:00:00+00:00,Orlando,Magic,1610612753,Miami,Heat,1610612748,106,115,1610612748,Regular Season,19129.0,,,221,9
22300365,2023-12-20 19:00:00+00:00,Indiana,Pacers,1610612754,Charlotte,Hornets,1610612766,144,113,1610612754,Regular Season,16761.0,,,257,31
22300364,2023-12-20 19:00:00+00:00,Cleveland,Cavaliers,1610612739,Utah,Jazz,1610612762,124,116,1610612739,Regular Season,19432.0,,,240,8
22300362,2023-12-19 22:00:00+00:00,Golden State,Warriors,1610612744,Boston,Celtics,1610612738,132,126,1610612744,Regular Season,18064.0,,,258,6
22300363,2023-12-19 22:00:00+00:00,Portland,Trail Blazers,1610612757,Phoenix,Suns,1610612756,109,104,1610612757,Regular Season,18233.0,,,213,5
22300361,2023-12-19 20:00:00+00:00,Milwaukee,Bucks,1610612749,San Antonio,Spurs,1610612759,132,119,1610612749,Regular Season,17729.0,,,251,13
22300360,2023-12-19 19:30:00+00:00,New Orleans,Pelicans,1610612740,Memphis,Grizzlies,1610612763,113,115,1610612763,Regular Season,18355.0,,,228,2
22300359,2023-12-18 22:30:00+00:00,Los Angeles,Lakers,1610612747,New York,Knicks,1610612752,109,114,1610612752,Regular Season,18997.0,,,223,5
22300358,2023-12-18 22:00:00+00:00,Sacramento,Kings,1610612758,Washington,Wizards,1610612764,143,131,1610612758,Regular Season,17794.0,,,274,12
22300356,2023-12-18 21:00:00+00:00,Denver,Nuggets,1610612743,Dallas,Mavericks,1610612742,130,104,1610612743,Regular Season,19659.0,,,234,26
22300357,2023-12-18 21:00:00+00:00,Utah,Jazz,1610612762,Brooklyn,Nets,1610612751,125,108,1610612762,Regular Season,18206.0,,,233,17
22300355,2023-12-18 20:00:00+00:00,Oklahoma City,Thunder,1610612760,Memphis,Grizzlies,1610612763,116,97,1610612760,Regular Season,16409.0,,,213,19
22300353,2023-12-18 19:30:00+00:00,Miami,Heat,1610612748,Minnesota,Timberwolves,1610612750,108,112,1610612750,Regular Season,19819.0,,,220,4
22300354,2023-12-18 19:30:00+00:00,Toronto,Raptors,1610612761,Charlotte,Hornets,1610612766,114,99,1610612761,Regular Season,19288.0,,,213,15
22300352,2023-12-18 19:30:00+00:00,Atlanta,Hawks,1610612737,Detroit,Pistons,1610612765,130,124,1610612737,Regular Season,17664.0,,,254,6
22300350,2023-12-18 19:00:00+00:00,Indiana,Pacers,1610612754,Los Angeles,Clippers,1610612746,127,151,1610612746,Regular Season,16665.0,,,278,24
22300351,2023-12-18 19:00:00+00:00,Philadelphia,76ers,1610612755,Chicago,Bulls,1610612741,104,108,1610612741,Regular Season,19773.0,,,212,4
22300349,2023-12-18 19:00:00+00:00,Cleveland,Cavaliers,1610612739,Houston,Rockets,1610612745,135,130,1610612739,Regular Season,19432.0,,,265,5
22300348,2023-12-17 21:00:00+00:00,Portland,Trail Blazers,1610612757,Golden State,Warriors,1610612744,114,118,1610612744,Regular Season,18547.0,,,232,4
22300347,2023-12-17 20:00:00+00:00,Phoenix,Suns,1610612756,Washington,Wizards,1610612764,112,108,1610612756,Regular Season,17071.0,,,220,4
22300346,2023-12-17 19:00:00+00:00,Milwaukee,Bucks,1610612749,Houston,Rockets,1610612745,128,119,1610612749,Regular Season,17341.0,,,247,9
22300345,2023-12-17 15:30:00+00:00,San Antonio,Spurs,1610612759,New Orleans,Pelicans,1610612740,110,146,1610612740,Regular Season,18354.0,,,256,36
22300344,2023-12-17 15:00:00+00:00,Boston,Celtics,1610612738,Orlando,Magic,1610612753,114,97,1610612738,Regular Season,19156.0,,,211,17
22300343,2023-12-16 22:30:00+00:00,Los Angeles,Clippers,1610612746,New York,Knicks,1610612752,144,122,1610612746,Regular Season,19370.0,,,266,22
22300342,2023-12-16 22:00:00+00:00,Sacramento,Kings,1610612758,Utah,Jazz,1610612762,125,104,1610612758,Regular Season,17794.0,,,229,21
22300341,2023-12-16 21:00:00+00:00,Portland,Trail Blazers,1610612757,Dallas,Mavericks,1610612742,120,131,1610612742,Regular Season,18439.0,,,251,11
22300340,2023-12-16 21:00:00+00:00,Denver,Nuggets,1610612743,Oklahoma City,Thunder,1610612760,117,118,1610612760,Regular Season,19611.0,,,235,1
22300339,2023-12-16 20:30:00+00:00,Golden State,Warriors,1610612744,Brooklyn,Nets,1610612751,124,120,1610612744,Regular Season,18064.0,,,244,4
22300338,2023-12-16 20:00:00+00:00,Minnesota,Timberwolves,1610612750,Indiana,Pacers,1610612754,127,109,1610612750,Regular Season,18024.0,,,236,18
22300337,2023-12-16 20:00:00+00:00,Miami,Heat,1610612748,Chicago,Bulls,1610612741,118,116,1610612748,Regular Season,19815.0,,,234,2
22300336,2023-12-16 19:30:00+00:00,Cleveland,Cavaliers,1610612739,Atlanta,Hawks,1610612737,127,119,1610612739,Regular Season,19432.0,,,246,8
22300335,2023-12-16 19:00:00+00:00,Charlotte,Hornets,1610612766,Philadelphia,76ers,1610612755,82,135,1610612755,Regular Season,17829.0,,,217,53
22300334,2023-12-16 18:00:00+00:00,Milwaukee,Bucks,1610612749,Detroit,Pistons,1610612765,146,114,1610612749,Regular Season,17666.0,,,260,32
22300333,2023-12-15 22:00:00+00:00,Phoenix,Suns,1610612756,New York,Knicks,1610612752,122,139,1610612752,Regular Season,17071.0,,,261,17
22300332,2023-12-15 20:00:00+00:00,Memphis,Grizzlies,1610612763,Houston,Rockets,1610612745,96,103,1610612745,Regular Season,16941.0,,,199,7
22300330,2023-12-15 19:30:00+00:00,Toronto,Raptors,1610612761,Atlanta,Hawks,1610612737,104,125,1610612737,Regular Season,19800.0,,,229,21
22300329,2023-12-15 19:30:00+00:00,Boston,Celtics,1610612738,Orlando,Magic,1610612753,128,111,1610612738,Regular Season,19156.0,,,239,17
22300331,2023-12-15 19:30:00+00:00,San Antonio,Spurs,1610612759,Los Angeles,Lakers,1610612747,129,115,1610612759,Regular Season,18354.0,,,244,14
22300327,2023-12-15 19:00:00+00:00,Philadelphia,76ers,1610612755,Detroit,Pistons,1610612765,124,92,1610612755,Regular Season,19761.0,,,216,32
22300328,2023-12-15 19:00:00+00:00,Washington,Wizards,1610612764,Indiana,Pacers,1610612754,137,123,1610612764,Regular Season,15208.0,,,260,14
22300326,2023-12-15 19:00:00+00:00,Charlotte,Hornets,1610612766,New Orleans,Pelicans,1610612740,107,112,1610612740,Regular Season,16080.0,,,219,5
22300325,2023-12-14 22:30:00+00:00,Los Angeles,Clippers,1610612746,Golden State,Warriors,1610612744,121,113,1610612746,Regular Season,19370.0,,,234,8
22300323,2023-12-14 22:00:00+00:00,Portland,Trail Blazers,1610612757,Utah,Jazz,1610612762,114,122,1610612762,Regular Season,17842.0,,,236,8
22300324,2023-12-14 22:00:00+00:00,Sacramento,Kings,1610612758,Oklahoma City,Thunder,1610612760,128,123,1610612758,Regular Season,17794.0,,,251,5
22300322,2023-12-14 21:00:00+00:00,Denver,Nuggets,1610612743,Brooklyn,Nets,1610612751,124,101,1610612743,Regular Season,19636.0,,,225,23
22300321,2023-12-14 20:30:00+00:00,Dallas,Mavericks,1610612742,Minnesota,Timberwolves,1610612750,101,119,1610612750,Regular Season,20177.0,,,220,18
22300320,2023-12-14 19:30:00+00:00,Miami,Heat,1610612748,Chicago,Bulls,1610612741,116,124,1610612741,Regular Season,19653.0,,,240,8
22300319,2023-12-14 19:30:00+00:00,Boston,Celtics,1610612738,Cleveland,Cavaliers,1610612739,116,107,1610612738,Regular Season,19156.0,,,223,9
22300318,2023-12-13 21:00:00+00:00,Utah,Jazz,1610612762,New York,Knicks,1610612752,117,113,1610612762,Regular Season,18206.0,,,230,4
22300317,2023-12-13 21:00:00+00:00,Phoenix,Suns,1610612756,Brooklyn,Nets,1610612751,112,116,1610612751,Regular Season,17071.0,,,228,4
22300315,2023-12-13 20:00:00+00:00,Milwaukee,Bucks,1610612749,Indiana,Pacers,1610612754,140,126,1610612749,Regular Season,17431.0,,,266,14
22300316,2023-12-13 20:00:00+00:00,San Antonio,Spurs,1610612759,Los Angeles,Lakers,1610612747,119,122,1610612747,Regular Season,18354.0,,,241,3
22300314,2023-12-13 20:00:00+00:00,Houston,Rockets,1610612745,Memphis,Grizzlies,1610612763,117,104,1610612745,Regular Season,16813.0,,,221,13
22300312,2023-12-13 19:30:00+00:00,Miami,Heat,1610612748,Charlotte,Hornets,1610612766,115,104,1610612748,Regular Season,19600.0,,,219,11
22300313,2023-12-13 19:30:00+00:00,Toronto,Raptors,1610612761,Atlanta,Hawks,1610612737,135,128,1610612761,Regular Season,19423.0,,,263,7
22300310,2023-12-13 19:00:00+00:00,Detroit,Pistons,1610612765,Philadelphia,76ers,1610612755,111,129,1610612755,Regular Season,16749.0,,,240,18
22300311,2023-12-13 19:00:00+00:00,Washington,Wizards,1610612764,New Orleans,Pelicans,1610612740,122,142,1610612740,Regular Season,14080.0,,,264,20
22300309,2023-12-12 22:30:00+00:00,Los Angeles,Clippers,1610612746,Sacramento,Kings,1610612758,119,99,1610612746,Regular Season,17060.0,,,218,20
22300308,2023-12-12 22:00:00+00:00,Phoenix,Suns,1610612756,Golden State,Warriors,1610612744,119,116,1610612756,Regular Season,17071.0,,,235,3
22300307,2023-12-12 20:00:00+00:00,Chicago,Bulls,1610612741,Denver,Nuggets,1610612743,106,114,1610612743,Regular Season,20775.0,,,220,8
22300306,2023-12-12 19:30:00+00:00,Dallas,Mavericks,1610612742,Los Angeles,Lakers,1610612747,127,125,1610612742,Regular Season,20377.0,,,252,2
22300305,2023-12-12 19:30:00+00:00,Boston,Celtics,1610612738,Cleveland,Cavaliers,1610612739,120,113,1610612738,Regular Season,19156.0,,,233,7
22300304,2023-12-11 22:30:00+00:00,Los Angeles,Clippers,1610612746,Portland,Trail Blazers,1610612757,132,127,1610612746,Regular Season,17102.0,,,259,5
22300303,2023-12-11 22:00:00+00:00,Sacramento,Kings,1610612758,Brooklyn,Nets,1610612751,131,118,1610612758,Regular Season,17794.0,,,249,13
22300300,2023-12-11 20:00:00+00:00,Milwaukee,Bucks,1610612749,Chicago,Bulls,1610612741,133,129,1610612749,Regular Season,17440.0,,,262,4
22300302,2023-12-11 20:00:00+00:00,Oklahoma City,Thunder,1610612760,Utah,Jazz,1610612762,134,120,1610612760,Regular Season,16631.0,,,254,14
22300299,2023-12-11 20:00:00+00:00,Memphis,Grizzlies,1610612763,Dallas,Mavericks,1610612742,113,120,1610612742,Regular Season,16379.0,,,233,7
22300301,2023-12-11 20:00:00+00:00,New Orleans,Pelicans,1610612740,Minnesota,Timberwolves,1610612750,121,107,1610612740,Regular Season,16487.0,,,228,14
22300298,2023-12-11 20:00:00+00:00,Houston,Rockets,1610612745,San Antonio,Spurs,1610612759,93,82,1610612745,Regular Season,16481.0,,,175,11
22300297,2023-12-11 19:30:00+00:00,New York,Knicks,1610612752,Toronto,Raptors,1610612761,136,130,1610612752,Regular Season,19812.0,,,266,6
22300296,2023-12-11 19:30:00+00:00,Atlanta,Hawks,1610612737,Denver,Nuggets,1610612743,122,129,1610612743,Regular Season,17531.0,,,251,7
22300295,2023-12-11 19:00:00+00:00,Philadelphia,76ers,1610612755,Washington,Wizards,1610612764,146,101,1610612755,Regular Season,19762.0,,,247,45
22300292,2023-12-11 19:00:00+00:00,Charlotte,Hornets,1610612766,Miami,Heat,1610612748,114,116,1610612748,Regular Season,15543.0,,,230,2
22300294,2023-12-11 19:00:00+00:00,Orlando,Magic,1610612753,Cleveland,Cavaliers,1610612739,104,94,1610612753,Regular Season,19032.0,,,198,10
22300293,2023-12-11 19:00:00+00:00,Detroit,Pistons,1610612765,Indiana,Pacers,1610612754,123,131,1610612754,Regular Season,14988.0,,,254,8
22301226,2023-12-08 22:00:00+00:00,Portland,Trail Blazers,1610612757,Dallas,Mavericks,1610612742,112,125,1610612742,Regular Season,18762.0,,,237,13
22301225,2023-12-08 22:00:00+00:00,Utah,Jazz,1610612762,Los Angeles,Clippers,1610612746,103,117,1610612746,Regular Season,18206.0,,,220,14
22301228,2023-12-08 21:00:00+00:00,Phoenix,Suns,1610612756,Sacramento,Kings,1610612758,106,114,1610612758,Regular Season,17071.0,,,220,8
22301224,2023-12-08 21:00:00+00:00,Denver,Nuggets,1610612743,Houston,Rockets,1610612745,106,114,1610612745,Regular Season,19544.0,,,220,8
22301223,2023-12-08 20:30:00+00:00,San Antonio,Spurs,1610612759,Chicago,Bulls,1610612741,112,121,1610612741,Regular Season,18074.0,,,233,9
22301220,2023-12-08 20:00:00+00:00,Miami,Heat,1610612748,Cleveland,Cavaliers,1610612739,99,111,1610612739,Regular Season,19600.0,,,210,12
22301221,2023-12-08 20:00:00+00:00,Memphis,Grizzlies,1610612763,Minnesota,Timberwolves,1610612750,103,127,1610612750,Regular Season,15577.0,,,230,24
22301222,2023-12-08 20:00:00+00:00,Oklahoma City,Thunder,1610612760,Golden State,Warriors,1610612744,138,136,1610612760,Regular Season,17112.0,,,274,2
22301219,2023-12-08 19:30:00+00:00,Brooklyn,Nets,1610612751,Washington,Wizards,1610612764,124,97,1610612751,Regular Season,16587.0,,,221,27
22301227,2023-12-08 19:30:00+00:00,Boston,Celtics,1610612738,New York,Knicks,1610612752,133,123,1610612738,Regular Season,19156.0,,,256,10
22301218,2023-12-08 19:00:00+00:00,Philadelphia,76ers,1610612755,Atlanta,Hawks,1610612737,125,114,1610612755,Regular Season,19746.0,,,239,11
22301216,2023-12-08 19:00:00+00:00,Charlotte,Hornets,1610612766,Toronto,Raptors,1610612761,119,116,1610612766,Regular Season,11526.0,,,235,3
22301217,2023-12-08 19:00:00+00:00,Orlando,Magic,1610612753,Detroit,Pistons,1610612765,123,91,1610612753,Regular Season,18655.0,,,214,32
22301214,2023-12-06 22:00:00+00:00,Golden State,Warriors,1610612744,Portland,Trail Blazers,1610612757,110,106,1610612744,Regular Season,18064.0,,,216,4
22301215,2023-12-06 22:00:00+00:00,Los Angeles,Clippers,1610612746,Denver,Nuggets,1610612743,111,102,1610612746,Regular Season,16365.0,,,213,9
22301213,2023-12-06 20:30:00+00:00,Dallas,Mavericks,1610612742,Utah,Jazz,1610612762,147,97,1610612742,Regular Season,19877.0,,,244,50
22301211,2023-12-06 20:00:00+00:00,Chicago,Bulls,1610612741,Charlotte,Hornets,1610612766,111,100,1610612741,Regular Season,17689.0,,,211,11
22301212,2023-12-06 20:00:00+00:00,Houston,Rockets,1610612745,Oklahoma City,Thunder,1610612760,110,101,1610612745,Regular Season,16291.0,,,211,9
22301209,2023-12-06 19:30:00+00:00,Atlanta,Hawks,1610612737,Brooklyn,Nets,1610612751,113,114,1610612751,Regular Season,15906.0,,,227,1
22301210,2023-12-06 19:30:00+00:00,Minnesota,Timberwolves,1610612750,San Antonio,Spurs,1610612759,102,94,1610612750,Regular Season,18024.0,,,196,8
22301207,2023-12-06 19:30:00+00:00,Toronto,Raptors,1610612761,Miami,Heat,1610612748,103,112,1610612748,Regular Season,19084.0,,,215,9
22301205,2023-12-06 19:00:00+00:00,Cleveland,Cavaliers,1610612739,Orlando,Magic,1610612753,121,111,1610612739,Regular Season,19432.0,,,232,10
22301208,2023-12-06 19:00:00+00:00,Washington,Wizards,1610612764,Philadelphia,76ers,1610612755,126,131,1610612755,Regular Season,15568.0,,,257,5
22301206,2023-12-06 19:00:00+00:00,Detroit,Pistons,1610612765,Memphis,Grizzlies,1610612763,102,116,1610612763,Regular Season,12862.0,,,218,14
22300291,2023-12-02 22:30:00+00:00,Los Angeles,Lakers,1610612747,Houston,Rockets,1610612745,107,97,1610612747,Regular Season,18997.0,,,204,10
22300290,2023-12-02 22:00:00+00:00,Sacramento,Kings,1610612758,Denver,Nuggets,1610612743,123,117,1610612758,Regular Season,17829.0,,,240,6
22300289,2023-12-02 21:30:00+00:00,Utah,Jazz,1610612762,Portland,Trail Blazers,1610612757,118,113,1610612762,Regular Season,18206.0,,,231,5
22300287,2023-12-02 21:00:00+00:00,Dallas,Mavericks,1610612742,Oklahoma City,Thunder,1610612760,120,126,1610612760,Regular Season,20277.0,,,246,6
22300288,2023-12-02 21:00:00+00:00,Phoenix,Suns,1610612756,Memphis,Grizzlies,1610612763,116,109,1610612756,Regular Season,17071.0,,,225,7
22300285,2023-12-02 20:00:00+00:00,Chicago,Bulls,1610612741,New Orleans,Pelicans,1610612740,124,118,1610612741,Regular Season,20511.0,,,242,6
22300286,2023-12-02 20:00:00+00:00,Milwaukee,Bucks,1610612749,Atlanta,Hawks,1610612737,132,121,1610612749,Regular Season,17866.0,,,253,11
22300284,2023-12-02 20:00:00+00:00,Miami,Heat,1610612748,Indiana,Pacers,1610612754,129,144,1610612754,Regular Season,19650.0,,,273,15
22300282,2023-12-02 19:00:00+00:00,Brooklyn,Nets,1610612751,Orlando,Magic,1610612753,129,101,1610612751,Regular Season,17966.0,,,230,28
22300283,2023-12-02 19:00:00+00:00,Detroit,Pistons,1610612765,Cleveland,Cavaliers,1610612739,101,110,1610612739,Regular Season,18924.0,,,211,9
22300281,2023-12-02 17:00:00+00:00,Charlotte,Hornets,1610612766,Minnesota,Timberwolves,1610612750,117,123,1610612750,Regular Season,17731.0,,,240,6
22300280,2023-12-02 16:00:00+00:00,Los Angeles,Clippers,1610612746,Golden State,Warriors,1610612744,113,112,1610612746,Regular Season,19370.0,,,225,1
22300279,2023-12-01 22:00:00+00:00,Phoenix,Suns,1610612756,Denver,Nuggets,1610612743,111,119,1610612743,Regular Season,17071.0,,,230,8
22300278,2023-12-01 20:00:00+00:00,New Orleans,Pelicans,1610612740,San Antonio,Spurs,1610612759,121,106,1610612740,Regular Season,17028.0,,,227,15
22300275,2023-12-01 19:30:00+00:00,Boston,Celtics,1610612738,Philadelphia,76ers,1610612755,125,119,1610612738,Regular Season,19156.0,,,244,6
22300277,2023-12-01 19:30:00+00:00,Dallas,Mavericks,1610612742,Memphis,Grizzlies,1610612763,94,108,1610612763,Regular Season,20150.0,,,202,14
22300276,2023-12-01 19:30:00+00:00,Toronto,Raptors,1610612761,New York,Knicks,1610612752,106,119,1610612752,Regular Season,19800.0,,,225,13
22300274,2023-12-01 19:00:00+00:00,Orlando,Magic,1610612753,Washington,Wizards,1610612764,130,125,1610612753,Regular Season,18846.0,,,255,5
22300273,2023-11-30 22:00:00+00:00,Golden State,Warriors,1610612744,Los Angeles,Clippers,1610612746,120,114,1610612744,Regular Season,18064.0,,,234,6
22300269,2023-11-30 20:00:00+00:00,Chicago,Bulls,1610612741,Milwaukee,Bucks,1610612749,120,113,1610612741,Regular Season,19838.0,,,233,7
22300271,2023-11-30 20:00:00+00:00,Oklahoma City,Thunder,1610612760,Los Angeles,Lakers,1610612747,133,110,1610612760,Regular Season,17401.0,,,243,23
22300272,2023-11-30 20:00:00+00:00,San Antonio,Spurs,1610612759,Atlanta,Hawks,1610612737,135,137,1610612737,Regular Season,17646.0,,,272,2
22300270,2023-11-30 20:00:00+00:00,Minnesota,Timberwolves,1610612750,Utah,Jazz,1610612762,101,90,1610612750,Regular Season,18024.0,,,191,11
22300268,2023-11-30 19:30:00+00:00,New York,Knicks,1610612752,Detroit,Pistons,1610612765,118,112,1610612752,Regular Season,19812.0,,,230,6
22300267,2023-11-30 19:30:00+00:00,Miami,Heat,1610612748,Indiana,Pacers,1610612754,142,132,1610612748,Regular Season,19604.0,,,274,10
22300266,2023-11-30 19:30:00+00:00,Brooklyn,Nets,1610612751,Charlotte,Hornets,1610612766,128,129,1610612766,Regular Season,16072.0,,,257,1
22300265,2023-11-30 19:00:00+00:00,Cleveland,Cavaliers,1610612739,Portland,Trail Blazers,1610612757,95,103,1610612757,Regular Season,19432.0,,,198,8
22300264,2023-11-29 22:00:00+00:00,Sacramento,Kings,1610612758,Los Angeles,Clippers,1610612746,117,131,1610612746,Regular Season,17829.0,,,248,14
22300263,2023-11-29 21:00:00+00:00,Denver,Nuggets,1610612743,Houston,Rockets,1610612745,134,124,1610612743,Regular Season,19590.0,,,258,10
22300261,2023-11-29 20:00:00+00:00,Memphis,Grizzlies,1610612763,Utah,Jazz,1610612762,105,91,1610612763,Regular Season,15327.0,,,196,14
22300262,2023-11-29 20:00:00+00:00,New Orleans,Pelicans,1610612740,Philadelphia,76ers,1610612755,124,114,1610612740,Regular Season,16009.0,,,238,10
22300260,2023-11-29 19:30:00+00:00,Toronto,Raptors,1610612761,Phoenix,Suns,1610612756,112,105,1610612761,Regular Season,19800.0,,,217,7
22300259,2023-11-29 19:00:00+00:00,Orlando,Magic,1610612753,Washington,Wizards,1610612764,139,120,1610612753,Regular Season,17109.0,,,259,19
22300258,2023-11-29 19:00:00+00:00,Detroit,Pistons,1610612765,Los Angeles,Lakers,1610612747,107,133,1610612747,Regular Season,20062.0,,,240,26
22300257,2023-11-27 22:30:00+00:00,Los Angeles,Clippers,1610612746,Denver,Nuggets,1610612743,104,113,1610612743,Regular Season,17071.0,,,217,9
22300256,2023-11-27 21:00:00+00:00,Utah,Jazz,1610612762,New Orleans,Pelicans,1610612740,114,112,1610612762,Regular Season,18206.0,,,226,2
22300254,2023-11-27 19:00:00+00:00,Indiana,Pacers,1610612754,Portland,Trail Blazers,1610612757,110,114,1610612757,Regular Season,14508.0,,,224,4
22300253,2023-11-27 19:00:00+00:00,Detroit,Pistons,1610612765,Washington,Wizards,1610612764,107,126,1610612764,Regular Season,14346.0,,,233,19
22300255,2023-11-27 19:00:00+00:00,Philadelphia,76ers,1610612755,Los Angeles,Lakers,1610612747,138,94,1610612755,Regular Season,19907.0,,,232,44
22300252,2023-11-26 20:00:00+00:00,Denver,Nuggets,1610612743,San Antonio,Spurs,1610612759,132,120,1610612743,Regular Season,19665.0,,,252,12
22300251,2023-11-26 19:30:00+00:00,Cleveland,Cavaliers,1610612739,Toronto,Raptors,1610612761,105,102,1610612739,Regular Season,19432.0,,,207,3
22300250,2023-11-26 19:30:00+00:00,Brooklyn,Nets,1610612751,Chicago,Bulls,1610612741,118,109,1610612751,Regular Season,16687.0,,,227,9
22300246,2023-11-26 18:00:00+00:00,Boston,Celtics,1610612738,Atlanta,Hawks,1610612737,113,103,1610612738,Regular Season,19156.0,,,216,10
22300249,2023-11-26 18:00:00+00:00,Memphis,Grizzlies,1610612763,Minnesota,Timberwolves,1610612750,97,119,1610612750,Regular Season,15764.0,,,216,22
22300247,2023-11-26 18:00:00+00:00,New York,Knicks,1610612752,Phoenix,Suns,1610612756,113,116,1610612756,Regular Season,19812.0,,,229,3
22300248,2023-11-26 18:00:00+00:00,Orlando,Magic,1610612753,Charlotte,Hornets,1610612766,130,117,1610612753,Regular Season,18846.0,,,247,13
22300245,2023-11-26 15:30:00+00:00,Milwaukee,Bucks,1610612749,Portland,Trail Blazers,1610612757,108,102,1610612749,Regular Season,17602.0,,,210,6
22300244,2023-11-25 22:30:00+00:00,Los Angeles,Clippers,1610612746,Dallas,Mavericks,1610612742,107,88,1610612746,Regular Season,19370.0,,,195,19
22300243,2023-11-25 21:30:00+00:00,Utah,Jazz,1610612762,New Orleans,Pelicans,1610612740,105,100,1610612762,Regular Season,18206.0,,,205,5
22300242,2023-11-25 19:30:00+00:00,Cleveland,Cavaliers,1610612739,Los Angeles,Lakers,1610612747,115,121,1610612747,Regular Season,19432.0,,,236,6
22300241,2023-11-25 19:00:00+00:00,Washington,Wizards,1610612764,Atlanta,Hawks,1610612737,108,136,1610612737,Regular Season,16276.0,,,244,28
22300240,2023-11-25 18:00:00+00:00,Brooklyn,Nets,1610612751,Miami,Heat,1610612748,112,97,1610612751,Regular Season,17817.0,,,209,15
22300239,2023-11-25 17:00:00+00:00,Oklahoma City,Thunder,1610612760,Philadelphia,76ers,1610612755,123,127,1610612755,Regular Season,17125.0,,,250,4
22300238,2023-11-22 22:30:00+00:00,Los Angeles,Lakers,1610612747,Dallas,Mavericks,1610612742,101,104,1610612742,Regular Season,18997.0,,,205,3
22300237,2023-11-22 22:00:00+00:00,Portland,Trail Blazers,1610612757,Utah,Jazz,1610612762,121,105,1610612757,Regular Season,17819.0,,,226,16
22300236,2023-11-22 22:00:00+00:00,Phoenix,Suns,1610612756,Golden State,Warriors,1610612744,123,115,1610612756,Regular Season,17071.0,,,238,8
22300233,2023-11-22 20:00:00+00:00,New Orleans,Pelicans,1610612740,Sacramento,Kings,1610612758,117,112,1610612740,Regular Season,16012.0,,,229,5
22300235,2023-11-22 20:00:00+00:00,San Antonio,Spurs,1610612759,Los Angeles,Clippers,1610612746,102,109,1610612746,Regular Season,18354.0,,,211,7
22300231,2023-11-22 20:00:00+00:00,Houston,Rockets,1610612745,Memphis,Grizzlies,1610612763,111,91,1610612745,Regular Season,18055.0,,,202,20
22300232,2023-11-22 20:00:00+00:00,Minnesota,Timberwolves,1610612750,Philadelphia,76ers,1610612755,112,99,1610612750,Regular Season,18024.0,,,211,13
22300234,2023-11-22 20:00:00+00:00,Oklahoma City,Thunder,1610612760,Chicago,Bulls,1610612741,116,102,1610612760,Regular Season,18203.0,,,218,14
22300227,2023-11-22 19:30:00+00:00,Atlanta,Hawks,1610612737,Brooklyn,Nets,1610612751,147,145,1610612737,Regular Season,17340.0,,,292,2
22300230,2023-11-22 19:30:00+00:00,Indiana,Pacers,1610612754,Toronto,Raptors,1610612761,131,132,1610612761,Regular Season,17091.0,,,263,1
22300229,2023-11-22 19:30:00+00:00,Cleveland,Cavaliers,1610612739,Miami,Heat,1610612748,96,129,1610612748,Regular Season,19432.0,,,225,33
22300228,2023-11-22 19:30:00+00:00,Boston,Celtics,1610612738,Milwaukee,Bucks,1610612749,119,116,1610612738,Regular Season,19156.0,,,235,3
22300225,2023-11-22 19:00:00+00:00,Charlotte,Hornets,1610612766,Washington,Wizards,1610612764,117,114,1610612766,Regular Season,16432.0,,,231,3
22300226,2023-11-22 19:00:00+00:00,Orlando,Magic,1610612753,Denver,Nuggets,1610612743,124,119,1610612753,Regular Season,18237.0,,,243,5
22300224,2023-11-20 22:00:00+00:00,Golden State,Warriors,1610612744,Houston,Rockets,1610612745,121,116,1610612744,Regular Season,18064.0,,,237,5
22300223,2023-11-20 20:00:00+00:00,San Antonio,Spurs,1610612759,Los Angeles,Clippers,1610612746,99,124,1610612746,Regular Season,18354.0,,,223,25
22300221,2023-11-20 20:00:00+00:00,Minnesota,Timberwolves,1610612750,New York,Knicks,1610612752,117,100,1610612750,Regular Season,18024.0,,,217,17
22300220,2023-11-20 20:00:00+00:00,Chicago,Bulls,1610612741,Miami,Heat,1610612748,100,118,1610612748,Regular Season,19258.0,,,218,18
22300222,2023-11-20 20:00:00+00:00,New Orleans,Pelicans,1610612740,Sacramento,Kings,1610612758,129,93,1610612740,Regular Season,16004.0,,,222,36
22300218,2023-11-20 19:00:00+00:00,Detroit,Pistons,1610612765,Denver,Nuggets,1610612743,103,107,1610612743,Regular Season,19403.0,,,210,4
22300217,2023-11-20 19:00:00+00:00,Charlotte,Hornets,1610612766,Boston,Celtics,1610612738,121,118,1610612766,Regular Season,19134.0,,,239,3
22300219,2023-11-20 19:00:00+00:00,Washington,Wizards,1610612764,Milwaukee,Bucks,1610612749,129,142,1610612749,Regular Season,17746.0,,,271,13
22300216,2023-11-19 21:30:00+00:00,Los Angeles,Lakers,1610612747,Houston,Rockets,1610612745,105,104,1610612747,Regular Season,18997.0,,,209,1
22300215,2023-11-19 21:00:00+00:00,Portland,Trail Blazers,1610612757,Oklahoma City,Thunder,1610612760,91,134,1610612760,Regular Season,18235.0,,,225,43
22300213,2023-11-19 20:00:00+00:00,Memphis,Grizzlies,1610612763,Boston,Celtics,1610612738,100,102,1610612738,Regular Season,17798.0,,,202,2
22300214,2023-11-19 20:00:00+00:00,Utah,Jazz,1610612762,Phoenix,Suns,1610612756,137,140,1610612756,Regular Season,18206.0,,,277,3
22300212,2023-11-19 19:30:00+00:00,Dallas,Mavericks,1610612742,Sacramento,Kings,1610612758,113,129,1610612758,Regular Season,20211.0,,,242,16
22300210,2023-11-19 18:00:00+00:00,Cleveland,Cavaliers,1610612739,Denver,Nuggets,1610612743,121,109,1610612739,Regular Season,19432.0,,,230,12
22300209,2023-11-19 17:00:00+00:00,Indiana,Pacers,1610612754,Orlando,Magic,1610612753,116,128,1610612753,Regular Season,17276.0,,,244,12
22300211,2023-11-19 16:00:00+00:00,Toronto,Raptors,1610612761,Detroit,Pistons,1610612765,142,113,1610612761,Regular Season,19182.0,,,255,29
22300208,2023-11-19 15:00:00+00:00,Brooklyn,Nets,1610612751,Philadelphia,76ers,1610612755,99,121,1610612755,Regular Season,17934.0,,,220,22
22300207,2023-11-18 20:30:00+00:00,Golden State,Warriors,1610612744,Oklahoma City,Thunder,1610612760,123,130,1610612760,Regular Season,18064.0,,,253,7
22300204,2023-11-18 20:00:00+00:00,Chicago,Bulls,1610612741,Miami,Heat,1610612748,102,97,1610612741,Regular Season,18063.0,,,199,5
22300206,2023-11-18 20:00:00+00:00,San Antonio,Spurs,1610612759,Memphis,Grizzlies,1610612763,108,120,1610612763,Regular Season,18354.0,,,228,12
22300205,2023-11-18 20:00:00+00:00,Milwaukee,Bucks,1610612749,Dallas,Mavericks,1610612742,132,125,1610612749,Regular Season,18128.0,,,257,7
22300203,2023-11-18 19:00:00+00:00,New Orleans,Pelicans,1610612740,Minnesota,Timberwolves,1610612750,120,121,1610612750,Regular Season,15536.0,,,241,1
22300202,2023-11-18 18:00:00+00:00,Charlotte,Hornets,1610612766,New York,Knicks,1610612752,108,122,1610612752,Regular Season,19171.0,,,230,14
22300201,2023-11-16 22:00:00+00:00,Golden State,Warriors,1610612744,Oklahoma City,Thunder,1610612760,109,128,1610612760,Regular Season,18064.0,,,237,19
22300200,2023-11-16 19:30:00+00:00,Miami,Heat,1610612748,Brooklyn,Nets,1610612751,122,115,1610612748,Regular Season,19866.0,,,237,7
22300199,2023-11-15 22:00:00+00:00,Portland,Trail Blazers,1610612757,Cleveland,Cavaliers,1610612739,95,109,1610612739,Regular Season,18137.0,,,204,14
22300198,2023-11-15 22:00:00+00:00,Los Angeles,Lakers,1610612747,Sacramento,Kings,1610612758,110,125,1610612758,Regular Season,18687.0,,,235,15
22300197,2023-11-15 21:00:00+00:00,Phoenix,Suns,1610612756,Minnesota,Timberwolves,1610612750,133,115,1610612756,Regular Season,17071.0,,,248,18
22300196,2023-11-15 20:00:00+00:00,Chicago,Bulls,1610612741,Orlando,Magic,1610612753,94,96,1610612753,Regular Season,19092.0,,,190,2
22300195,2023-11-15 19:30:00+00:00,Toronto,Raptors,1610612761,Milwaukee,Bucks,1610612749,112,128,1610612749,Regular Season,19800.0,,,240,16
22300194,2023-11-15 19:30:00+00:00,Philadelphia,76ers,1610612755,Boston,Celtics,1610612738,107,117,1610612738,Regular Season,19773.0,,,224,10
22300193,2023-11-15 19:30:00+00:00,Atlanta,Hawks,1610612737,New York,Knicks,1610612752,114,116,1610612752,Regular Season,17060.0,,,230,2
22300192,2023-11-15 19:00:00+00:00,Washington,Wizards,1610612764,Dallas,Mavericks,1610612742,117,130,1610612742,Regular Season,16632.0,,,247,13
22300191,2023-11-13 22:00:00+00:00,Sacramento,Kings,1610612758,Cleveland,Cavaliers,1610612739,132,120,1610612758,Regular Season,17829.0,,,252,12
22300190,2023-11-13 20:00:00+00:00,Milwaukee,Bucks,1610612749,Chicago,Bulls,1610612741,118,109,1610612749,Regular Season,17865.0,,,227,9
22300188,2023-11-13 19:30:00+00:00,Boston,Celtics,1610612738,New York,Knicks,1610612752,114,98,1610612738,Regular Season,19156.0,,,212,16
22300189,2023-11-13 19:30:00+00:00,Toronto,Raptors,1610612761,Washington,Wizards,1610612764,111,107,1610612761,Regular Season,19800.0,,,218,4
22300187,2023-11-12 22:00:00+00:00,Los Angeles,Lakers,1610612747,Portland,Trail Blazers,1610612757,116,110,1610612747,Regular Season,18997.0,,,226,6
22300186,2023-11-12 20:30:00+00:00,Golden State,Warriors,1610612744,Minnesota,Timberwolves,1610612750,110,116,1610612750,Regular Season,18064.0,,,226,6
22300185,2023-11-12 20:00:00+00:00,Phoenix,Suns,1610612756,Oklahoma City,Thunder,1610612760,99,111,1610612760,Regular Season,17071.0,,,210,12
22300184,2023-11-12 19:00:00+00:00,San Antonio,Spurs,1610612759,Miami,Heat,1610612748,113,118,1610612748,Regular Season,18036.0,,,231,5
22300181,2023-11-12 19:00:00+00:00,Chicago,Bulls,1610612741,Detroit,Pistons,1610612765,119,108,1610612741,Regular Season,19088.0,,,227,11
22300182,2023-11-12 19:00:00+00:00,Houston,Rockets,1610612745,Denver,Nuggets,1610612743,107,104,1610612745,Regular Season,18055.0,,,211,3
22300183,2023-11-12 19:00:00+00:00,New Orleans,Pelicans,1610612740,Dallas,Mavericks,1610612742,124,136,1610612742,Regular Season,16302.0,,,260,12
22300180,2023-11-12 18:00:00+00:00,Philadelphia,76ers,1610612755,Indiana,Pacers,1610612754,137,126,1610612755,Regular Season,19758.0,,,263,11
22300179,2023-11-12 15:30:00+00:00,Los Angeles,Clippers,1610612746,Memphis,Grizzlies,1610612763,101,105,1610612763,Regular Season,17220.0,,,206,4
22300178,2023-11-12 15:00:00+00:00,Brooklyn,Nets,1610612751,Washington,Wizards,1610612764,102,94,1610612751,Regular Season,17732.0,,,196,8
22300177,2023-11-12 12:00:00+00:00,New York,Knicks,1610612752,Charlotte,Hornets,1610612766,129,107,1610612752,Regular Season,19812.0,,,236,22
22300176,2023-11-11 20:30:00+00:00,Golden State,Warriors,1610612744,Cleveland,Cavaliers,1610612739,110,118,1610612739,Regular Season,18064.0,,,228,8
22300175,2023-11-11 19:30:00+00:00,Atlanta,Hawks,1610612737,Miami,Heat,1610612748,109,117,1610612748,Regular Season,17722.0,,,226,8
22300174,2023-11-11 19:00:00+00:00,Boston,Celtics,1610612738,Toronto,Raptors,1610612761,117,94,1610612738,Regular Season,19156.0,,,211,23
22300173,2023-11-11 18:00:00+00:00,Orlando,Magic,1610612753,Milwaukee,Bucks,1610612749,112,97,1610612753,Regular Season,19354.0,,,209,15
22300172,2023-11-09 21:30:00+00:00,Orlando,Magic,1610612753,Atlanta,Hawks,1610612737,119,120,1610612737,Regular Season,19986.0,,,239,1
22300171,2023-11-09 19:00:00+00:00,Indiana,Pacers,1610612754,Milwaukee,Bucks,1610612749,126,124,1610612754,Regular Season,14648.0,,,250,2
22300170,2023-11-08 22:00:00+00:00,Sacramento,Kings,1610612758,Portland,Trail Blazers,1610612757,121,118,1610612758,Regular Season,17829.0,,,239,3
22300169,2023-11-08 22:00:00+00:00,Denver,Nuggets,1610612743,Golden State,Warriors,1610612744,108,105,1610612743,Regular Season,19737.0,,,213,3
22300168,2023-11-08 20:30:00+00:00,Dallas,Mavericks,1610612742,Toronto,Raptors,1610612761,116,127,1610612761,Regular Season,20063.0,,,243,11
22300163,2023-11-08 20:00:00+00:00,Houston,Rockets,1610612745,Los Angeles,Lakers,1610612747,128,94,1610612745,Regular Season,18055.0,,,222,34
22300165,2023-11-08 20:00:00+00:00,Milwaukee,Bucks,1610612749,Detroit,Pistons,1610612765,120,118,1610612749,Regular Season,17341.0,,,238,2
22300167,2023-11-08 20:00:00+00:00,Oklahoma City,Thunder,1610612760,Cleveland,Cavaliers,1610612739,128,120,1610612760,Regular Season,16314.0,,,248,8
22300164,2023-11-08 20:00:00+00:00,Memphis,Grizzlies,1610612763,Miami,Heat,1610612748,102,108,1610612748,Regular Season,16781.0,,,210,6
22300162,2023-11-08 20:00:00+00:00,Chicago,Bulls,1610612741,Phoenix,Suns,1610612756,115,116,1610612756,Regular Season,18220.0,,,231,1
22300166,2023-11-08 20:00:00+00:00,Minnesota,Timberwolves,1610612750,New Orleans,Pelicans,1610612740,122,101,1610612750,Regular Season,18024.0,,,223,21
22300160,2023-11-08 19:30:00+00:00,Brooklyn,Nets,1610612751,Los Angeles,Clippers,1610612746,100,93,1610612751,Regular Season,17933.0,,,193,7
22300161,2023-11-08 19:30:00+00:00,New York,Knicks,1610612752,San Antonio,Spurs,1610612759,126,105,1610612752,Regular Season,19812.0,,,231,21
22300159,2023-11-08 19:00:00+00:00,Philadelphia,76ers,1610612755,Boston,Celtics,1610612738,106,103,1610612755,Regular Season,19953.0,,,209,3
22300158,2023-11-08 19:00:00+00:00,Indiana,Pacers,1610612754,Utah,Jazz,1610612762,134,118,1610612754,Regular Season,14509.0,,,252,16
22300157,2023-11-08 19:00:00+00:00,Charlotte,Hornets,1610612766,Washington,Wizards,1610612764,116,132,1610612764,Regular Season,14267.0,,,248,16
22300156,2023-11-06 21:00:00+00:00,Denver,Nuggets,1610612743,New Orleans,Pelicans,1610612740,134,116,1610612743,Regular Season,19544.0,,,250,18
22300155,2023-11-06 20:00:00+00:00,Oklahoma City,Thunder,1610612760,Atlanta,Hawks,1610612737,126,117,1610612760,Regular Season,16486.0,,,243,9
22300153,2023-11-06 20:00:00+00:00,Houston,Rockets,1610612745,Sacramento,Kings,1610612758,122,97,1610612745,Regular Season,15130.0,,,219,25
22300154,2023-11-06 20:00:00+00:00,Minnesota,Timberwolves,1610612750,Boston,Celtics,1610612738,114,109,1610612750,Regular Season,18024.0,,,223,5
22300152,2023-11-06 20:00:00+00:00,Chicago,Bulls,1610612741,Utah,Jazz,1610612762,130,113,1610612741,Regular Season,18031.0,,,243,17
22300151,2023-11-06 19:30:00+00:00,New York,Knicks,1610612752,Los Angeles,Clippers,1610612746,111,97,1610612752,Regular Season,19812.0,,,208,14
22300150,2023-11-06 19:30:00+00:00,Miami,Heat,1610612748,Los Angeles,Lakers,1610612747,108,107,1610612748,Regular Season,19725.0,,,215,1
22300149,2023-11-06 19:30:00+00:00,Brooklyn,Nets,1610612751,Milwaukee,Bucks,1610612749,125,129,1610612749,Regular Season,17935.0,,,254,4
22300145,2023-11-06 19:00:00+00:00,Detroit,Pistons,1610612765,Golden State,Warriors,1610612744,109,120,1610612744,Regular Season,20062.0,,,229,11
22300148,2023-11-06 19:00:00+00:00,Philadelphia,76ers,1610612755,Washington,Wizards,1610612764,146,128,1610612755,Regular Season,19765.0,,,274,18
22300147,2023-11-06 19:00:00+00:00,Orlando,Magic,1610612753,Dallas,Mavericks,1610612742,102,117,1610612742,Regular Season,19409.0,,,219,15
22300146,2023-11-06 19:00:00+00:00,Indiana,Pacers,1610612754,San Antonio,Spurs,1610612759,152,111,1610612754,Regular Season,15129.0,,,263,41
22300144,2023-11-05 21:00:00+00:00,Portland,Trail Blazers,1610612757,Memphis,Grizzlies,1610612763,100,112,1610612763,Regular Season,18187.0,,,212,12
22300143,2023-11-05 19:30:00+00:00,Dallas,Mavericks,1610612742,Charlotte,Hornets,1610612766,124,118,1610612742,Regular Season,20052.0,,,242,6
22300142,2023-11-05 18:00:00+00:00,Cleveland,Cavaliers,1610612739,Golden State,Warriors,1610612744,115,104,1610612739,Regular Season,19432.0,,,219,11
22300141,2023-11-05 15:30:00+00:00,San Antonio,Spurs,1610612759,Toronto,Raptors,1610612761,116,123,1610612761,Regular Season,18354.0,,,239,7
22300140,2023-11-05 15:00:00+00:00,Detroit,Pistons,1610612765,Phoenix,Suns,1610612756,106,120,1610612756,Regular Season,20062.0,,,226,14
22300139,2023-11-04 21:00:00+00:00,Denver,Nuggets,1610612743,Chicago,Bulls,1610612741,123,101,1610612743,Regular Season,19610.0,,,224,22
22300137,2023-11-04 20:00:00+00:00,Houston,Rockets,1610612745,Sacramento,Kings,1610612758,107,89,1610612745,Regular Season,18055.0,,,196,18
22300138,2023-11-04 20:00:00+00:00,Minnesota,Timberwolves,1610612750,Utah,Jazz,1610612762,123,95,1610612750,Regular Season,18024.0,,,218,28
22300136,2023-11-04 20:00:00+00:00,Brooklyn,Nets,1610612751,Boston,Celtics,1610612738,114,124,1610612738,Regular Season,17983.0,,,238,10
22300133,2023-11-04 19:00:00+00:00,Indiana,Pacers,1610612754,Charlotte,Hornets,1610612766,124,125,1610612766,Regular Season,15945.0,,,249,1
22300135,2023-11-04 19:00:00+00:00,New Orleans,Pelicans,1610612740,Atlanta,Hawks,1610612737,105,123,1610612737,Regular Season,17237.0,,,228,18
22300134,2023-11-04 19:00:00+00:00,Orlando,Magic,1610612753,Los Angeles,Lakers,1610612747,120,101,1610612753,Regular Season,18846.0,,,221,19
22300132,2023-11-04 13:00:00+00:00,Philadelphia,76ers,1610612755,Phoenix,Suns,1610612756,112,100,1610612755,Regular Season,19796.0,,,212,12
22300131,2023-11-02 22:00:00+00:00,Phoenix,Suns,1610612756,San Antonio,Spurs,1610612759,121,132,1610612759,Regular Season,17071.0,,,253,11
22300130,2023-11-02 21:00:00+00:00,Utah,Jazz,1610612762,Orlando,Magic,1610612753,113,115,1610612753,Regular Season,18206.0,,,228,2
22300129,2023-11-02 20:00:00+00:00,New Orleans,Pelicans,1610612740,Detroit,Pistons,1610612765,125,116,1610612740,Regular Season,15884.0,,,241,9
22300128,2023-11-02 19:00:00+00:00,Philadelphia,76ers,1610612755,Toronto,Raptors,1610612761,114,99,1610612755,Regular Season,19773.0,,,213,15
22300126,2023-11-01 22:00:00+00:00,Golden State,Warriors,1610612744,Sacramento,Kings,1610612758,102,101,1610612744,Regular Season,18064.0,,,203,1
22300127,2023-11-01 22:00:00+00:00,Los Angeles,Lakers,1610612747,Los Angeles,Clippers,1610612746,130,125,1610612747,Regular Season,18997.0,,,255,5
22300125,2023-11-01 21:00:00+00:00,Utah,Jazz,1610612762,Memphis,Grizzlies,1610612763,133,109,1610612762,Regular Season,18206.0,,,242,24
22300124,2023-11-01 20:30:00+00:00,Dallas,Mavericks,1610612742,Chicago,Bulls,1610612741,114,105,1610612742,Regular Season,20103.0,,,219,9
22300123,2023-11-01 20:00:00+00:00,Minnesota,Timberwolves,1610612750,Denver,Nuggets,1610612743,110,89,1610612750,Regular Season,18024.0,,,199,21
22300122,2023-11-01 20:00:00+00:00,Houston,Rockets,1610612745,Charlotte,Hornets,1610612766,128,119,1610612745,Regular Season,16263.0,,,247,9
22300119,2023-11-01 19:30:00+00:00,Miami,Heat,1610612748,Brooklyn,Nets,1610612751,105,109,1610612751,Regular Season,19600.0,,,214,4
22300118,2023-11-01 19:30:00+00:00,Boston,Celtics,1610612738,Indiana,Pacers,1610612754,155,104,1610612738,Regular Season,19156.0,,,259,51
22300121,2023-11-01 19:30:00+00:00,Oklahoma City,Thunder,1610612760,New Orleans,Pelicans,1610612740,106,110,1610612740,Regular Season,15764.0,,,216,4
22300120,2023-11-01 19:30:00+00:00,New York,Knicks,1610612752,Cleveland,Cavaliers,1610612739,89,95,1610612739,Regular Season,19812.0,,,184,6
22300117,2023-11-01 19:30:00+00:00,Atlanta,Hawks,1610612737,Washington,Wizards,1610612764,130,121,1610612737,Regular Season,15925.0,,,251,9
22300115,2023-11-01 19:00:00+00:00,Detroit,Pistons,1610612765,Portland,Trail Blazers,1610612757,101,110,1610612757,Regular Season,16912.0,,,211,9
22300116,2023-11-01 19:00:00+00:00,Toronto,Raptors,1610612761,Milwaukee,Bucks,1610612749,130,111,1610612761,Regular Season,19800.0,,,241,19
22300114,2023-10-31 22:30:00+00:00,Los Angeles,Clippers,1610612746,Orlando,Magic,1610612753,118,102,1610612746,Regular Season,14014.0,,,220,16
22300113,2023-10-31 22:00:00+00:00,Phoenix,Suns,1610612756,San Antonio,Spurs,1610612759,114,115,1610612759,Regular Season,17071.0,,,229,1
22300112,2023-10-31 19:30:00+00:00,Cleveland,Cavaliers,1610612739,New York,Knicks,1610612752,91,109,1610612752,Regular Season,19432.0,,,200,18
22300111,2023-10-30 22:30:00+00:00,Los Angeles,Lakers,1610612747,Orlando,Magic,1610612753,106,103,1610612747,Regular Season,18997.0,,,209,3
22300110,2023-10-30 21:00:00+00:00,Denver,Nuggets,1610612743,Utah,Jazz,1610612762,110,102,1610612743,Regular Season,19671.0,,,212,8
22300106,2023-10-30 20:00:00+00:00,Memphis,Grizzlies,1610612763,Dallas,Mavericks,1610612742,110,125,1610612742,Regular Season,15031.0,,,235,15
22300107,2023-10-30 20:00:00+00:00,Milwaukee,Bucks,1610612749,Miami,Heat,1610612748,122,114,1610612749,Regular Season,17341.0,,,236,8
22300108,2023-10-30 20:00:00+00:00,New Orleans,Pelicans,1610612740,Golden State,Warriors,1610612744,102,130,1610612744,Regular Season,17286.0,,,232,28
22300109,2023-10-30 20:00:00+00:00,Oklahoma City,Thunder,1610612760,Detroit,Pistons,1610612765,124,112,1610612760,Regular Season,16127.0,,,236,12
22300105,2023-10-30 19:30:00+00:00,Toronto,Raptors,1610612761,Portland,Trail Blazers,1610612757,91,99,1610612757,Regular Season,19266.0,,,190,8
22300104,2023-10-30 19:30:00+00:00,Atlanta,Hawks,1610612737,Minnesota,Timberwolves,1610612750,127,113,1610612737,Regular Season,15504.0,,,240,14
22300101,2023-10-30 19:00:00+00:00,Charlotte,Hornets,1610612766,Brooklyn,Nets,1610612751,121,133,1610612751,Regular Season,14491.0,,,254,12
22300102,2023-10-30 19:00:00+00:00,Indiana,Pacers,1610612754,Chicago,Bulls,1610612741,105,112,1610612741,Regular Season,15021.0,,,217,7
22300103,2023-10-30 19:00:00+00:00,Washington,Wizards,1610612764,Boston,Celtics,1610612738,107,126,1610612738,Regular Season,17898.0,,,233,19
22300100,2023-10-29 21:00:00+00:00,Sacramento,Kings,1610612758,Los Angeles,Lakers,1610612747,132,127,1610612758,Regular Season,18198.0,,,259,5
22300099,2023-10-29 21:00:00+00:00,Los Angeles,Clippers,1610612746,San Antonio,Spurs,1610612759,123,83,1610612746,Regular Season,19370.0,,,206,40
22300098,2023-10-29 19:30:00+00:00,Philadelphia,76ers,1610612755,Portland,Trail Blazers,1610612757,126,98,1610612755,Regular Season,19768.0,,,224,28
22300097,2023-10-29 19:00:00+00:00,Milwaukee,Bucks,1610612749,Atlanta,Hawks,1610612737,110,127,1610612737,Regular Season,17341.0,,,237,17
22300096,2023-10-29 19:00:00+00:00,Houston,Rockets,1610612745,Golden State,Warriors,1610612744,95,106,1610612744,Regular Season,18055.0,,,201,11
22300095,2023-10-29 15:30:00+00:00,Oklahoma City,Thunder,1610612760,Denver,Nuggets,1610612743,95,128,1610612743,Regular Season,18203.0,,,223,33
22300094,2023-10-28 22:00:00+00:00,Phoenix,Suns,1610612756,Utah,Jazz,1610612762,126,104,1610612756,Regular Season,17071.0,,,230,22
22300093,2023-10-28 20:00:00+00:00,Minnesota,Timberwolves,1610612750,Miami,Heat,1610612748,106,90,1610612750,Regular Season,18024.0,,,196,16
22300091,2023-10-28 19:30:00+00:00,Cleveland,Cavaliers,1610612739,Indiana,Pacers,1610612754,113,125,1610612754,Regular Season,19432.0,,,238,12
22300092,2023-10-28 19:30:00+00:00,Toronto,Raptors,1610612761,Philadelphia,76ers,1610612755,107,114,1610612755,Regular Season,19800.0,,,221,7
22300088,2023-10-28 19:00:00+00:00,Detroit,Pistons,1610612765,Chicago,Bulls,1610612741,118,102,1610612765,Regular Season,20062.0,,,220,16
22300090,2023-10-28 19:00:00+00:00,New Orleans,Pelicans,1610612740,New York,Knicks,1610612752,96,87,1610612740,Regular Season,16331.0,,,183,9
22300089,2023-10-28 19:00:00+00:00,Washington,Wizards,1610612764,Memphis,Grizzlies,1610612763,113,106,1610612764,Regular Season,16191.0,,,219,7
22300086,2023-10-27 22:00:00+00:00,Portland,Trail Blazers,1610612757,Orlando,Magic,1610612753,97,102,1610612753,Regular Season,19464.0,,,199,5
22300087,2023-10-27 22:00:00+00:00,Sacramento,Kings,1610612758,Golden State,Warriors,1610612744,114,122,1610612744,Regular Season,18250.0,,,236,8
22300085,2023-10-27 21:30:00+00:00,Utah,Jazz,1610612762,Los Angeles,Clippers,1610612746,120,118,1610612762,Regular Season,18206.0,,,238,2
22300084,2023-10-27 20:30:00+00:00,Dallas,Mavericks,1610612742,Brooklyn,Nets,1610612751,125,120,1610612742,Regular Season,20238.0,,,245,5
22300083,2023-10-27 20:00:00+00:00,San Antonio,Spurs,1610612759,Houston,Rockets,1610612745,126,122,1610612759,Regular Season,18354.0,,,248,4
22300082,2023-10-27 20:00:00+00:00,Chicago,Bulls,1610612741,Toronto,Raptors,1610612761,104,103,1610612741,Regular Season,19555.0,,,207,1
22300079,2023-10-27 19:30:00+00:00,Atlanta,Hawks,1610612737,New York,Knicks,1610612752,120,126,1610612752,Regular Season,17692.0,,,246,6
22300080,2023-10-27 19:30:00+00:00,Boston,Celtics,1610612738,Miami,Heat,1610612748,119,111,1610612738,Regular Season,19156.0,,,230,8
22300081,2023-10-27 19:30:00+00:00,Cleveland,Cavaliers,1610612739,Oklahoma City,Thunder,1610612760,105,108,1610612760,Regular Season,19432.0,,,213,3
22300077,2023-10-27 19:00:00+00:00,Charlotte,Hornets,1610612766,Detroit,Pistons,1610612765,99,111,1610612765,Regular Season,15855.0,,,210,12
22300078,2023-10-27 19:00:00+00:00,Memphis,Grizzlies,1610612763,Denver,Nuggets,1610612743,104,108,1610612743,Regular Season,16617.0,,,212,4
22300076,2023-10-26 22:00:00+00:00,Los Angeles,Lakers,1610612747,Phoenix,Suns,1610612756,100,95,1610612747,Regular Season,18997.0,,,195,5
22300075,2023-10-26 19:30:00+00:00,Milwaukee,Bucks,1610612749,Philadelphia,76ers,1610612755,118,117,1610612749,Regular Season,17783.0,,,235,1
22300074,2023-10-25 22:30:00+00:00,Los Angeles,Clippers,1610612746,Portland,Trail Blazers,1610612757,123,111,1610612746,Regular Season,19370.0,,,234,12
22300073,2023-10-25 21:30:00+00:00,San Antonio,Spurs,1610612759,Dallas,Mavericks,1610612742,119,126,1610612742,Regular Season,18947.0,,,245,7
22300072,2023-10-25 21:00:00+00:00,Utah,Jazz,1610612762,Sacramento,Kings,1610612758,114,130,1610612758,Regular Season,18206.0,,,244,16
22300071,2023-10-25 20:00:00+00:00,Memphis,Grizzlies,1610612763,New Orleans,Pelicans,1610612740,104,111,1610612740,Regular Season,17798.0,,,215,7
22300070,2023-10-25 20:00:00+00:00,Chicago,Bulls,1610612741,Oklahoma City,Thunder,1610612760,104,124,1610612760,Regular Season,21369.0,,,228,20
22300068,2023-10-25 19:30:00+00:00,Miami,Heat,1610612748,Detroit,Pistons,1610612765,103,102,1610612748,Regular Season,19695.0,,,205,1
22300069,2023-10-25 19:30:00+00:00,Toronto,Raptors,1610612761,Minnesota,Timberwolves,1610612750,97,94,1610612761,Regular Season,19800.0,,,191,3
22300067,2023-10-25 19:30:00+00:00,Brooklyn,Nets,1610612751,Cleveland,Cavaliers,1610612739,113,114,1610612739,Regular Season,17931.0,,,227,1
22300066,2023-10-25 19:00:00+00:00,Orlando,Magic,1610612753,Houston,Rockets,1610612745,116,86,1610612753,Regular Season,18846.0,,,202,30
22300063,2023-10-25 19:00:00+00:00,Charlotte,Hornets,1610612766,Atlanta,Hawks,1610612737,116,110,1610612766,Regular Season,16129.0,,,226,6
22300064,2023-10-25 19:00:00+00:00,Indiana,Pacers,1610612754,Washington,Wizards,1610612764,143,120,1610612754,Regular Season,16004.0,,,263,23
22300065,2023-10-25 19:00:00+00:00,New York,Knicks,1610612752,Boston,Celtics,1610612738,104,108,1610612738,Regular Season,19812.0,,,212,4
22300062,2023-10-24 22:00:00+00:00,Golden State,Warriors,1610612744,Phoenix,Suns,1610612756,104,108,1610612756,Regular Season,18064.0,,,212,4
22300061,2023-10-24 19:30:00+00:00,Denver,Nuggets,1610612743,Los Angeles,Lakers,1610612747,119,107,1610612743,Regular Season,19842.0,,,226,12
22201226,2023-04-09 15:30:00+00:00,Oklahoma City,Thunder,1610612760,Memphis,Grizzlies,1610612763,115,100,1610612760,Regular Season,16601.0,,,215,15
22201224,2023-04-09 15:30:00+00:00,Dallas,Mavericks,1610612742,San Antonio,Spurs,1610612759,117,138,1610612759,Regular Season,20141.0,,,255,21
22201228,2023-04-09 15:30:00+00:00,Los Angeles,Lakers,1610612747,Utah,Jazz,1610612762,128,117,1610612747,Regular Season,18997.0,,,245,11
22201225,2023-04-09 15:30:00+00:00,Minnesota,Timberwolves,1610612750,New Orleans,Pelicans,1610612740,113,108,1610612750,Regular Season,18978.0,,,221,5
22201227,2023-04-09 15:30:00+00:00,Denver,Nuggets,1610612743,Sacramento,Kings,1610612758,109,95,1610612743,Regular Season,19652.0,,,204,14
22201229,2023-04-09 15:30:00+00:00,Phoenix,Suns,1610612756,Los Angeles,Clippers,1610612746,114,119,1610612746,Regular Season,17071.0,,,233,5
22201230,2023-04-09 15:30:00+00:00,Portland,Trail Blazers,1610612757,Golden State,Warriors,1610612744,101,157,1610612744,Regular Season,19731.0,,,258,56
22201217,2023-04-09 13:00:00+00:00,Brooklyn,Nets,1610612751,Philadelphia,76ers,1610612755,105,134,1610612755,Regular Season,17732.0,,,239,29
22201218,2023-04-09 13:00:00+00:00,Cleveland,Cavaliers,1610612739,Charlotte,Hornets,1610612766,95,106,1610612766,Regular Season,19432.0,,,201,11
22201220,2023-04-09 13:00:00+00:00,New York,Knicks,1610612752,Indiana,Pacers,1610612754,136,141,1610612754,Regular Season,19812.0,,,277,5
22201223,2023-04-09 13:00:00+00:00,Chicago,Bulls,1610612741,Detroit,Pistons,1610612765,103,81,1610612741,Regular Season,21530.0,,,184,22
22201222,2023-04-09 13:00:00+00:00,Washington,Wizards,1610612764,Houston,Rockets,1610612745,109,114,1610612745,Regular Season,15233.0,,,223,5
22201219,2023-04-09 13:00:00+00:00,Miami,Heat,1610612748,Orlando,Magic,1610612753,123,110,1610612748,Regular Season,19894.0,,,233,13
22201221,2023-04-09 13:00:00+00:00,Toronto,Raptors,1610612761,Milwaukee,Bucks,1610612749,121,105,1610612761,Regular Season,19800.0,,,226,16
22201216,2023-04-09 13:00:00+00:00,Boston,Celtics,1610612738,Atlanta,Hawks,1610612737,120,114,1610612738,Regular Season,19156.0,,,234,6
22201214,2023-04-08 16:00:00+00:00,San Antonio,Spurs,1610612759,Minnesota,Timberwolves,1610612750,131,151,1610612750,Regular Season,16148.0,,,282,20
22201215,2023-04-08 16:00:00+00:00,Los Angeles,Clippers,1610612746,Portland,Trail Blazers,1610612757,136,125,1610612746,Regular Season,19068.0,,,261,11
22201213,2023-04-08 15:30:00+00:00,Utah,Jazz,1610612762,Denver,Nuggets,1610612743,118,114,1610612762,Regular Season,18206.0,,,232,4
22201212,2023-04-07 22:30:00+00:00,Los Angeles,Lakers,1610612747,Phoenix,Suns,1610612756,121,107,1610612747,Regular Season,18997.0,,,228,14
22201211,2023-04-07 22:00:00+00:00,Sacramento,Kings,1610612758,Golden State,Warriors,1610612744,97,119,1610612744,Regular Season,18253.0,,,216,22
22201210,2023-04-07 20:30:00+00:00,Dallas,Mavericks,1610612742,Chicago,Bulls,1610612741,112,115,1610612741,Regular Season,20313.0,,,227,3
22201209,2023-04-07 20:00:00+00:00,New Orleans,Pelicans,1610612740,New York,Knicks,1610612752,113,105,1610612740,Regular Season,18656.0,,,218,8
22201208,2023-04-07 20:00:00+00:00,Milwaukee,Bucks,1610612749,Memphis,Grizzlies,1610612763,114,137,1610612763,Regular Season,18010.0,,,251,23
22201205,2023-04-07 19:30:00+00:00,Atlanta,Hawks,1610612737,Philadelphia,76ers,1610612755,131,136,1610612755,Regular Season,17627.0,,,267,5
22201206,2023-04-07 19:30:00+00:00,Boston,Celtics,1610612738,Toronto,Raptors,1610612761,121,102,1610612738,Regular Season,19156.0,,,223,19
22201207,2023-04-07 19:30:00+00:00,Brooklyn,Nets,1610612751,Orlando,Magic,1610612753,101,84,1610612751,Regular Season,18177.0,,,185,17
22201202,2023-04-07 19:00:00+00:00,Charlotte,Hornets,1610612766,Houston,Rockets,1610612745,109,112,1610612745,Regular Season,19102.0,,,221,3
22201204,2023-04-07 19:00:00+00:00,Washington,Wizards,1610612764,Miami,Heat,1610612748,114,108,1610612764,Regular Season,20476.0,,,222,6
22201203,2023-04-07 19:00:00+00:00,Indiana,Pacers,1610612754,Detroit,Pistons,1610612765,115,122,1610612765,Regular Season,17274.0,,,237,7
22201201,2023-04-06 22:00:00+00:00,Phoenix,Suns,1610612756,Denver,Nuggets,1610612743,119,115,1610612756,Regular Season,17071.0,,,234,4
22201200,2023-04-06 21:00:00+00:00,Utah,Jazz,1610612762,Oklahoma City,Thunder,1610612760,98,114,1610612760,Regular Season,18206.0,,,212,16
22201199,2023-04-06 20:00:00+00:00,San Antonio,Spurs,1610612759,Portland,Trail Blazers,1610612757,129,127,1610612759,Regular Season,16023.0,,,256,2
22201198,2023-04-06 19:30:00+00:00,Philadelphia,76ers,1610612755,Miami,Heat,1610612748,101,129,1610612748,Regular Season,21178.0,,,230,28
22201197,2023-04-06 19:00:00+00:00,Orlando,Magic,1610612753,Cleveland,Cavaliers,1610612739,94,118,1610612739,Regular Season,19235.0,,,212,24
22201196,2023-04-05 22:00:00+00:00,Los Angeles,Clippers,1610612746,Los Angeles,Lakers,1610612747,125,118,1610612746,Regular Season,19068.0,,,243,7
22201195,2023-04-05 20:30:00+00:00,Dallas,Mavericks,1610612742,Sacramento,Kings,1610612758,123,119,1610612742,Regular Season,20271.0,,,242,4
22201194,2023-04-05 20:00:00+00:00,New Orleans,Pelicans,1610612740,Memphis,Grizzlies,1610612763,138,131,1610612740,Regular Season,17232.0,,,269,7
22201193,2023-04-05 19:30:00+00:00,Milwaukee,Bucks,1610612749,Chicago,Bulls,1610612741,105,92,1610612749,Regular Season,17679.0,,,197,13
22201191,2023-04-05 19:30:00+00:00,Atlanta,Hawks,1610612737,Washington,Wizards,1610612764,134,116,1610612737,Regular Season,17727.0,,,250,18
22201192,2023-04-05 19:30:00+00:00,Boston,Celtics,1610612738,Toronto,Raptors,1610612761,97,93,1610612738,Regular Season,19156.0,,,190,4
22201190,2023-04-05 19:00:00+00:00,Indiana,Pacers,1610612754,New York,Knicks,1610612752,129,138,1610612752,Regular Season,16789.0,,,267,9
22201189,2023-04-05 19:00:00+00:00,Detroit,Pistons,1610612765,Brooklyn,Nets,1610612751,108,123,1610612751,Regular Season,18313.0,,,231,15
22201187,2023-04-04 22:00:00+00:00,Golden State,Warriors,1610612744,Oklahoma City,Thunder,1610612760,136,125,1610612744,Regular Season,18064.0,,,261,11
22201188,2023-04-04 22:00:00+00:00,Phoenix,Suns,1610612756,San Antonio,Spurs,1610612759,115,94,1610612756,Regular Season,17071.0,,,209,21
22201186,2023-04-04 21:00:00+00:00,Utah,Jazz,1610612762,Los Angeles,Lakers,1610612747,133,135,1610612747,Regular Season,18206.0,,,268,2
22201185,2023-04-04 20:00:00+00:00,New Orleans,Pelicans,1610612740,Sacramento,Kings,1610612758,103,121,1610612758,Regular Season,15799.0,,,224,18
22201183,2023-04-04 20:00:00+00:00,Houston,Rockets,1610612745,Denver,Nuggets,1610612743,124,103,1610612745,Regular Season,16924.0,,,227,21
22201182,2023-04-04 20:00:00+00:00,Chicago,Bulls,1610612741,Atlanta,Hawks,1610612737,105,123,1610612737,Regular Season,21717.0,,,228,18
22201181,2023-04-04 20:00:00+00:00,Philadelphia,76ers,1610612755,Boston,Celtics,1610612738,103,101,1610612755,Regular Season,21104.0,,,204,2
22201184,2023-04-04 20:00:00+00:00,Memphis,Grizzlies,1610612763,Portland,Trail Blazers,1610612757,119,109,1610612763,Regular Season,17558.0,,,228,10
22201180,2023-04-04 19:30:00+00:00,Brooklyn,Nets,1610612751,Minnesota,Timberwolves,1610612750,102,107,1610612750,Regular Season,17893.0,,,209,5
22201179,2023-04-04 19:00:00+00:00,Washington,Wizards,1610612764,Milwaukee,Bucks,1610612749,128,140,1610612749,Regular Season,19098.0,,,268,12
22201177,2023-04-04 19:00:00+00:00,Detroit,Pistons,1610612765,Miami,Heat,1610612748,105,118,1610612748,Regular Season,18453.0,,,223,13
22201178,2023-04-04 19:00:00+00:00,Orlando,Magic,1610612753,Cleveland,Cavaliers,1610612739,113,117,1610612739,Regular Season,19449.0,,,230,4
22201176,2023-04-04 19:00:00+00:00,Charlotte,Hornets,1610612766,Toronto,Raptors,1610612761,100,120,1610612761,Regular Season,14965.0,,,220,20
22201175,2023-04-02 20:30:00+00:00,Denver,Nuggets,1610612743,Golden State,Warriors,1610612744,112,110,1610612743,Regular Season,19752.0,,,222,2
22201174,2023-04-02 20:00:00+00:00,Milwaukee,Bucks,1610612749,Philadelphia,76ers,1610612755,117,104,1610612749,Regular Season,17532.0,,,221,13
22201173,2023-04-02 20:00:00+00:00,Cleveland,Cavaliers,1610612739,Indiana,Pacers,1610612754,115,105,1610612739,Regular Season,19432.0,,,220,10
22201171,2023-04-02 19:00:00+00:00,Houston,Rockets,1610612745,Los Angeles,Lakers,1610612747,109,134,1610612747,Regular Season,18204.0,,,243,25
22201172,2023-04-02 19:00:00+00:00,Oklahoma City,Thunder,1610612760,Phoenix,Suns,1610612756,118,128,1610612756,Regular Season,17981.0,,,246,10
22201168,2023-04-02 18:00:00+00:00,New York,Knicks,1610612752,Washington,Wizards,1610612764,118,109,1610612752,Regular Season,19812.0,,,227,9
22201167,2023-04-02 18:00:00+00:00,Atlanta,Hawks,1610612737,Dallas,Mavericks,1610612742,132,130,1610612737,Regular Season,17678.0,,,262,2
22201170,2023-04-02 18:00:00+00:00,Sacramento,Kings,1610612758,San Antonio,Spurs,1610612759,134,142,1610612759,Regular Season,18183.0,,,276,8
22201169,2023-04-02 18:00:00+00:00,Orlando,Magic,1610612753,Detroit,Pistons,1610612765,128,102,1610612753,Regular Season,19431.0,,,230,26
22201165,2023-04-02 15:30:00+00:00,Chicago,Bulls,1610612741,Memphis,Grizzlies,1610612763,128,107,1610612741,Regular Season,20944.0,,,235,21
22201164,2023-04-02 15:30:00+00:00,Brooklyn,Nets,1610612751,Utah,Jazz,1610612762,111,110,1610612751,Regular Season,17732.0,,,221,1
22201166,2023-04-02 15:30:00+00:00,Minnesota,Timberwolves,1610612750,Portland,Trail Blazers,1610612757,105,107,1610612757,Regular Season,18978.0,,,212,2
22201163,2023-04-02 13:00:00+00:00,Charlotte,Hornets,1610612766,Toronto,Raptors,1610612761,108,128,1610612761,Regular Season,16052.0,,,236,20
22201162,2023-04-01 20:30:00+00:00,New Orleans,Pelicans,1610612740,Los Angeles,Clippers,1610612746,122,114,1610612740,Regular Season,18399.0,,,236,8
22201161,2023-04-01 19:30:00+00:00,Miami,Heat,1610612748,Dallas,Mavericks,1610612742,129,122,1610612748,Regular Season,20011.0,,,251,7
22201160,2023-03-31 22:30:00+00:00,Phoenix,Suns,1610612756,Denver,Nuggets,1610612743,100,93,1610612756,Regular Season,17071.0,,,193,7
22201159,2023-03-31 22:00:00+00:00,Portland,Trail Blazers,1610612757,Sacramento,Kings,1610612758,114,138,1610612758,Regular Season,18389.0,,,252,24
22201158,2023-03-31 22:00:00+00:00,Golden State,Warriors,1610612744,San Antonio,Spurs,1610612759,130,115,1610612744,Regular Season,18064.0,,,245,15
22201156,2023-03-31 20:00:00+00:00,Memphis,Grizzlies,1610612763,Los Angeles,Clippers,1610612746,108,94,1610612763,Regular Season,16376.0,,,202,14
22201155,2023-03-31 20:00:00+00:00,Houston,Rockets,1610612745,Detroit,Pistons,1610612765,121,115,1610612745,Regular Season,15844.0,,,236,6
22201157,2023-03-31 20:00:00+00:00,Minnesota,Timberwolves,1610612750,Los Angeles,Lakers,1610612747,111,123,1610612747,Regular Season,18978.0,,,234,12
22201154,2023-03-31 19:30:00+00:00,Cleveland,Cavaliers,1610612739,New York,Knicks,1610612752,116,130,1610612752,Regular Season,19432.0,,,246,14
22201153,2023-03-31 19:30:00+00:00,Brooklyn,Nets,1610612751,Atlanta,Hawks,1610612737,124,107,1610612751,Regular Season,17849.0,,,231,17
22201152,2023-03-31 19:30:00+00:00,Boston,Celtics,1610612738,Utah,Jazz,1610612762,122,114,1610612738,Regular Season,19156.0,,,236,8
22201151,2023-03-31 19:00:00+00:00,Washington,Wizards,1610612764,Orlando,Magic,1610612753,109,116,1610612753,Regular Season,16411.0,,,225,7
22201149,2023-03-31 19:00:00+00:00,Indiana,Pacers,1610612754,Oklahoma City,Thunder,1610612760,121,117,1610612754,Regular Season,16506.0,,,238,4
22201148,2023-03-31 19:00:00+00:00,Charlotte,Hornets,1610612766,Chicago,Bulls,1610612741,91,121,1610612741,Regular Season,18768.0,,,212,30
22201150,2023-03-31 19:00:00+00:00,Philadelphia,76ers,1610612755,Toronto,Raptors,1610612761,117,110,1610612755,Regular Season,20993.0,,,227,7
22201147,2023-03-30 22:00:00+00:00,Denver,Nuggets,1610612743,New Orleans,Pelicans,1610612740,88,107,1610612740,Regular Season,19728.0,,,195,19
22201146,2023-03-30 19:30:00+00:00,Milwaukee,Bucks,1610612749,Boston,Celtics,1610612738,99,140,1610612738,Regular Season,18073.0,,,239,41
22201144,2023-03-29 22:00:00+00:00,Phoenix,Suns,1610612756,Minnesota,Timberwolves,1610612750,107,100,1610612756,Regular Season,17071.0,,,207,7
22201145,2023-03-29 22:00:00+00:00,Portland,Trail Blazers,1610612757,Sacramento,Kings,1610612758,80,120,1610612758,Regular Season,18550.0,,,200,40
22201143,2023-03-29 20:00:00+00:00,San Antonio,Spurs,1610612759,Utah,Jazz,1610612762,117,128,1610612762,Regular Season,18354.0,,,245,11
22201140,2023-03-29 20:00:00+00:00,Chicago,Bulls,1610612741,Los Angeles,Lakers,1610612747,110,121,1610612747,Regular Season,21739.0,,,231,11
22201142,2023-03-29 20:00:00+00:00,Oklahoma City,Thunder,1610612760,Detroit,Pistons,1610612765,107,106,1610612760,Regular Season,15047.0,,,213,1
22201141,2023-03-29 20:00:00+00:00,Memphis,Grizzlies,1610612763,Los Angeles,Clippers,1610612746,132,141,1610612746,Regular Season,16775.0,,,273,9
22201138,2023-03-29 19:30:00+00:00,New York,Knicks,1610612752,Miami,Heat,1610612748,101,92,1610612752,Regular Season,19812.0,,,193,9
22201137,2023-03-29 19:30:00+00:00,Brooklyn,Nets,1610612751,Houston,Rockets,1610612745,123,114,1610612751,Regular Season,17074.0,,,237,9
22201139,2023-03-29 19:30:00+00:00,Philadelphia,76ers,1610612755,Dallas,Mavericks,1610612742,116,108,1610612755,Regular Season,20583.0,,,224,8
22201136,2023-03-29 19:00:00+00:00,Indiana,Pacers,1610612754,Milwaukee,Bucks,1610612749,136,149,1610612749,Regular Season,16524.0,,,285,13
22201135,2023-03-28 22:00:00+00:00,Golden State,Warriors,1610612744,New Orleans,Pelicans,1610612740,120,109,1610612744,Regular Season,18064.0,,,229,11
22201134,2023-03-28 20:00:00+00:00,Oklahoma City,Thunder,1610612760,Charlotte,Hornets,1610612766,134,137,1610612766,Regular Season,15428.0,,,271,3
22201133,2023-03-28 20:00:00+00:00,Memphis,Grizzlies,1610612763,Orlando,Magic,1610612753,113,108,1610612763,Regular Season,16507.0,,,221,5
22201131,2023-03-28 19:30:00+00:00,Atlanta,Hawks,1610612737,Cleveland,Cavaliers,1610612739,120,118,1610612737,Regular Season,17748.0,,,238,2
22201132,2023-03-28 19:30:00+00:00,Toronto,Raptors,1610612761,Miami,Heat,1610612748,106,92,1610612761,Regular Season,19800.0,,,198,14
22201130,2023-03-28 19:00:00+00:00,Washington,Wizards,1610612764,Boston,Celtics,1610612738,130,111,1610612764,Regular Season,20476.0,,,241,19
22201129,2023-03-27 22:30:00+00:00,Los Angeles,Clippers,1610612746,Chicago,Bulls,1610612741,124,112,1610612746,Regular Season,19068.0,,,236,12
22201127,2023-03-27 22:00:00+00:00,Portland,Trail Blazers,1610612757,New Orleans,Pelicans,1610612740,90,124,1610612740,Regular Season,17943.0,,,214,34
22201128,2023-03-27 22:00:00+00:00,Sacramento,Kings,1610612758,Minnesota,Timberwolves,1610612750,115,119,1610612750,Regular Season,18151.0,,,234,4
22201126,2023-03-27 21:30:00+00:00,Denver,Nuggets,1610612743,Philadelphia,76ers,1610612755,116,111,1610612743,Regular Season,19781.0,,,227,5
22201125,2023-03-27 21:00:00+00:00,Utah,Jazz,1610612762,Phoenix,Suns,1610612756,103,117,1610612756,Regular Season,18206.0,,,220,14
22201124,2023-03-27 19:30:00+00:00,New York,Knicks,1610612752,Houston,Rockets,1610612745,137,115,1610612752,Regular Season,19812.0,,,252,22
22201122,2023-03-27 19:00:00+00:00,Detroit,Pistons,1610612765,Milwaukee,Bucks,1610612749,117,126,1610612749,Regular Season,21090.0,,,243,9
22201123,2023-03-27 19:00:00+00:00,Indiana,Pacers,1610612754,Dallas,Mavericks,1610612742,104,127,1610612742,Regular Season,17022.0,,,231,23
22201121,2023-03-26 20:30:00+00:00,Golden State,Warriors,1610612744,Minnesota,Timberwolves,1610612750,96,99,1610612750,Regular Season,18064.0,,,195,3
22201120,2023-03-26 19:00:00+00:00,Portland,Trail Blazers,1610612757,Oklahoma City,Thunder,1610612760,112,118,1610612760,Regular Season,18626.0,,,230,6
22201117,2023-03-26 18:00:00+00:00,Cleveland,Cavaliers,1610612739,Houston,Rockets,1610612745,108,91,1610612739,Regular Season,19432.0,,,199,17
22201119,2023-03-26 18:00:00+00:00,Toronto,Raptors,1610612761,Washington,Wizards,1610612764,114,104,1610612761,Regular Season,19800.0,,,218,10
22201115,2023-03-26 18:00:00+00:00,Atlanta,Hawks,1610612737,Memphis,Grizzlies,1610612763,119,123,1610612763,Regular Season,18056.0,,,242,4
22201118,2023-03-26 18:00:00+00:00,Orlando,Magic,1610612753,Brooklyn,Nets,1610612751,119,106,1610612753,Regular Season,17862.0,,,225,13
22201116,2023-03-26 18:00:00+00:00,Boston,Celtics,1610612738,San Antonio,Spurs,1610612759,137,93,1610612738,Regular Season,19156.0,,,230,44
22201114,2023-03-26 15:30:00+00:00,Los Angeles,Lakers,1610612747,Chicago,Bulls,1610612741,108,118,1610612741,Regular Season,18997.0,,,226,10
22201113,2023-03-26 13:00:00+00:00,Charlotte,Hornets,1610612766,Dallas,Mavericks,1610612742,110,104,1610612766,Regular Season,19264.0,,,214,6
22201112,2023-03-25 22:30:00+00:00,Los Angeles,Clippers,1610612746,New Orleans,Pelicans,1610612740,110,131,1610612740,Regular Season,17702.0,,,241,21
22201111,2023-03-25 22:00:00+00:00,Sacramento,Kings,1610612758,Utah,Jazz,1610612762,121,113,1610612758,Regular Season,18151.0,,,234,8
22201110,2023-03-25 22:00:00+00:00,Phoenix,Suns,1610612756,Philadelphia,76ers,1610612755,125,105,1610612756,Regular Season,17071.0,,,230,20
22201109,2023-03-25 21:00:00+00:00,Denver,Nuggets,1610612743,Milwaukee,Bucks,1610612749,129,106,1610612743,Regular Season,19919.0,,,235,23
22201108,2023-03-25 20:00:00+00:00,Miami,Heat,1610612748,Brooklyn,Nets,1610612751,100,129,1610612751,Regular Season,19680.0,,,229,29
22201107,2023-03-25 17:00:00+00:00,Atlanta,Hawks,1610612737,Indiana,Pacers,1610612754,143,130,1610612737,Regular Season,17699.0,,,273,13
22201106,2023-03-24 22:30:00+00:00,Los Angeles,Lakers,1610612747,Oklahoma City,Thunder,1610612760,116,111,1610612747,Regular Season,18997.0,,,227,5
22201105,2023-03-24 22:00:00+00:00,Sacramento,Kings,1610612758,Phoenix,Suns,1610612756,135,127,1610612758,Regular Season,18151.0,,,262,8
22201104,2023-03-24 22:00:00+00:00,Portland,Trail Blazers,1610612757,Chicago,Bulls,1610612741,96,124,1610612741,Regular Season,19393.0,,,220,28
22201103,2023-03-24 22:00:00+00:00,Golden State,Warriors,1610612744,Philadelphia,76ers,1610612755,120,112,1610612744,Regular Season,18064.0,,,232,8
22201102,2023-03-24 21:00:00+00:00,Utah,Jazz,1610612762,Milwaukee,Bucks,1610612749,116,144,1610612749,Regular Season,18206.0,,,260,28
22201101,2023-03-24 20:30:00+00:00,Dallas,Mavericks,1610612742,Charlotte,Hornets,1610612766,109,117,1610612766,Regular Season,20347.0,,,226,8
22201100,2023-03-24 20:00:00+00:00,Memphis,Grizzlies,1610612763,Houston,Rockets,1610612745,151,114,1610612763,Regular Season,17851.0,,,265,37
22201099,2023-03-24 19:30:00+00:00,Toronto,Raptors,1610612761,Detroit,Pistons,1610612765,118,97,1610612761,Regular Season,19800.0,,,215,21
22201097,2023-03-24 19:00:00+00:00,Boston,Celtics,1610612738,Indiana,Pacers,1610612754,120,95,1610612738,Regular Season,19156.0,,,215,25
22201098,2023-03-24 19:00:00+00:00,Washington,Wizards,1610612764,San Antonio,Spurs,1610612759,136,124,1610612764,Regular Season,17004.0,,,260,12
22201096,2023-03-23 22:30:00+00:00,Los Angeles,Clippers,1610612746,Oklahoma City,Thunder,1610612760,127,105,1610612746,Regular Season,17307.0,,,232,22
22201095,2023-03-23 20:00:00+00:00,New Orleans,Pelicans,1610612740,Charlotte,Hornets,1610612766,115,96,1610612740,Regular Season,15749.0,,,211,19
22201094,2023-03-23 19:30:00+00:00,Brooklyn,Nets,1610612751,Cleveland,Cavaliers,1610612739,114,116,1610612739,Regular Season,17732.0,,,230,2
22201093,2023-03-23 19:00:00+00:00,Orlando,Magic,1610612753,New York,Knicks,1610612752,111,106,1610612753,Regular Season,17607.0,,,217,5
22201092,2023-03-22 22:00:00+00:00,Los Angeles,Lakers,1610612747,Phoenix,Suns,1610612756,122,111,1610612747,Regular Season,18435.0,,,233,11
22201091,2023-03-22 21:00:00+00:00,Utah,Jazz,1610612762,Portland,Trail Blazers,1610612757,115,127,1610612757,Regular Season,18024.0,,,242,12
22201088,2023-03-22 20:00:00+00:00,Memphis,Grizzlies,1610612763,Houston,Rockets,1610612745,130,125,1610612763,Regular Season,17794.0,,,255,5
22201089,2023-03-22 20:00:00+00:00,Milwaukee,Bucks,1610612749,San Antonio,Spurs,1610612759,130,94,1610612749,Regular Season,17756.0,,,224,36
22201090,2023-03-22 20:00:00+00:00,Minnesota,Timberwolves,1610612750,Atlanta,Hawks,1610612737,125,124,1610612750,Regular Season,17136.0,,,249,1
22201087,2023-03-22 20:00:00+00:00,Chicago,Bulls,1610612741,Philadelphia,76ers,1610612755,91,116,1610612755,Regular Season,20946.0,,,207,25
22201086,2023-03-22 19:30:00+00:00,Dallas,Mavericks,1610612742,Golden State,Warriors,1610612744,125,127,1610612744,Regular Season,20377.0,,,252,2
22201085,2023-03-22 19:30:00+00:00,Toronto,Raptors,1610612761,Indiana,Pacers,1610612754,114,118,1610612754,Regular Season,19800.0,,,232,4
22201084,2023-03-22 19:30:00+00:00,Miami,Heat,1610612748,New York,Knicks,1610612752,127,120,1610612748,Regular Season,19863.0,,,247,7
22201083,2023-03-22 19:00:00+00:00,Washington,Wizards,1610612764,Denver,Nuggets,1610612743,104,118,1610612743,Regular Season,16508.0,,,222,14
22201082,2023-03-21 22:30:00+00:00,Los Angeles,Clippers,1610612746,Oklahoma City,Thunder,1610612760,100,101,1610612760,Regular Season,19068.0,,,201,1
22201081,2023-03-21 22:00:00+00:00,Sacramento,Kings,1610612758,Boston,Celtics,1610612738,109,132,1610612738,Regular Season,18111.0,,,241,23
22201080,2023-03-21 20:00:00+00:00,New Orleans,Pelicans,1610612740,San Antonio,Spurs,1610612759,119,84,1610612740,Regular Season,15466.0,,,203,35
22201078,2023-03-21 19:30:00+00:00,Atlanta,Hawks,1610612737,Detroit,Pistons,1610612765,129,107,1610612737,Regular Season,17129.0,,,236,22
22201079,2023-03-21 19:30:00+00:00,Brooklyn,Nets,1610612751,Cleveland,Cavaliers,1610612739,109,115,1610612739,Regular Season,17732.0,,,224,6
22201077,2023-03-21 19:00:00+00:00,Orlando,Magic,1610612753,Washington,Wizards,1610612764,122,112,1610612753,Regular Season,16096.0,,,234,10
22201076,2023-03-20 21:00:00+00:00,Utah,Jazz,1610612762,Sacramento,Kings,1610612758,128,120,1610612762,Regular Season,18206.0,,,248,8
22201075,2023-03-20 20:00:00+00:00,Memphis,Grizzlies,1610612763,Dallas,Mavericks,1610612742,112,108,1610612763,Regular Season,17794.0,,,220,4
22201074,2023-03-20 20:00:00+00:00,Houston,Rockets,1610612745,Golden State,Warriors,1610612744,108,121,1610612744,Regular Season,16116.0,,,229,13
22201073,2023-03-20 19:30:00+00:00,New York,Knicks,1610612752,Minnesota,Timberwolves,1610612750,134,140,1610612750,Regular Season,19812.0,,,274,6
22201071,2023-03-20 19:00:00+00:00,Charlotte,Hornets,1610612766,Indiana,Pacers,1610612754,115,109,1610612766,Regular Season,12449.0,,,224,6
22201072,2023-03-20 19:00:00+00:00,Philadelphia,76ers,1610612755,Chicago,Bulls,1610612741,105,109,1610612741,Regular Season,21145.0,,,214,4
22201070,2023-03-19 21:30:00+00:00,Los Angeles,Lakers,1610612747,Orlando,Magic,1610612753,111,105,1610612747,Regular Season,18997.0,,,216,6
22201069,2023-03-19 21:00:00+00:00,Portland,Trail Blazers,1610612757,Los Angeles,Clippers,1610612746,102,117,1610612746,Regular Season,18714.0,,,219,15
22201068,2023-03-19 20:00:00+00:00,Milwaukee,Bucks,1610612749,Toronto,Raptors,1610612761,118,111,1610612749,Regular Season,17341.0,,,229,7
22201067,2023-03-19 19:00:00+00:00,Houston,Rockets,1610612745,New Orleans,Pelicans,1610612740,107,117,1610612740,Regular Season,14209.0,,,224,10
22201066,2023-03-19 18:00:00+00:00,Detroit,Pistons,1610612765,Miami,Heat,1610612748,100,112,1610612748,Regular Season,20190.0,,,212,12
22201065,2023-03-19 16:00:00+00:00,San Antonio,Spurs,1610612759,Atlanta,Hawks,1610612737,126,118,1610612759,Regular Season,16311.0,,,244,8
22201064,2023-03-19 15:30:00+00:00,Oklahoma City,Thunder,1610612760,Phoenix,Suns,1610612756,124,120,1610612760,Regular Season,17897.0,,,244,4
22201063,2023-03-19 15:30:00+00:00,Brooklyn,Nets,1610612751,Denver,Nuggets,1610612743,102,108,1610612743,Regular Season,18235.0,,,210,6
22201062,2023-03-18 21:00:00+00:00,Utah,Jazz,1610612762,Boston,Celtics,1610612738,118,117,1610612762,Regular Season,18206.0,,,235,1
22201060,2023-03-18 20:00:00+00:00,Chicago,Bulls,1610612741,Miami,Heat,1610612748,113,99,1610612741,Regular Season,20094.0,,,212,14
22201061,2023-03-18 20:00:00+00:00,Memphis,Grizzlies,1610612763,Golden State,Warriors,1610612744,133,119,1610612763,Regular Season,18396.0,,,252,14
22201059,2023-03-18 20:00:00+00:00,Washington,Wizards,1610612764,Sacramento,Kings,1610612758,118,132,1610612758,Regular Season,18529.0,,,250,14
22201057,2023-03-18 19:00:00+00:00,Indiana,Pacers,1610612754,Philadelphia,76ers,1610612755,121,141,1610612755,Regular Season,17274.0,,,262,20
22201058,2023-03-18 19:00:00+00:00,Toronto,Raptors,1610612761,Minnesota,Timberwolves,1610612750,122,107,1610612761,Regular Season,19800.0,,,229,15
22201056,2023-03-18 15:00:00+00:00,Los Angeles,Clippers,1610612746,Orlando,Magic,1610612753,108,113,1610612753,Regular Season,17533.0,,,221,5
22201055,2023-03-18 13:00:00+00:00,New York,Knicks,1610612752,Denver,Nuggets,1610612743,116,110,1610612752,Regular Season,19812.0,,,226,6
22201054,2023-03-17 22:30:00+00:00,Los Angeles,Lakers,1610612747,Dallas,Mavericks,1610612742,110,111,1610612742,Regular Season,18997.0,,,221,1
22201053,2023-03-17 22:00:00+00:00,Portland,Trail Blazers,1610612757,Boston,Celtics,1610612738,112,126,1610612738,Regular Season,19393.0,,,238,14
22201051,2023-03-17 20:00:00+00:00,Houston,Rockets,1610612745,New Orleans,Pelicans,1610612740,114,112,1610612745,Regular Season,15841.0,,,226,2
22201050,2023-03-17 20:00:00+00:00,Chicago,Bulls,1610612741,Minnesota,Timberwolves,1610612750,139,131,1610612741,Regular Season,20109.0,,,270,8
22201052,2023-03-17 20:00:00+00:00,San Antonio,Spurs,1610612759,Memphis,Grizzlies,1610612763,120,126,1610612763,Regular Season,15221.0,,,246,6
22201048,2023-03-17 19:30:00+00:00,Atlanta,Hawks,1610612737,Golden State,Warriors,1610612744,127,119,1610612737,Regular Season,18201.0,,,246,8
22201049,2023-03-17 19:30:00+00:00,Cleveland,Cavaliers,1610612739,Washington,Wizards,1610612764,117,94,1610612739,Regular Season,19432.0,,,211,23
22201047,2023-03-17 19:00:00+00:00,Charlotte,Hornets,1610612766,Philadelphia,76ers,1610612755,82,121,1610612755,Regular Season,19096.0,,,203,39
22201046,2023-03-16 22:00:00+00:00,Phoenix,Suns,1610612756,Orlando,Magic,1610612753,116,113,1610612756,Regular Season,17071.0,,,229,3
22201045,2023-03-16 20:00:00+00:00,Milwaukee,Bucks,1610612749,Indiana,Pacers,1610612754,123,139,1610612754,Regular Season,17797.0,,,262,16
22201043,2023-03-16 19:30:00+00:00,Brooklyn,Nets,1610612751,Sacramento,Kings,1610612758,96,101,1610612758,Regular Season,18172.0,,,197,5
22201044,2023-03-16 19:30:00+00:00,Toronto,Raptors,1610612761,Oklahoma City,Thunder,1610612760,128,111,1610612761,Regular Season,19800.0,,,239,17
22201042,2023-03-16 19:00:00+00:00,Detroit,Pistons,1610612765,Denver,Nuggets,1610612743,100,119,1610612743,Regular Season,17987.0,,,219,19
22201041,2023-03-15 22:00:00+00:00,Los Angeles,Clippers,1610612746,Golden State,Warriors,1610612744,134,126,1610612746,Regular Season,19068.0,,,260,8
22201040,2023-03-15 20:30:00+00:00,San Antonio,Spurs,1610612759,Dallas,Mavericks,1610612742,128,137,1610612742,Regular Season,18354.0,,,265,9
22201038,2023-03-15 20:00:00+00:00,Houston,Rockets,1610612745,Los Angeles,Lakers,1610612747,114,110,1610612745,Regular Season,18055.0,,,224,4
22201037,2023-03-15 20:00:00+00:00,Chicago,Bulls,1610612741,Sacramento,Kings,1610612758,114,117,1610612758,Regular Season,21886.0,,,231,3
22201039,2023-03-15 20:00:00+00:00,Minnesota,Timberwolves,1610612750,Boston,Celtics,1610612738,102,104,1610612738,Regular Season,17136.0,,,206,2
22201036,2023-03-15 19:30:00+00:00,Miami,Heat,1610612748,Memphis,Grizzlies,1610612763,138,119,1610612748,Regular Season,19794.0,,,257,19
22201035,2023-03-15 19:30:00+00:00,Cleveland,Cavaliers,1610612739,Philadelphia,76ers,1610612755,109,118,1610612755,Regular Season,19432.0,,,227,9
22201033,2023-03-14 22:00:00+00:00,Phoenix,Suns,1610612756,Milwaukee,Bucks,1610612749,104,116,1610612749,Regular Season,17071.0,,,220,12
22201034,2023-03-14 22:00:00+00:00,Portland,Trail Blazers,1610612757,New York,Knicks,1610612752,107,123,1610612752,Regular Season,19488.0,,,230,16
22201031,2023-03-14 20:00:00+00:00,Oklahoma City,Thunder,1610612760,Brooklyn,Nets,1610612751,121,107,1610612760,Regular Season,16976.0,,,228,14
22201030,2023-03-14 20:00:00+00:00,New Orleans,Pelicans,1610612740,Los Angeles,Lakers,1610612747,108,123,1610612747,Regular Season,18625.0,,,231,15
22201032,2023-03-14 20:00:00+00:00,San Antonio,Spurs,1610612759,Orlando,Magic,1610612753,132,114,1610612759,Regular Season,13708.0,,,246,18
22201029,2023-03-14 19:30:00+00:00,Toronto,Raptors,1610612761,Denver,Nuggets,1610612743,125,110,1610612761,Regular Season,19800.0,,,235,15
22201028,2023-03-14 19:00:00+00:00,Washington,Wizards,1610612764,Detroit,Pistons,1610612765,117,97,1610612764,Regular Season,15279.0,,,214,20
22201027,2023-03-14 19:00:00+00:00,Charlotte,Hornets,1610612766,Cleveland,Cavaliers,1610612739,104,120,1610612739,Regular Season,14690.0,,,224,16
22201026,2023-03-13 22:00:00+00:00,Sacramento,Kings,1610612758,Milwaukee,Bucks,1610612749,124,133,1610612749,Regular Season,18111.0,,,257,9
22201025,2023-03-13 22:00:00+00:00,Golden State,Warriors,1610612744,Phoenix,Suns,1610612756,123,112,1610612744,Regular Season,18064.0,,,235,11
22201024,2023-03-13 20:00:00+00:00,Houston,Rockets,1610612745,Boston,Celtics,1610612738,111,109,1610612745,Regular Season,18055.0,,,220,2
22201021,2023-03-13 19:30:00+00:00,Atlanta,Hawks,1610612737,Minnesota,Timberwolves,1610612750,115,136,1610612750,Regular Season,17799.0,,,251,21
22201023,2023-03-13 19:30:00+00:00,Dallas,Mavericks,1610612742,Memphis,Grizzlies,1610612763,88,104,1610612763,Regular Season,20303.0,,,192,16
22201022,2023-03-13 19:30:00+00:00,Miami,Heat,1610612748,Utah,Jazz,1610612762,119,115,1610612748,Regular Season,19721.0,,,234,4
22201020,2023-03-13 19:00:00+00:00,Detroit,Pistons,1610612765,Indiana,Pacers,1610612754,117,97,1610612765,Regular Season,18313.0,,,214,20
22201019,2023-03-12 21:00:00+00:00,Los Angeles,Lakers,1610612747,New York,Knicks,1610612752,108,112,1610612752,Regular Season,18997.0,,,220,4
22201017,2023-03-12 19:00:00+00:00,New Orleans,Pelicans,1610612740,Portland,Trail Blazers,1610612757,127,110,1610612740,Regular Season,16676.0,,,237,17
22201018,2023-03-12 19:00:00+00:00,San Antonio,Spurs,1610612759,Oklahoma City,Thunder,1610612760,90,102,1610612760,Regular Season,17314.0,,,192,12
22201016,2023-03-12 18:00:00+00:00,Philadelphia,76ers,1610612755,Washington,Wizards,1610612764,112,93,1610612755,Regular Season,21220.0,,,205,19
22201015,2023-03-12 17:00:00+00:00,Charlotte,Hornets,1610612766,Cleveland,Cavaliers,1610612739,108,114,1610612739,Regular Season,17342.0,,,222,6
22201014,2023-03-12 15:30:00+00:00,Denver,Nuggets,1610612743,Brooklyn,Nets,1610612751,120,122,1610612751,Regular Season,19739.0,,,242,2
22201013,2023-03-11 21:00:00+00:00,Phoenix,Suns,1610612756,Sacramento,Kings,1610612758,119,128,1610612758,Regular Season,17071.0,,,247,9
22201012,2023-03-11 20:30:00+00:00,Golden State,Warriors,1610612744,Milwaukee,Bucks,1610612749,125,116,1610612744,Regular Season,18064.0,,,241,9
22201011,2023-03-11 20:30:00+00:00,New Orleans,Pelicans,1610612740,Oklahoma City,Thunder,1610612760,96,110,1610612760,Regular Season,17606.0,,,206,14
22201009,2023-03-11 20:00:00+00:00,Houston,Rockets,1610612745,Chicago,Bulls,1610612741,111,119,1610612741,Regular Season,18055.0,,,230,8
22201010,2023-03-11 20:00:00+00:00,Memphis,Grizzlies,1610612763,Dallas,Mavericks,1610612742,112,108,1610612763,Regular Season,17794.0,,,220,4
22201008,2023-03-11 19:30:00+00:00,Atlanta,Hawks,1610612737,Boston,Celtics,1610612738,125,134,1610612738,Regular Season,17884.0,,,259,9
22201007,2023-03-11 19:00:00+00:00,Orlando,Magic,1610612753,Miami,Heat,1610612748,126,114,1610612753,Regular Season,17347.0,,,240,12
22201006,2023-03-11 19:00:00+00:00,Detroit,Pistons,1610612765,Indiana,Pacers,1610612754,115,121,1610612754,Regular Season,20190.0,,,236,6
22201005,2023-03-11 19:00:00+00:00,Charlotte,Hornets,1610612766,Utah,Jazz,1610612762,111,119,1610612762,Regular Season,17221.0,,,230,8
22201004,2023-03-11 16:00:00+00:00,Los Angeles,Clippers,1610612746,New York,Knicks,1610612752,106,95,1610612746,Regular Season,19068.0,,,201,11
22201003,2023-03-10 22:30:00+00:00,Los Angeles,Lakers,1610612747,Toronto,Raptors,1610612761,122,112,1610612747,Regular Season,18322.0,,,234,10
22201002,2023-03-10 20:00:00+00:00,San Antonio,Spurs,1610612759,Denver,Nuggets,1610612743,128,120,1610612759,Regular Season,18354.0,,,248,8
22201000,2023-03-10 20:00:00+00:00,Miami,Heat,1610612748,Cleveland,Cavaliers,1610612739,119,115,1610612748,Regular Season,19757.0,,,234,4
22201001,2023-03-10 20:00:00+00:00,Minnesota,Timberwolves,1610612750,Brooklyn,Nets,1610612751,123,124,1610612751,Regular Season,17136.0,,,247,1
22200999,2023-03-10 19:00:00+00:00,Washington,Wizards,1610612764,Atlanta,Hawks,1610612737,107,114,1610612737,Regular Season,18161.0,,,221,7
22200998,2023-03-10 19:00:00+00:00,Philadelphia,76ers,1610612755,Portland,Trail Blazers,1610612757,120,119,1610612755,Regular Season,21001.0,,,239,1
22200997,2023-03-09 22:00:00+00:00,Sacramento,Kings,1610612758,New York,Knicks,1610612752,122,117,1610612758,Regular Season,18068.0,,,239,5
22200995,2023-03-09 20:00:00+00:00,Milwaukee,Bucks,1610612749,Brooklyn,Nets,1610612751,118,113,1610612749,Regular Season,17341.0,,,231,5
22200996,2023-03-09 19:30:00+00:00,Memphis,Grizzlies,1610612763,Golden State,Warriors,1610612744,131,110,1610612763,Regular Season,17794.0,,,241,21
22200993,2023-03-09 19:00:00+00:00,Indiana,Pacers,1610612754,Houston,Rockets,1610612745,134,125,1610612754,Regular Season,16027.0,,,259,9
22200994,2023-03-09 19:00:00+00:00,Orlando,Magic,1610612753,Utah,Jazz,1610612762,124,131,1610612762,Regular Season,16552.0,,,255,7
22200992,2023-03-09 19:00:00+00:00,Detroit,Pistons,1610612765,Charlotte,Hornets,1610612766,103,113,1610612766,Regular Season,17121.0,,,216,10
22200991,2023-03-08 22:00:00+00:00,Los Angeles,Clippers,1610612746,Toronto,Raptors,1610612761,108,100,1610612746,Regular Season,17397.0,,,208,8
22200989,2023-03-08 21:00:00+00:00,Denver,Nuggets,1610612743,Chicago,Bulls,1610612741,96,117,1610612741,Regular Season,19896.0,,,213,21
22200990,2023-03-08 21:00:00+00:00,Phoenix,Suns,1610612756,Oklahoma City,Thunder,1610612760,132,101,1610612756,Regular Season,17071.0,,,233,31
22200986,2023-03-08 19:30:00+00:00,Boston,Celtics,1610612738,Portland,Trail Blazers,1610612757,115,93,1610612738,Regular Season,19156.0,,,208,22
22200988,2023-03-08 19:30:00+00:00,New Orleans,Pelicans,1610612740,Dallas,Mavericks,1610612742,113,106,1610612740,Regular Season,17473.0,,,219,7
22200987,2023-03-08 19:30:00+00:00,Miami,Heat,1610612748,Cleveland,Cavaliers,1610612739,100,104,1610612739,Regular Season,19600.0,,,204,4
22200985,2023-03-08 19:00:00+00:00,Washington,Wizards,1610612764,Atlanta,Hawks,1610612737,120,122,1610612737,Regular Season,15087.0,,,242,2
22200984,2023-03-07 22:00:00+00:00,Los Angeles,Lakers,1610612747,Memphis,Grizzlies,1610612763,112,103,1610612747,Regular Season,18997.0,,,215,9
22200983,2023-03-07 20:30:00+00:00,Dallas,Mavericks,1610612742,Utah,Jazz,1610612762,120,116,1610612742,Regular Season,20277.0,,,236,4
22200982,2023-03-07 20:00:00+00:00,Oklahoma City,Thunder,1610612760,Golden State,Warriors,1610612744,137,128,1610612760,Regular Season,16142.0,,,265,9
22200981,2023-03-07 20:00:00+00:00,Houston,Rockets,1610612745,Brooklyn,Nets,1610612751,96,118,1610612751,Regular Season,14833.0,,,214,22
22200979,2023-03-07 19:30:00+00:00,New York,Knicks,1610612752,Charlotte,Hornets,1610612766,105,112,1610612766,Regular Season,19812.0,,,217,7
22200980,2023-03-07 19:30:00+00:00,Minnesota,Timberwolves,1610612750,Philadelphia,76ers,1610612755,94,117,1610612755,Regular Season,17136.0,,,211,23
22200769,2023-03-07 19:00:00+00:00,Detroit,Pistons,1610612765,Washington,Wizards,1610612764,117,119,1610612764,Regular Season,17855.0,,,236,2
22200978,2023-03-07 19:00:00+00:00,Orlando,Magic,1610612753,Milwaukee,Bucks,1610612749,123,134,1610612749,Regular Season,16110.0,,,257,11
22200976,2023-03-06 22:00:00+00:00,Sacramento,Kings,1610612758,New Orleans,Pelicans,1610612740,123,108,1610612758,Regular Season,17708.0,,,231,15
22200975,2023-03-06 21:00:00+00:00,Denver,Nuggets,1610612743,Toronto,Raptors,1610612761,118,113,1610612743,Regular Season,19520.0,,,231,5
22200974,2023-03-06 19:30:00+00:00,Miami,Heat,1610612748,Atlanta,Hawks,1610612737,130,128,1610612748,Regular Season,19600.0,,,258,2
22200971,2023-03-06 19:00:00+00:00,Cleveland,Cavaliers,1610612739,Boston,Celtics,1610612738,118,114,1610612739,Regular Season,19432.0,,,232,4
22200977,2023-03-06 19:00:00+00:00,Detroit,Pistons,1610612765,Portland,Trail Blazers,1610612757,104,110,1610612757,Regular Season,16989.0,,,214,6
22200972,2023-03-06 19:00:00+00:00,Indiana,Pacers,1610612754,Philadelphia,76ers,1610612755,143,147,1610612755,Regular Season,15008.0,,,290,4
22200970,2023-03-05 22:00:00+00:00,Los Angeles,Clippers,1610612746,Memphis,Grizzlies,1610612763,135,129,1610612746,Regular Season,19068.0,,,264,6
22200969,2023-03-05 19:30:00+00:00,Boston,Celtics,1610612738,New York,Knicks,1610612752,129,131,1610612752,Regular Season,19156.0,,,260,2
22200973,2023-03-05 19:30:00+00:00,Washington,Wizards,1610612764,Milwaukee,Bucks,1610612749,111,117,1610612749,Regular Season,18746.0,,,228,6
22200967,2023-03-05 19:00:00+00:00,Houston,Rockets,1610612745,San Antonio,Spurs,1610612759,142,110,1610612745,Regular Season,16721.0,,,252,32
22200968,2023-03-05 19:00:00+00:00,Oklahoma City,Thunder,1610612760,Utah,Jazz,1610612762,129,119,1610612760,Regular Season,14778.0,,,248,10
22200965,2023-03-05 18:00:00+00:00,Brooklyn,Nets,1610612751,Charlotte,Hornets,1610612766,102,86,1610612751,Regular Season,17921.0,,,188,16
22200966,2023-03-05 18:00:00+00:00,Orlando,Magic,1610612753,Portland,Trail Blazers,1610612757,119,122,1610612757,Regular Season,18846.0,,,241,3
22200963,2023-03-05 15:30:00+00:00,Chicago,Bulls,1610612741,Indiana,Pacers,1610612754,122,125,1610612754,Regular Season,21225.0,,,247,3
22200964,2023-03-05 15:30:00+00:00,Los Angeles,Lakers,1610612747,Golden State,Warriors,1610612744,113,105,1610612747,Regular Season,18997.0,,,218,8
22200962,2023-03-05 13:00:00+00:00,Dallas,Mavericks,1610612742,Phoenix,Suns,1610612756,126,130,1610612756,Regular Season,20311.0,,,256,4
22200961,2023-03-04 22:00:00+00:00,Sacramento,Kings,1610612758,Minnesota,Timberwolves,1610612750,134,138,1610612750,Regular Season,18111.0,,,272,4
22200960,2023-03-04 20:30:00+00:00,Milwaukee,Bucks,1610612749,Philadelphia,76ers,1610612755,130,133,1610612755,Regular Season,18100.0,,,263,3
22200958,2023-03-04 20:00:00+00:00,Miami,Heat,1610612748,Atlanta,Hawks,1610612737,117,109,1610612748,Regular Season,19600.0,,,226,8
22200959,2023-03-04 20:00:00+00:00,San Antonio,Spurs,1610612759,Houston,Rockets,1610612745,110,122,1610612745,Regular Season,18354.0,,,232,12
22200957,2023-03-04 19:30:00+00:00,Cleveland,Cavaliers,1610612739,Detroit,Pistons,1610612765,114,90,1610612739,Regular Season,19432.0,,,204,24
22200956,2023-03-04 17:00:00+00:00,Washington,Wizards,1610612764,Toronto,Raptors,1610612761,109,116,1610612761,Regular Season,18174.0,,,225,7
22200955,2023-03-03 22:30:00+00:00,Los Angeles,Lakers,1610612747,Minnesota,Timberwolves,1610612750,102,110,1610612750,Regular Season,18997.0,,,212,8
22200952,2023-03-03 22:00:00+00:00,Denver,Nuggets,1610612743,Memphis,Grizzlies,1610612763,113,97,1610612743,Regular Season,19641.0,,,210,16
22200953,2023-03-03 22:00:00+00:00,Golden State,Warriors,1610612744,New Orleans,Pelicans,1610612740,108,99,1610612744,Regular Season,18064.0,,,207,9
22200954,2023-03-03 22:00:00+00:00,Sacramento,Kings,1610612758,Los Angeles,Clippers,1610612746,128,127,1610612758,Regular Season,18111.0,,,255,1
22200950,2023-03-03 20:00:00+00:00,Chicago,Bulls,1610612741,Phoenix,Suns,1610612756,104,125,1610612756,Regular Season,21169.0,,,229,21
22200949,2023-03-03 20:00:00+00:00,Miami,Heat,1610612748,New York,Knicks,1610612752,120,122,1610612752,Regular Season,19600.0,,,242,2
22200951,2023-03-03 20:00:00+00:00,Oklahoma City,Thunder,1610612760,Utah,Jazz,1610612762,130,103,1610612760,Regular Season,16538.0,,,233,27
22200947,2023-03-03 19:30:00+00:00,Atlanta,Hawks,1610612737,Portland,Trail Blazers,1610612757,129,111,1610612737,Regular Season,17521.0,,,240,18
22200948,2023-03-03 19:30:00+00:00,Boston,Celtics,1610612738,Brooklyn,Nets,1610612751,105,115,1610612751,Regular Season,19156.0,,,220,10
22200946,2023-03-03 19:00:00+00:00,Charlotte,Hornets,1610612766,Orlando,Magic,1610612753,106,117,1610612753,Regular Season,16683.0,,,223,11
22200945,2023-03-02 22:00:00+00:00,Golden State,Warriors,1610612744,Los Angeles,Clippers,1610612746,115,91,1610612744,Regular Season,18064.0,,,206,24
22200944,2023-03-02 20:30:00+00:00,San Antonio,Spurs,1610612759,Indiana,Pacers,1610612754,110,99,1610612759,Regular Season,14617.0,,,209,11
22200943,2023-03-02 19:30:00+00:00,Dallas,Mavericks,1610612742,Philadelphia,76ers,1610612755,133,126,1610612742,Regular Season,20002.0,,,259,7
22200942,2023-03-02 19:00:00+00:00,Washington,Wizards,1610612764,Toronto,Raptors,1610612761,119,108,1610612764,Regular Season,14643.0,,,227,11
22200941,2023-03-01 22:00:00+00:00,Portland,Trail Blazers,1610612757,New Orleans,Pelicans,1610612740,110,121,1610612740,Regular Season,18566.0,,,231,11
22200939,2023-03-01 20:00:00+00:00,Milwaukee,Bucks,1610612749,Orlando,Magic,1610612753,139,117,1610612749,Regular Season,17354.0,,,256,22
22200940,2023-03-01 20:00:00+00:00,Oklahoma City,Thunder,1610612760,Los Angeles,Lakers,1610612747,117,123,1610612747,Regular Season,17114.0,,,240,6
22200938,2023-03-01 20:00:00+00:00,Houston,Rockets,1610612745,Memphis,Grizzlies,1610612763,99,113,1610612763,Regular Season,15919.0,,,212,14
22200935,2023-03-01 19:30:00+00:00,Boston,Celtics,1610612738,Cleveland,Cavaliers,1610612739,117,113,1610612738,Regular Season,19156.0,,,230,4
22200936,2023-03-01 19:30:00+00:00,Miami,Heat,1610612748,Philadelphia,76ers,1610612755,96,119,1610612755,Regular Season,19600.0,,,215,23
22200937,2023-03-01 19:30:00+00:00,New York,Knicks,1610612752,Brooklyn,Nets,1610612751,142,118,1610612752,Regular Season,19812.0,,,260,24
22200933,2023-03-01 19:00:00+00:00,Charlotte,Hornets,1610612766,Phoenix,Suns,1610612756,91,105,1610612756,Regular Season,19137.0,,,196,14
22200934,2023-03-01 19:00:00+00:00,Detroit,Pistons,1610612765,Chicago,Bulls,1610612741,115,117,1610612741,Regular Season,18098.0,,,232,2
22200932,2023-02-28 22:00:00+00:00,Los Angeles,Clippers,1610612746,Minnesota,Timberwolves,1610612750,101,108,1610612750,Regular Season,17022.0,,,209,7
22200931,2023-02-28 22:00:00+00:00,Golden State,Warriors,1610612744,Portland,Trail Blazers,1610612757,123,105,1610612744,Regular Season,18064.0,,,228,18
22200930,2023-02-28 21:00:00+00:00,Utah,Jazz,1610612762,San Antonio,Spurs,1610612759,94,102,1610612759,Regular Season,18206.0,,,196,8
22200929,2023-02-28 20:30:00+00:00,Dallas,Mavericks,1610612742,Indiana,Pacers,1610612754,122,124,1610612754,Regular Season,20277.0,,,246,2
22200928,2023-02-28 20:00:00+00:00,Oklahoma City,Thunder,1610612760,Sacramento,Kings,1610612758,117,123,1610612758,Regular Season,13353.0,,,240,6
22200926,2023-02-28 20:00:00+00:00,Houston,Rockets,1610612745,Denver,Nuggets,1610612743,112,133,1610612743,Regular Season,15368.0,,,245,21
22200927,2023-02-28 19:30:00+00:00,Memphis,Grizzlies,1610612763,Los Angeles,Lakers,1610612747,121,109,1610612763,Regular Season,17794.0,,,230,12
22200923,2023-02-28 19:30:00+00:00,Atlanta,Hawks,1610612737,Washington,Wizards,1610612764,116,119,1610612764,Regular Season,17395.0,,,235,3
22200924,2023-02-28 19:30:00+00:00,Brooklyn,Nets,1610612751,Milwaukee,Bucks,1610612749,104,118,1610612749,Regular Season,17732.0,,,222,14
22200925,2023-02-28 19:30:00+00:00,Toronto,Raptors,1610612761,Chicago,Bulls,1610612741,104,98,1610612761,Regular Season,19800.0,,,202,6
22200922,2023-02-27 20:00:00+00:00,New Orleans,Pelicans,1610612740,Orlando,Magic,1610612753,93,101,1610612753,Regular Season,16038.0,,,194,8
22200921,2023-02-27 19:30:00+00:00,New York,Knicks,1610612752,Boston,Celtics,1610612738,109,94,1610612752,Regular Season,19812.0,,,203,15
22200920,2023-02-27 19:00:00+00:00,Philadelphia,76ers,1610612755,Miami,Heat,1610612748,99,101,1610612748,Regular Season,20859.0,,,200,2
22200919,2023-02-27 19:00:00+00:00,Charlotte,Hornets,1610612766,Detroit,Pistons,1610612765,117,106,1610612766,Regular Season,14184.0,,,223,11
22200918,2023-02-26 22:00:00+00:00,Denver,Nuggets,1610612743,Los Angeles,Clippers,1610612746,134,124,1610612743,Regular Season,19689.0,,,258,10
22200917,2023-02-26 21:00:00+00:00,Portland,Trail Blazers,1610612757,Houston,Rockets,1610612745,131,114,1610612757,Regular Season,19215.0,,,245,17
22200916,2023-02-26 19:30:00+00:00,Golden State,Warriors,1610612744,Minnesota,Timberwolves,1610612750,109,104,1610612744,Regular Season,18064.0,,,213,5
22200915,2023-02-26 19:00:00+00:00,Oklahoma City,Thunder,1610612760,Sacramento,Kings,1610612758,115,124,1610612758,Regular Season,15147.0,,,239,9
22200914,2023-02-26 18:00:00+00:00,Cleveland,Cavaliers,1610612739,Toronto,Raptors,1610612761,118,93,1610612739,Regular Season,19432.0,,,211,25
22200912,2023-02-26 15:30:00+00:00,Chicago,Bulls,1610612741,Washington,Wizards,1610612764,102,82,1610612741,Regular Season,21106.0,,,184,20
22200913,2023-02-26 15:30:00+00:00,Dallas,Mavericks,1610612742,Los Angeles,Lakers,1610612747,108,111,1610612747,Regular Season,20411.0,,,219,3
22200911,2023-02-26 15:00:00+00:00,Atlanta,Hawks,1610612737,Brooklyn,Nets,1610612751,129,127,1610612737,Regular Season,16983.0,,,256,2
22200910,2023-02-26 13:00:00+00:00,Milwaukee,Bucks,1610612749,Phoenix,Suns,1610612756,104,101,1610612749,Regular Season,17636.0,,,205,3
22200909,2023-02-25 21:00:00+00:00,Utah,Jazz,1610612762,San Antonio,Spurs,1610612759,118,102,1610612762,Regular Season,18206.0,,,220,16
22200908,2023-02-25 20:30:00+00:00,Philadelphia,76ers,1610612755,Boston,Celtics,1610612738,107,110,1610612738,Regular Season,20993.0,,,217,3
22200907,2023-02-25 20:00:00+00:00,Memphis,Grizzlies,1610612763,Denver,Nuggets,1610612743,112,94,1610612763,Regular Season,18302.0,,,206,18
22200906,2023-02-25 19:30:00+00:00,New York,Knicks,1610612752,New Orleans,Pelicans,1610612740,128,106,1610612752,Regular Season,19812.0,,,234,22
22200904,2023-02-25 19:00:00+00:00,Charlotte,Hornets,1610612766,Miami,Heat,1610612748,108,103,1610612766,Regular Season,19109.0,,,211,5
22200905,2023-02-25 19:00:00+00:00,Orlando,Magic,1610612753,Indiana,Pacers,1610612754,108,121,1610612754,Regular Season,19231.0,,,229,13
22200903,2023-02-25 12:00:00+00:00,Detroit,Pistons,1610612765,Toronto,Raptors,1610612761,91,95,1610612761,Regular Season,20190.0,,,186,4
22200902,2023-02-24 22:30:00+00:00,Los Angeles,Clippers,1610612746,Sacramento,Kings,1610612758,175,176,1610612758,Regular Season,19068.0,,,351,1
22200899,2023-02-24 22:00:00+00:00,Phoenix,Suns,1610612756,Oklahoma City,Thunder,1610612760,124,115,1610612756,Regular Season,17071.0,,,239,9
22200901,2023-02-24 22:00:00+00:00,Golden State,Warriors,1610612744,Houston,Rockets,1610612745,116,101,1610612744,Regular Season,18064.0,,,217,15
22200898,2023-02-24 20:00:00+00:00,Minnesota,Timberwolves,1610612750,Charlotte,Hornets,1610612766,113,121,1610612766,Regular Season,17136.0,,,234,8
22200900,2023-02-24 20:00:00+00:00,Chicago,Bulls,1610612741,Brooklyn,Nets,1610612751,131,87,1610612741,Regular Season,21286.0,,,218,44
22200896,2023-02-24 19:30:00+00:00,Atlanta,Hawks,1610612737,Cleveland,Cavaliers,1610612739,136,119,1610612737,Regular Season,18065.0,,,255,17
22200897,2023-02-24 19:30:00+00:00,Milwaukee,Bucks,1610612749,Miami,Heat,1610612748,128,99,1610612749,Regular Season,17676.0,,,227,29
22200895,2023-02-24 19:00:00+00:00,Washington,Wizards,1610612764,New York,Knicks,1610612752,109,115,1610612752,Regular Season,20476.0,,,224,6
22200893,2023-02-23 22:00:00+00:00,Los Angeles,Lakers,1610612747,Golden State,Warriors,1610612744,124,111,1610612747,Regular Season,18997.0,,,235,13
22200894,2023-02-23 22:00:00+00:00,Sacramento,Kings,1610612758,Portland,Trail Blazers,1610612757,133,116,1610612758,Regular Season,18041.0,,,249,17
22200892,2023-02-23 21:00:00+00:00,Utah,Jazz,1610612762,Oklahoma City,Thunder,1610612760,120,119,1610612762,Regular Season,18206.0,,,239,1
22200891,2023-02-23 20:30:00+00:00,Dallas,Mavericks,1610612742,San Antonio,Spurs,1610612759,142,116,1610612742,Regular Season,20287.0,,,258,26
22200890,2023-02-23 19:30:00+00:00,Toronto,Raptors,1610612761,New Orleans,Pelicans,1610612740,115,110,1610612761,Regular Season,19800.0,,,225,5
22200889,2023-02-23 19:30:00+00:00,Philadelphia,76ers,1610612755,Memphis,Grizzlies,1610612763,110,105,1610612755,Regular Season,21205.0,,,215,5
22200888,2023-02-23 19:00:00+00:00,Orlando,Magic,1610612753,Detroit,Pistons,1610612765,108,106,1610612753,Regular Season,18846.0,,,214,2
22200887,2023-02-23 19:00:00+00:00,Indiana,Pacers,1610612754,Boston,Celtics,1610612738,138,142,1610612738,Regular Season,16125.0,,,280,4
22200886,2023-02-23 19:00:00+00:00,Cleveland,Cavaliers,1610612739,Denver,Nuggets,1610612743,109,115,1610612743,Regular Season,19432.0,,,224,6
22200885,2023-02-16 22:00:00+00:00,Phoenix,Suns,1610612756,Los Angeles,Clippers,1610612746,107,116,1610612746,Regular Season,17071.0,,,223,9
22200884,2023-02-16 20:00:00+00:00,Minnesota,Timberwolves,1610612750,Washington,Wizards,1610612764,106,114,1610612764,Regular Season,17136.0,,,220,8
22200883,2023-02-16 19:30:00+00:00,Chicago,Bulls,1610612741,Milwaukee,Bucks,1610612749,100,112,1610612749,Regular Season,20308.0,,,212,12
22200882,2023-02-15 22:00:00+00:00,Los Angeles,Lakers,1610612747,New Orleans,Pelicans,1610612740,120,102,1610612747,Regular Season,18997.0,,,222,18
22200881,2023-02-15 21:00:00+00:00,Denver,Nuggets,1610612743,Dallas,Mavericks,1610612742,118,109,1610612743,Regular Season,19627.0,,,227,9
22200879,2023-02-15 20:00:00+00:00,Memphis,Grizzlies,1610612763,Utah,Jazz,1610612762,117,111,1610612763,Regular Season,16748.0,,,228,6
22200880,2023-02-15 20:00:00+00:00,Oklahoma City,Thunder,1610612760,Houston,Rockets,1610612745,133,96,1610612760,Regular Season,14988.0,,,229,37
22200877,2023-02-15 19:30:00+00:00,Boston,Celtics,1610612738,Detroit,Pistons,1610612765,127,109,1610612738,Regular Season,19156.0,,,236,18
22200876,2023-02-15 19:30:00+00:00,Atlanta,Hawks,1610612737,New York,Knicks,1610612752,101,122,1610612752,Regular Season,17771.0,,,223,21
22200878,2023-02-15 19:30:00+00:00,Brooklyn,Nets,1610612751,Miami,Heat,1610612748,116,105,1610612751,Regular Season,17963.0,,,221,11
22200875,2023-02-15 19:30:00+00:00,Philadelphia,76ers,1610612755,Cleveland,Cavaliers,1610612739,118,112,1610612755,Regular Season,21134.0,,,230,6
22200874,2023-02-15 19:00:00+00:00,Indiana,Pacers,1610612754,Chicago,Bulls,1610612741,117,113,1610612754,Regular Season,15599.0,,,230,4
22200873,2023-02-15 19:00:00+00:00,Charlotte,Hornets,1610612766,San Antonio,Spurs,1610612759,120,110,1610612766,Regular Season,14155.0,,,230,10
22200872,2023-02-14 22:00:00+00:00,Portland,Trail Blazers,1610612757,Washington,Wizards,1610612764,101,126,1610612764,Regular Season,18004.0,,,227,25
22200871,2023-02-14 22:00:00+00:00,Los Angeles,Clippers,1610612746,Golden State,Warriors,1610612744,134,124,1610612746,Regular Season,16741.0,,,258,10
22200870,2023-02-14 21:00:00+00:00,Phoenix,Suns,1610612756,Sacramento,Kings,1610612758,120,109,1610612756,Regular Season,17071.0,,,229,11
22200869,2023-02-14 19:30:00+00:00,Milwaukee,Bucks,1610612749,Boston,Celtics,1610612738,131,125,1610612749,Regular Season,17623.0,,,256,6
22200868,2023-02-14 19:30:00+00:00,Toronto,Raptors,1610612761,Orlando,Magic,1610612753,123,113,1610612761,Regular Season,19800.0,,,236,10
22200867,2023-02-13 22:00:00+00:00,Portland,Trail Blazers,1610612757,Los Angeles,Lakers,1610612747,127,115,1610612757,Regular Season,18299.0,,,242,12
22200866,2023-02-13 22:00:00+00:00,Golden State,Warriors,1610612744,Washington,Wizards,1610612764,135,126,1610612744,Regular Season,18064.0,,,261,9
22200865,2023-02-13 20:30:00+00:00,Dallas,Mavericks,1610612742,Minnesota,Timberwolves,1610612750,121,124,1610612750,Regular Season,20325.0,,,245,3
22200864,2023-02-13 20:00:00+00:00,Oklahoma City,Thunder,1610612760,New Orleans,Pelicans,1610612740,100,103,1610612740,Regular Season,14920.0,,,203,3
22200863,2023-02-13 20:00:00+00:00,Chicago,Bulls,1610612741,Orlando,Magic,1610612753,91,100,1610612753,Regular Season,20767.0,,,191,9
22200861,2023-02-13 19:30:00+00:00,Miami,Heat,1610612748,Denver,Nuggets,1610612743,108,112,1610612743,Regular Season,19755.0,,,220,4
22200862,2023-02-13 19:30:00+00:00,New York,Knicks,1610612752,Brooklyn,Nets,1610612751,124,106,1610612752,Regular Season,19812.0,,,230,18
22200859,2023-02-13 19:00:00+00:00,Indiana,Pacers,1610612754,Utah,Jazz,1610612762,117,123,1610612762,Regular Season,15004.0,,,240,6
22200860,2023-02-13 19:00:00+00:00,Philadelphia,76ers,1610612755,Houston,Rockets,1610612745,123,104,1610612755,Regular Season,19850.0,,,227,19
22200858,2023-02-13 19:00:00+00:00,Cleveland,Cavaliers,1610612739,San Antonio,Spurs,1610612759,117,109,1610612739,Regular Season,19432.0,,,226,8
22200857,2023-02-13 19:00:00+00:00,Charlotte,Hornets,1610612766,Atlanta,Hawks,1610612737,144,138,1610612766,Regular Season,14078.0,,,282,6
22200856,2023-02-12 15:00:00+00:00,Toronto,Raptors,1610612761,Detroit,Pistons,1610612765,119,118,1610612761,Regular Season,19800.0,,,237,1
22200855,2023-02-12 14:00:00+00:00,Boston,Celtics,1610612738,Memphis,Grizzlies,1610612763,119,109,1610612738,Regular Season,19156.0,,,228,10
22200854,2023-02-11 22:00:00+00:00,Sacramento,Kings,1610612758,Dallas,Mavericks,1610612742,133,128,1610612758,Regular Season,18111.0,,,261,5
22200853,2023-02-11 20:30:00+00:00,Golden State,Warriors,1610612744,Los Angeles,Lakers,1610612747,103,109,1610612747,Regular Season,18064.0,,,212,6
22200852,2023-02-11 20:00:00+00:00,Cleveland,Cavaliers,1610612739,Chicago,Bulls,1610612741,97,89,1610612739,Regular Season,19432.0,,,186,8
22200850,2023-02-11 19:30:00+00:00,Atlanta,Hawks,1610612737,San Antonio,Spurs,1610612759,125,106,1610612737,Regular Season,17875.0,,,231,19
22200851,2023-02-11 19:30:00+00:00,New York,Knicks,1610612752,Utah,Jazz,1610612762,126,120,1610612752,Regular Season,19339.0,,,246,6
22200849,2023-02-11 19:00:00+00:00,Washington,Wizards,1610612764,Indiana,Pacers,1610612754,127,113,1610612764,Regular Season,18387.0,,,240,14
22200847,2023-02-11 19:00:00+00:00,Charlotte,Hornets,1610612766,Denver,Nuggets,1610612743,105,119,1610612743,Regular Season,19256.0,,,224,14
22200848,2023-02-11 19:00:00+00:00,Orlando,Magic,1610612753,Miami,Heat,1610612748,103,107,1610612748,Regular Season,18223.0,,,210,4
22200846,2023-02-11 18:00:00+00:00,Brooklyn,Nets,1610612751,Philadelphia,76ers,1610612755,98,101,1610612755,Regular Season,17732.0,,,199,3
22200845,2023-02-10 22:30:00+00:00,Los Angeles,Clippers,1610612746,Milwaukee,Bucks,1610612749,106,119,1610612749,Regular Season,16614.0,,,225,13
22200844,2023-02-10 22:00:00+00:00,Sacramento,Kings,1610612758,Dallas,Mavericks,1610612742,114,122,1610612742,Regular Season,18111.0,,,236,8
22200842,2023-02-10 22:00:00+00:00,New Orleans,Pelicans,1610612740,Cleveland,Cavaliers,1610612739,107,118,1610612739,Regular Season,16398.0,,,225,11
22200843,2023-02-10 22:00:00+00:00,Portland,Trail Blazers,1610612757,Oklahoma City,Thunder,1610612760,129,138,1610612760,Regular Season,19424.0,,,267,9
22200841,2023-02-10 20:00:00+00:00,Memphis,Grizzlies,1610612763,Minnesota,Timberwolves,1610612750,128,107,1610612763,Regular Season,17794.0,,,235,21
22200840,2023-02-10 20:00:00+00:00,Miami,Heat,1610612748,Houston,Rockets,1610612745,97,95,1610612748,Regular Season,19600.0,,,192,2
22200838,2023-02-10 19:30:00+00:00,Boston,Celtics,1610612738,Charlotte,Hornets,1610612766,127,116,1610612738,Regular Season,19156.0,,,243,11
22200839,2023-02-10 19:30:00+00:00,Toronto,Raptors,1610612761,Utah,Jazz,1610612762,116,122,1610612762,Regular Season,19800.0,,,238,6
22200836,2023-02-10 19:00:00+00:00,Indiana,Pacers,1610612754,Phoenix,Suns,1610612756,104,117,1610612756,Regular Season,16522.0,,,221,13
22200835,2023-02-10 19:00:00+00:00,Detroit,Pistons,1610612765,San Antonio,Spurs,1610612759,138,131,1610612765,Regular Season,17899.0,,,269,7
22200837,2023-02-10 19:00:00+00:00,Philadelphia,76ers,1610612755,New York,Knicks,1610612752,119,108,1610612755,Regular Season,21057.0,,,227,11
22200834,2023-02-09 22:00:00+00:00,Los Angeles,Lakers,1610612747,Milwaukee,Bucks,1610612749,106,115,1610612749,Regular Season,18997.0,,,221,9
22200832,2023-02-09 19:30:00+00:00,Atlanta,Hawks,1610612737,Phoenix,Suns,1610612756,116,107,1610612737,Regular Season,17003.0,,,223,9
22200833,2023-02-09 19:30:00+00:00,Brooklyn,Nets,1610612751,Chicago,Bulls,1610612741,116,105,1610612751,Regular Season,16938.0,,,221,11
22200831,2023-02-09 19:00:00+00:00,Orlando,Magic,1610612753,Denver,Nuggets,1610612743,115,104,1610612753,Regular Season,18846.0,,,219,11
22200830,2023-02-08 22:00:00+00:00,Portland,Trail Blazers,1610612757,Golden State,Warriors,1610612744,125,122,1610612757,Regular Season,18450.0,,,247,3
22200829,2023-02-08 22:00:00+00:00,Los Angeles,Clippers,1610612746,Dallas,Mavericks,1610612742,104,110,1610612742,Regular Season,18377.0,,,214,6
22200828,2023-02-08 21:00:00+00:00,Utah,Jazz,1610612762,Minnesota,Timberwolves,1610612750,118,143,1610612750,Regular Season,18206.0,,,261,25
22200827,2023-02-08 20:00:00+00:00,Houston,Rockets,1610612745,Sacramento,Kings,1610612758,128,130,1610612758,Regular Season,15881.0,,,258,2
22200824,2023-02-08 19:30:00+00:00,Boston,Celtics,1610612738,Philadelphia,76ers,1610612755,106,99,1610612738,Regular Season,19156.0,,,205,7
22200825,2023-02-08 19:30:00+00:00,Miami,Heat,1610612748,Indiana,Pacers,1610612754,116,111,1610612748,Regular Season,19600.0,,,227,5
22200826,2023-02-08 19:30:00+00:00,Toronto,Raptors,1610612761,San Antonio,Spurs,1610612759,112,98,1610612761,Regular Season,19800.0,,,210,14
22200822,2023-02-08 19:00:00+00:00,Cleveland,Cavaliers,1610612739,Detroit,Pistons,1610612765,113,85,1610612739,Regular Season,19432.0,,,198,28
22200823,2023-02-08 19:00:00+00:00,Washington,Wizards,1610612764,Charlotte,Hornets,1610612766,118,104,1610612764,Regular Season,16097.0,,,222,14
22200821,2023-02-07 22:00:00+00:00,Los Angeles,Lakers,1610612747,Oklahoma City,Thunder,1610612760,130,133,1610612760,Regular Season,18997.0,,,263,3
22200820,2023-02-07 21:00:00+00:00,Denver,Nuggets,1610612743,Minnesota,Timberwolves,1610612750,146,112,1610612743,Regular Season,18307.0,,,258,34
22200819,2023-02-07 20:00:00+00:00,Memphis,Grizzlies,1610612763,Chicago,Bulls,1610612741,104,89,1610612763,Regular Season,17012.0,,,193,15
22200817,2023-02-07 19:30:00+00:00,Brooklyn,Nets,1610612751,Phoenix,Suns,1610612756,112,116,1610612756,Regular Season,17093.0,,,228,4
22200818,2023-02-07 19:30:00+00:00,New Orleans,Pelicans,1610612740,Atlanta,Hawks,1610612737,116,107,1610612740,Regular Season,16669.0,,,223,9
22200816,2023-02-07 19:00:00+00:00,Orlando,Magic,1610612753,New York,Knicks,1610612752,98,102,1610612752,Regular Season,19438.0,,,200,4
22200815,2023-02-06 22:00:00+00:00,Portland,Trail Blazers,1610612757,Milwaukee,Bucks,1610612749,108,127,1610612749,Regular Season,18110.0,,,235,19
22200814,2023-02-06 22:00:00+00:00,Golden State,Warriors,1610612744,Oklahoma City,Thunder,1610612760,141,114,1610612744,Regular Season,18064.0,,,255,27
22200813,2023-02-06 21:00:00+00:00,Utah,Jazz,1610612762,Dallas,Mavericks,1610612742,111,124,1610612742,Regular Season,18206.0,,,235,13
22200812,2023-02-06 20:00:00+00:00,Houston,Rockets,1610612745,Sacramento,Kings,1610612758,120,140,1610612758,Regular Season,15405.0,,,260,20
22200811,2023-02-06 20:00:00+00:00,Chicago,Bulls,1610612741,San Antonio,Spurs,1610612759,128,104,1610612741,Regular Season,19291.0,,,232,24
22200810,2023-02-06 19:30:00+00:00,Brooklyn,Nets,1610612751,Los Angeles,Clippers,1610612746,116,124,1610612746,Regular Season,16981.0,,,240,8
22200808,2023-02-06 19:00:00+00:00,Detroit,Pistons,1610612765,Boston,Celtics,1610612738,99,111,1610612738,Regular Season,17933.0,,,210,12
22200809,2023-02-06 19:00:00+00:00,Washington,Wizards,1610612764,Cleveland,Cavaliers,1610612739,91,114,1610612739,Regular Season,16744.0,,,205,23
22200806,2023-02-05 19:00:00+00:00,Minnesota,Timberwolves,1610612750,Denver,Nuggets,1610612743,128,98,1610612750,Regular Season,17136.0,,,226,30
22200807,2023-02-05 19:00:00+00:00,New Orleans,Pelicans,1610612740,Sacramento,Kings,1610612758,136,104,1610612740,Regular Season,17779.0,,,240,32
22200804,2023-02-05 18:00:00+00:00,New York,Knicks,1610612752,Philadelphia,76ers,1610612755,108,97,1610612752,Regular Season,17586.0,,,205,11
22200805,2023-02-05 18:00:00+00:00,Memphis,Grizzlies,1610612763,Toronto,Raptors,1610612761,103,106,1610612761,Regular Season,17794.0,,,209,3
22200803,2023-02-05 17:00:00+00:00,Indiana,Pacers,1610612754,Cleveland,Cavaliers,1610612739,103,122,1610612739,Regular Season,17274.0,,,225,19
22200802,2023-02-05 13:00:00+00:00,Charlotte,Hornets,1610612766,Orlando,Magic,1610612753,113,119,1610612753,Regular Season,18510.0,,,232,6
22200801,2023-02-04 21:00:00+00:00,Denver,Nuggets,1610612743,Atlanta,Hawks,1610612737,128,108,1610612743,Regular Season,19630.0,,,236,20
22200800,2023-02-04 20:30:00+00:00,Golden State,Warriors,1610612744,Dallas,Mavericks,1610612742,119,113,1610612744,Regular Season,18064.0,,,232,6
22200797,2023-02-04 20:00:00+00:00,Milwaukee,Bucks,1610612749,Miami,Heat,1610612748,123,115,1610612749,Regular Season,18008.0,,,238,8
22200796,2023-02-04 20:00:00+00:00,Chicago,Bulls,1610612741,Portland,Trail Blazers,1610612757,129,121,1610612741,Regular Season,20135.0,,,250,8
22200799,2023-02-04 20:00:00+00:00,Oklahoma City,Thunder,1610612760,Houston,Rockets,1610612745,153,121,1610612760,Regular Season,16994.0,,,274,32
22200795,2023-02-04 19:00:00+00:00,New York,Knicks,1610612752,Los Angeles,Clippers,1610612746,128,134,1610612746,Regular Season,19812.0,,,262,6
22200794,2023-02-04 19:00:00+00:00,Detroit,Pistons,1610612765,Phoenix,Suns,1610612756,100,116,1610612756,Regular Season,19788.0,,,216,16
22200793,2023-02-04 18:00:00+00:00,Brooklyn,Nets,1610612751,Washington,Wizards,1610612764,125,123,1610612751,Regular Season,17732.0,,,248,2
22200798,2023-02-04 18:00:00+00:00,New Orleans,Pelicans,1610612740,Los Angeles,Lakers,1610612747,131,126,1610612740,Regular Season,18886.0,,,257,5
22200792,2023-02-03 21:00:00+00:00,Utah,Jazz,1610612762,Atlanta,Hawks,1610612737,108,115,1610612737,Regular Season,18206.0,,,223,7
22200791,2023-02-03 20:00:00+00:00,San Antonio,Spurs,1610612759,Philadelphia,76ers,1610612755,125,137,1610612755,Regular Season,15252.0,,,262,12
22200790,2023-02-03 20:00:00+00:00,Minnesota,Timberwolves,1610612750,Orlando,Magic,1610612753,120,127,1610612753,Regular Season,17136.0,,,247,7
22200789,2023-02-03 20:00:00+00:00,Houston,Rockets,1610612745,Toronto,Raptors,1610612761,111,117,1610612761,Regular Season,16585.0,,,228,6
22200788,2023-02-03 19:30:00+00:00,Boston,Celtics,1610612738,Phoenix,Suns,1610612756,94,106,1610612756,Regular Season,19156.0,,,200,12
22200786,2023-02-03 19:00:00+00:00,Indiana,Pacers,1610612754,Sacramento,Kings,1610612758,107,104,1610612754,Regular Season,17274.0,,,211,3
22200785,2023-02-03 19:00:00+00:00,Detroit,Pistons,1610612765,Charlotte,Hornets,1610612766,118,112,1610612765,Regular Season,18007.0,,,230,6
22200787,2023-02-03 19:00:00+00:00,Washington,Wizards,1610612764,Portland,Trail Blazers,1610612757,116,124,1610612757,Regular Season,20476.0,,,240,8
22200784,2023-02-02 22:00:00+00:00,Milwaukee,Bucks,1610612749,Los Angeles,Clippers,1610612746,106,105,1610612749,Regular Season,17341.0,,,211,1
22200783,2023-02-02 21:00:00+00:00,Denver,Nuggets,1610612743,Golden State,Warriors,1610612744,134,117,1610612743,Regular Season,19555.0,,,251,17
22200782,2023-02-02 20:30:00+00:00,Dallas,Mavericks,1610612742,New Orleans,Pelicans,1610612740,111,106,1610612742,Regular Season,19670.0,,,217,5
22200781,2023-02-02 20:00:00+00:00,Chicago,Bulls,1610612741,Charlotte,Hornets,1610612766,114,98,1610612741,Regular Season,20072.0,,,212,16
22200779,2023-02-02 19:30:00+00:00,Cleveland,Cavaliers,1610612739,Memphis,Grizzlies,1610612763,128,113,1610612739,Regular Season,19432.0,,,241,15
22200780,2023-02-02 19:30:00+00:00,New York,Knicks,1610612752,Miami,Heat,1610612748,106,104,1610612752,Regular Season,19044.0,,,210,2
22200778,2023-02-02 19:00:00+00:00,Indiana,Pacers,1610612754,Los Angeles,Lakers,1610612747,111,112,1610612747,Regular Season,17274.0,,,223,1
22200777,2023-02-01 22:00:00+00:00,Phoenix,Suns,1610612756,Atlanta,Hawks,1610612737,100,132,1610612737,Regular Season,17071.0,,,232,32
22200776,2023-02-01 21:00:00+00:00,Utah,Jazz,1610612762,Toronto,Raptors,1610612761,131,128,1610612762,Regular Season,18206.0,,,259,3
22200773,2023-02-01 20:00:00+00:00,Houston,Rockets,1610612745,Oklahoma City,Thunder,1610612760,112,106,1610612745,Regular Season,15181.0,,,218,6
22200774,2023-02-01 20:00:00+00:00,Minnesota,Timberwolves,1610612750,Golden State,Warriors,1610612744,119,114,1610612750,Regular Season,17136.0,,,233,5
22200775,2023-02-01 20:00:00+00:00,San Antonio,Spurs,1610612759,Sacramento,Kings,1610612758,109,119,1610612758,Regular Season,13207.0,,,228,10
22200772,2023-02-01 19:30:00+00:00,Boston,Celtics,1610612738,Brooklyn,Nets,1610612751,139,96,1610612738,Regular Season,19156.0,,,235,43
22200770,2023-02-01 19:00:00+00:00,Philadelphia,76ers,1610612755,Orlando,Magic,1610612753,105,94,1610612755,Regular Season,20885.0,,,199,11
22200771,2023-02-01 19:00:00+00:00,Memphis,Grizzlies,1610612763,Portland,Trail Blazers,1610612757,112,122,1610612757,Regular Season,14589.0,,,234,10
22200768,2023-01-31 22:00:00+00:00,Denver,Nuggets,1610612743,New Orleans,Pelicans,1610612740,122,113,1610612743,Regular Season,18868.0,,,235,9
22200766,2023-01-31 20:00:00+00:00,Chicago,Bulls,1610612741,Los Angeles,Clippers,1610612746,103,108,1610612746,Regular Season,20068.0,,,211,5
22200767,2023-01-31 20:00:00+00:00,Milwaukee,Bucks,1610612749,Charlotte,Hornets,1610612766,124,115,1610612749,Regular Season,17341.0,,,239,9
22200765,2023-01-31 19:30:00+00:00,New York,Knicks,1610612752,Los Angeles,Lakers,1610612747,123,129,1610612747,Regular Season,19812.0,,,252,6
22200764,2023-01-31 19:00:00+00:00,Cleveland,Cavaliers,1610612739,Miami,Heat,1610612748,97,100,1610612748,Regular Season,19432.0,,,197,3
22200763,2023-01-30 22:00:00+00:00,Portland,Trail Blazers,1610612757,Atlanta,Hawks,1610612737,129,125,1610612757,Regular Season,18262.0,,,254,4
22200762,2023-01-30 21:00:00+00:00,Phoenix,Suns,1610612756,Toronto,Raptors,1610612761,114,106,1610612756,Regular Season,17071.0,,,220,8
22200761,2023-01-30 20:30:00+00:00,Dallas,Mavericks,1610612742,Detroit,Pistons,1610612765,111,105,1610612742,Regular Season,19777.0,,,216,6
22200760,2023-01-30 20:00:00+00:00,San Antonio,Spurs,1610612759,Washington,Wizards,1610612764,106,127,1610612764,Regular Season,11970.0,,,233,21
22200758,2023-01-30 20:00:00+00:00,Minnesota,Timberwolves,1610612750,Sacramento,Kings,1610612758,111,118,1610612758,Regular Season,15342.0,,,229,7
22200759,2023-01-30 20:00:00+00:00,Oklahoma City,Thunder,1610612760,Golden State,Warriors,1610612744,120,128,1610612744,Regular Season,16854.0,,,248,8
22200757,2023-01-30 19:30:00+00:00,Brooklyn,Nets,1610612751,Los Angeles,Lakers,1610612747,121,104,1610612751,Regular Season,17924.0,,,225,17
22200756,2023-01-30 19:00:00+00:00,Philadelphia,76ers,1610612755,Orlando,Magic,1610612753,109,119,1610612753,Regular Season,19812.0,,,228,10
22200755,2023-01-29 20:00:00+00:00,Milwaukee,Bucks,1610612749,New Orleans,Pelicans,1610612740,135,110,1610612749,Regular Season,17341.0,,,245,25
22200754,2023-01-29 19:00:00+00:00,Cleveland,Cavaliers,1610612739,Los Angeles,Clippers,1610612746,122,99,1610612739,Regular Season,19432.0,,,221,23
22200753,2023-01-29 18:00:00+00:00,Memphis,Grizzlies,1610612763,Indiana,Pacers,1610612754,112,100,1610612763,Regular Season,17794.0,,,212,12
22200752,2023-01-29 13:00:00+00:00,Charlotte,Hornets,1610612766,Miami,Heat,1610612748,122,117,1610612766,Regular Season,19254.0,,,239,5
22200751,2023-01-28 22:00:00+00:00,Portland,Trail Blazers,1610612757,Toronto,Raptors,1610612761,105,123,1610612761,Regular Season,19393.0,,,228,18
22200750,2023-01-28 21:00:00+00:00,Utah,Jazz,1610612762,Dallas,Mavericks,1610612742,108,100,1610612762,Regular Season,18206.0,,,208,8
22200749,2023-01-28 20:30:00+00:00,Boston,Celtics,1610612738,Los Angeles,Lakers,1610612747,125,121,1610612738,Regular Season,19156.0,,,246,4
22200747,2023-01-28 20:00:00+00:00,New Orleans,Pelicans,1610612740,Washington,Wizards,1610612764,103,113,1610612764,Regular Season,17692.0,,,216,10
22200748,2023-01-28 20:00:00+00:00,San Antonio,Spurs,1610612759,Phoenix,Suns,1610612756,118,128,1610612756,Regular Season,18354.0,,,246,10
22200746,2023-01-28 20:00:00+00:00,Minnesota,Timberwolves,1610612750,Sacramento,Kings,1610612758,117,110,1610612750,Regular Season,17136.0,,,227,7
22200745,2023-01-28 19:30:00+00:00,Atlanta,Hawks,1610612737,Los Angeles,Clippers,1610612746,113,120,1610612746,Regular Season,18448.0,,,233,7
22200743,2023-01-28 19:00:00+00:00,Detroit,Pistons,1610612765,Houston,Rockets,1610612745,114,117,1610612745,Regular Season,19411.0,,,231,3
22200744,2023-01-28 19:00:00+00:00,Orlando,Magic,1610612753,Chicago,Bulls,1610612741,109,128,1610612741,Regular Season,18846.0,,,237,19
22200742,2023-01-28 17:30:00+00:00,Brooklyn,Nets,1610612751,New York,Knicks,1610612752,122,115,1610612751,Regular Season,18100.0,,,237,7
22200741,2023-01-28 15:00:00+00:00,Philadelphia,76ers,1610612755,Denver,Nuggets,1610612743,126,119,1610612755,Regular Season,21255.0,,,245,7
22200740,2023-01-27 22:00:00+00:00,Golden State,Warriors,1610612744,Toronto,Raptors,1610612761,129,117,1610612744,Regular Season,18064.0,,,246,12
22200738,2023-01-27 20:00:00+00:00,Miami,Heat,1610612748,Orlando,Magic,1610612753,110,105,1610612748,Regular Season,19788.0,,,215,5
22200739,2023-01-27 20:00:00+00:00,Oklahoma City,Thunder,1610612760,Cleveland,Cavaliers,1610612739,112,100,1610612760,Regular Season,16236.0,,,212,12
22200737,2023-01-27 19:30:00+00:00,Minnesota,Timberwolves,1610612750,Memphis,Grizzlies,1610612763,111,100,1610612750,Regular Season,17136.0,,,211,11
22200736,2023-01-27 19:00:00+00:00,Indiana,Pacers,1610612754,Milwaukee,Bucks,1610612749,131,141,1610612749,Regular Season,16090.0,,,272,10
22200735,2023-01-26 22:30:00+00:00,Los Angeles,Clippers,1610612746,San Antonio,Spurs,1610612759,138,100,1610612746,Regular Season,16958.0,,,238,38
22200734,2023-01-26 22:00:00+00:00,Phoenix,Suns,1610612756,Dallas,Mavericks,1610612742,95,99,1610612742,Regular Season,17071.0,,,194,4
22200733,2023-01-26 20:00:00+00:00,Houston,Rockets,1610612745,Cleveland,Cavaliers,1610612739,95,113,1610612739,Regular Season,16327.0,,,208,18
22200732,2023-01-26 19:30:00+00:00,Charlotte,Hornets,1610612766,Chicago,Bulls,1610612741,111,96,1610612766,Regular Season,17697.0,,,207,15
22200731,2023-01-26 19:30:00+00:00,Brooklyn,Nets,1610612751,Detroit,Pistons,1610612765,122,130,1610612765,Regular Season,17732.0,,,252,8
22200730,2023-01-26 19:30:00+00:00,Boston,Celtics,1610612738,New York,Knicks,1610612752,117,120,1610612752,Regular Season,19156.0,,,237,3
22200729,2023-01-25 22:30:00+00:00,Los Angeles,Lakers,1610612747,San Antonio,Spurs,1610612759,113,104,1610612747,Regular Season,17955.0,,,217,9
22200728,2023-01-25 22:00:00+00:00,Sacramento,Kings,1610612758,Toronto,Raptors,1610612761,95,113,1610612761,Regular Season,17767.0,,,208,18
22200726,2023-01-25 22:00:00+00:00,Golden State,Warriors,1610612744,Memphis,Grizzlies,1610612763,122,120,1610612744,Regular Season,18064.0,,,242,2
22200727,2023-01-25 22:00:00+00:00,Portland,Trail Blazers,1610612757,Utah,Jazz,1610612762,134,124,1610612757,Regular Season,18154.0,,,258,10
22200725,2023-01-25 20:00:00+00:00,Oklahoma City,Thunder,1610612760,Atlanta,Hawks,1610612737,132,137,1610612737,Regular Season,15079.0,,,269,5
22200722,2023-01-25 20:00:00+00:00,Houston,Rockets,1610612745,Washington,Wizards,1610612764,103,108,1610612764,Regular Season,15302.0,,,211,5
22200724,2023-01-25 20:00:00+00:00,New Orleans,Pelicans,1610612740,Minnesota,Timberwolves,1610612750,102,111,1610612750,Regular Season,14887.0,,,213,9
22200723,2023-01-25 20:00:00+00:00,Milwaukee,Bucks,1610612749,Denver,Nuggets,1610612743,107,99,1610612749,Regular Season,17352.0,,,206,8
22200721,2023-01-25 19:30:00+00:00,Philadelphia,76ers,1610612755,Brooklyn,Nets,1610612751,137,133,1610612755,Regular Season,19772.0,,,270,4
22200720,2023-01-25 19:00:00+00:00,Orlando,Magic,1610612753,Indiana,Pacers,1610612754,126,120,1610612753,Regular Season,18846.0,,,246,6
22200719,2023-01-24 22:00:00+00:00,Los Angeles,Lakers,1610612747,Los Angeles,Clippers,1610612746,115,133,1610612746,Regular Season,17604.0,,,248,18
22200718,2023-01-24 21:00:00+00:00,Phoenix,Suns,1610612756,Charlotte,Hornets,1610612766,128,97,1610612756,Regular Season,17071.0,,,225,31
22200717,2023-01-24 20:30:00+00:00,Dallas,Mavericks,1610612742,Washington,Wizards,1610612764,126,127,1610612764,Regular Season,20077.0,,,253,1
22200716,2023-01-24 20:00:00+00:00,New Orleans,Pelicans,1610612740,Denver,Nuggets,1610612743,98,99,1610612743,Regular Season,14699.0,,,197,1
22200715,2023-01-24 19:30:00+00:00,New York,Knicks,1610612752,Cleveland,Cavaliers,1610612739,105,103,1610612752,Regular Season,19812.0,,,208,2
22200714,2023-01-24 19:30:00+00:00,Miami,Heat,1610612748,Boston,Celtics,1610612738,98,95,1610612748,Regular Season,19705.0,,,193,3
22200713,2023-01-24 19:00:00+00:00,Indiana,Pacers,1610612754,Chicago,Bulls,1610612741,116,110,1610612754,Regular Season,16102.0,,,226,6
22200712,2023-01-23 22:30:00+00:00,Sacramento,Kings,1610612758,Memphis,Grizzlies,1610612763,133,100,1610612758,Regular Season,17821.0,,,233,33
22200711,2023-01-23 22:00:00+00:00,Portland,Trail Blazers,1610612757,San Antonio,Spurs,1610612759,147,127,1610612757,Regular Season,17874.0,,,274,20
22200710,2023-01-23 21:00:00+00:00,Utah,Jazz,1610612762,Charlotte,Hornets,1610612766,120,102,1610612762,Regular Season,18206.0,,,222,18
22200708,2023-01-23 20:00:00+00:00,Chicago,Bulls,1610612741,Atlanta,Hawks,1610612737,111,100,1610612741,Regular Season,20938.0,,,211,11
22200709,2023-01-23 20:00:00+00:00,Houston,Rockets,1610612745,Minnesota,Timberwolves,1610612750,119,114,1610612745,Regular Season,13811.0,,,233,5
22200707,2023-01-23 19:00:00+00:00,Orlando,Magic,1610612753,Boston,Celtics,1610612738,113,98,1610612753,Regular Season,19196.0,,,211,15
22200706,2023-01-23 19:00:00+00:00,Detroit,Pistons,1610612765,Milwaukee,Bucks,1610612749,130,150,1610612749,Regular Season,18011.0,,,280,20
22200705,2023-01-22 21:00:00+00:00,Portland,Trail Blazers,1610612757,Los Angeles,Lakers,1610612747,112,121,1610612747,Regular Season,19393.0,,,233,9
22200704,2023-01-22 20:30:00+00:00,Golden State,Warriors,1610612744,Brooklyn,Nets,1610612751,116,120,1610612751,Regular Season,18064.0,,,236,4
22200703,2023-01-22 20:00:00+00:00,Phoenix,Suns,1610612756,Memphis,Grizzlies,1610612763,112,110,1610612756,Regular Season,17071.0,,,222,2
22200702,2023-01-22 20:00:00+00:00,Denver,Nuggets,1610612743,Oklahoma City,Thunder,1610612760,99,101,1610612760,Regular Season,19557.0,,,200,2
22200700,2023-01-22 18:00:00+00:00,Toronto,Raptors,1610612761,New York,Knicks,1610612752,125,116,1610612761,Regular Season,19261.0,,,241,9
22200699,2023-01-22 15:30:00+00:00,Miami,Heat,1610612748,New Orleans,Pelicans,1610612740,100,96,1610612748,Regular Season,19600.0,,,196,4
22200701,2023-01-22 14:30:00+00:00,Dallas,Mavericks,1610612742,Los Angeles,Clippers,1610612746,98,112,1610612746,Regular Season,20026.0,,,210,14
22200698,2023-01-21 22:00:00+00:00,Sacramento,Kings,1610612758,Philadelphia,76ers,1610612755,127,129,1610612755,Regular Season,17861.0,,,256,2
22200697,2023-01-21 21:00:00+00:00,Phoenix,Suns,1610612756,Indiana,Pacers,1610612754,112,107,1610612756,Regular Season,17071.0,,,219,5
22200696,2023-01-21 20:00:00+00:00,Minnesota,Timberwolves,1610612750,Houston,Rockets,1610612745,113,104,1610612750,Regular Season,17136.0,,,217,9
22200695,2023-01-21 19:30:00+00:00,Cleveland,Cavaliers,1610612739,Milwaukee,Bucks,1610612749,114,102,1610612739,Regular Season,19432.0,,,216,12
22200694,2023-01-21 19:30:00+00:00,Atlanta,Hawks,1610612737,Charlotte,Hornets,1610612766,118,122,1610612766,Regular Season,17928.0,,,240,4
22200693,2023-01-21 19:00:00+00:00,Washington,Wizards,1610612764,Orlando,Magic,1610612753,138,118,1610612764,Regular Season,18171.0,,,256,20
22200692,2023-01-21 17:00:00+00:00,Toronto,Raptors,1610612761,Boston,Celtics,1610612738,104,106,1610612738,Regular Season,19800.0,,,210,2
22200690,2023-01-20 22:00:00+00:00,Los Angeles,Lakers,1610612747,Memphis,Grizzlies,1610612763,122,121,1610612747,Regular Season,18997.0,,,243,1
22200691,2023-01-20 22:00:00+00:00,Sacramento,Kings,1610612758,Oklahoma City,Thunder,1610612760,118,113,1610612758,Regular Season,17932.0,,,231,5
22200689,2023-01-20 21:00:00+00:00,Utah,Jazz,1610612762,Brooklyn,Nets,1610612751,106,117,1610612751,Regular Season,18206.0,,,223,11
22200688,2023-01-20 21:00:00+00:00,Denver,Nuggets,1610612743,Indiana,Pacers,1610612754,134,111,1610612743,Regular Season,19609.0,,,245,23
22200687,2023-01-20 20:00:00+00:00,San Antonio,Spurs,1610612759,Los Angeles,Clippers,1610612746,126,131,1610612746,Regular Season,15190.0,,,257,5
22200685,2023-01-20 19:30:00+00:00,Cleveland,Cavaliers,1610612739,Golden State,Warriors,1610612744,114,120,1610612744,Regular Season,19432.0,,,234,6
22200684,2023-01-20 19:30:00+00:00,Atlanta,Hawks,1610612737,New York,Knicks,1610612752,139,124,1610612737,Regular Season,17711.0,,,263,15
22200686,2023-01-20 19:30:00+00:00,Dallas,Mavericks,1610612742,Miami,Heat,1610612748,115,90,1610612742,Regular Season,20326.0,,,205,25
22200683,2023-01-20 19:00:00+00:00,Orlando,Magic,1610612753,New Orleans,Pelicans,1610612740,123,110,1610612753,Regular Season,19025.0,,,233,13
22200682,2023-01-19 22:00:00+00:00,Portland,Trail Blazers,1610612757,Philadelphia,76ers,1610612755,95,105,1610612755,Regular Season,18113.0,,,200,10
22200681,2023-01-19 22:00:00+00:00,Phoenix,Suns,1610612756,Brooklyn,Nets,1610612751,117,112,1610612756,Regular Season,17071.0,,,229,5
22200680,2023-01-19 20:00:00+00:00,Minnesota,Timberwolves,1610612750,Toronto,Raptors,1610612761,128,126,1610612750,Regular Season,16318.0,,,254,2
22200679,2023-01-19 19:30:00+00:00,Boston,Celtics,1610612738,Golden State,Warriors,1610612744,121,118,1610612738,Regular Season,19156.0,,,239,3
22200678,2023-01-19 15:00:00+00:00,Detroit,Pistons,1610612765,Chicago,Bulls,1610612741,108,126,1610612741,Regular Season,15885.0,,,234,18
22200677,2023-01-18 22:30:00+00:00,Los Angeles,Lakers,1610612747,Sacramento,Kings,1610612758,111,116,1610612758,Regular Season,18142.0,,,227,5
22200676,2023-01-18 22:00:00+00:00,Denver,Nuggets,1610612743,Minnesota,Timberwolves,1610612750,122,118,1610612743,Regular Season,16112.0,,,240,4
22200675,2023-01-18 21:00:00+00:00,Utah,Jazz,1610612762,Los Angeles,Clippers,1610612746,126,103,1610612762,Regular Season,18206.0,,,229,23
22200671,2023-01-18 20:00:00+00:00,Houston,Rockets,1610612745,Charlotte,Hornets,1610612766,117,122,1610612766,Regular Season,15678.0,,,239,5
22200673,2023-01-18 20:00:00+00:00,New Orleans,Pelicans,1610612740,Miami,Heat,1610612748,98,124,1610612748,Regular Season,17736.0,,,222,26
22200672,2023-01-18 20:00:00+00:00,Memphis,Grizzlies,1610612763,Cleveland,Cavaliers,1610612739,115,114,1610612763,Regular Season,16892.0,,,229,1
22200674,2023-01-18 20:00:00+00:00,Oklahoma City,Thunder,1610612760,Indiana,Pacers,1610612754,126,106,1610612760,Regular Season,14748.0,,,232,20
22200669,2023-01-18 19:30:00+00:00,New York,Knicks,1610612752,Washington,Wizards,1610612764,105,116,1610612764,Regular Season,19164.0,,,221,11
22200670,2023-01-18 19:30:00+00:00,Dallas,Mavericks,1610612742,Atlanta,Hawks,1610612737,122,130,1610612737,Regular Season,20125.0,,,252,8
22200668,2023-01-17 22:00:00+00:00,Los Angeles,Clippers,1610612746,Philadelphia,76ers,1610612755,110,120,1610612755,Regular Season,15155.0,,,230,10
22200667,2023-01-17 21:00:00+00:00,Denver,Nuggets,1610612743,Portland,Trail Blazers,1610612757,122,113,1610612743,Regular Season,18258.0,,,235,9
22200666,2023-01-17 20:00:00+00:00,San Antonio,Spurs,1610612759,Brooklyn,Nets,1610612751,106,98,1610612759,Regular Season,13532.0,,,204,8
22200665,2023-01-17 19:30:00+00:00,Milwaukee,Bucks,1610612749,Toronto,Raptors,1610612761,130,122,1610612749,Regular Season,17341.0,,,252,8
22200664,2023-01-16 22:30:00+00:00,Los Angeles,Lakers,1610612747,Houston,Rockets,1610612745,140,132,1610612747,Regular Season,17657.0,,,272,8
22200663,2023-01-16 18:00:00+00:00,Memphis,Grizzlies,1610612763,Phoenix,Suns,1610612756,136,106,1610612763,Regular Season,17794.0,,,242,30
22200662,2023-01-16 16:00:00+00:00,Minnesota,Timberwolves,1610612750,Utah,Jazz,1610612762,125,126,1610612762,Regular Season,16477.0,,,251,1
22200661,2023-01-16 15:30:00+00:00,Atlanta,Hawks,1610612737,Miami,Heat,1610612748,121,113,1610612737,Regular Season,18007.0,,,234,8
22200658,2023-01-16 15:00:00+00:00,Cleveland,Cavaliers,1610612739,New Orleans,Pelicans,1610612740,113,103,1610612739,Regular Season,19432.0,,,216,10
22200660,2023-01-16 15:00:00+00:00,Washington,Wizards,1610612764,Golden State,Warriors,1610612744,118,127,1610612744,Regular Season,20476.0,,,245,9
22200659,2023-01-16 15:00:00+00:00,New York,Knicks,1610612752,Toronto,Raptors,1610612761,121,123,1610612761,Regular Season,19812.0,,,244,2
22200657,2023-01-16 14:30:00+00:00,Milwaukee,Bucks,1610612749,Indiana,Pacers,1610612754,132,119,1610612749,Regular Season,17412.0,,,251,13
22200656,2023-01-16 13:00:00+00:00,Charlotte,Hornets,1610612766,Boston,Celtics,1610612738,118,130,1610612738,Regular Season,19227.0,,,248,12
22200655,2023-01-15 21:30:00+00:00,Los Angeles,Lakers,1610612747,Philadelphia,76ers,1610612755,112,113,1610612755,Regular Season,18020.0,,,225,1
22200654,2023-01-15 21:00:00+00:00,Portland,Trail Blazers,1610612757,Dallas,Mavericks,1610612742,140,123,1610612757,Regular Season,19393.0,,,263,17
22200653,2023-01-15 20:00:00+00:00,Denver,Nuggets,1610612743,Orlando,Magic,1610612753,119,116,1610612743,Regular Season,19641.0,,,235,3
22200652,2023-01-15 19:00:00+00:00,San Antonio,Spurs,1610612759,Sacramento,Kings,1610612758,119,132,1610612758,Regular Season,12339.0,,,251,13
22200651,2023-01-15 18:00:00+00:00,Brooklyn,Nets,1610612751,Oklahoma City,Thunder,1610612760,102,112,1610612760,Regular Season,18165.0,,,214,10
22200650,2023-01-15 15:30:00+00:00,Chicago,Bulls,1610612741,Golden State,Warriors,1610612744,132,118,1610612741,Regular Season,20139.0,,,250,14
22200649,2023-01-15 15:00:00+00:00,Los Angeles,Clippers,1610612746,Houston,Rockets,1610612745,121,100,1610612746,Regular Season,17238.0,,,221,21
22200648,2023-01-15 13:00:00+00:00,Detroit,Pistons,1610612765,New York,Knicks,1610612752,104,117,1610612752,Regular Season,19894.0,,,221,13
22200647,2023-01-14 22:00:00+00:00,Portland,Trail Blazers,1610612757,Dallas,Mavericks,1610612742,136,119,1610612757,Regular Season,19393.0,,,255,17
22200646,2023-01-14 21:00:00+00:00,Utah,Jazz,1610612762,Philadelphia,76ers,1610612755,117,118,1610612755,Regular Season,18206.0,,,235,1
22200645,2023-01-14 20:00:00+00:00,Minnesota,Timberwolves,1610612750,Cleveland,Cavaliers,1610612739,110,102,1610612750,Regular Season,17136.0,,,212,8
22200644,2023-01-14 19:30:00+00:00,Toronto,Raptors,1610612761,Atlanta,Hawks,1610612737,103,114,1610612737,Regular Season,19800.0,,,217,11
22200643,2023-01-14 19:00:00+00:00,Indiana,Pacers,1610612754,Memphis,Grizzlies,1610612763,112,130,1610612763,Regular Season,17274.0,,,242,18
22200642,2023-01-14 19:00:00+00:00,Charlotte,Hornets,1610612766,Boston,Celtics,1610612738,106,122,1610612738,Regular Season,19608.0,,,228,16
22200641,2023-01-14 13:00:00+00:00,Miami,Heat,1610612748,Milwaukee,Bucks,1610612749,111,95,1610612748,Regular Season,19620.0,,,206,16
22200639,2023-01-13 22:00:00+00:00,Los Angeles,Clippers,1610612746,Denver,Nuggets,1610612743,103,115,1610612743,Regular Season,16005.0,,,218,12
22200640,2023-01-13 22:00:00+00:00,Sacramento,Kings,1610612758,Houston,Rockets,1610612745,139,114,1610612758,Regular Season,17894.0,,,253,25
22200638,2023-01-13 21:00:00+00:00,Utah,Jazz,1610612762,Orlando,Magic,1610612753,112,108,1610612762,Regular Season,18206.0,,,220,4
22200636,2023-01-13 20:00:00+00:00,Chicago,Bulls,1610612741,Oklahoma City,Thunder,1610612760,110,124,1610612760,Regular Season,21342.0,,,234,14
22200637,2023-01-13 20:00:00+00:00,Minnesota,Timberwolves,1610612750,Phoenix,Suns,1610612756,121,116,1610612750,Regular Season,16460.0,,,237,5
22200635,2023-01-13 19:30:00+00:00,San Antonio,Spurs,1610612759,Golden State,Warriors,1610612744,113,144,1610612744,Regular Season,68323.0,,,257,31
22200633,2023-01-13 19:00:00+00:00,Indiana,Pacers,1610612754,Atlanta,Hawks,1610612737,111,113,1610612737,Regular Season,16071.0,,,224,2
22200634,2023-01-13 19:00:00+00:00,Washington,Wizards,1610612764,New York,Knicks,1610612752,108,112,1610612752,Regular Season,20476.0,,,220,4
22200632,2023-01-13 19:00:00+00:00,Detroit,Pistons,1610612765,New Orleans,Pelicans,1610612740,110,116,1610612740,Regular Season,18989.0,,,226,6
22200631,2023-01-12 22:00:00+00:00,Portland,Trail Blazers,1610612757,Cleveland,Cavaliers,1610612739,113,119,1610612739,Regular Season,18105.0,,,232,6
22200630,2023-01-12 22:00:00+00:00,Los Angeles,Lakers,1610612747,Dallas,Mavericks,1610612742,115,119,1610612742,Regular Season,18997.0,,,234,4
22200627,2023-01-12 19:30:00+00:00,Brooklyn,Nets,1610612751,Boston,Celtics,1610612738,98,109,1610612738,Regular Season,18125.0,,,207,11
22200628,2023-01-12 19:30:00+00:00,Miami,Heat,1610612748,Milwaukee,Bucks,1610612749,108,102,1610612748,Regular Season,19600.0,,,210,6
22200629,2023-01-12 19:30:00+00:00,Toronto,Raptors,1610612761,Charlotte,Hornets,1610612766,124,114,1610612761,Regular Season,19800.0,,,238,10
22200626,2023-01-12 19:00:00+00:00,Philadelphia,76ers,1610612755,Oklahoma City,Thunder,1610612760,114,133,1610612760,Regular Season,20892.0,,,247,19
22200625,2023-01-11 22:00:00+00:00,Sacramento,Kings,1610612758,Houston,Rockets,1610612745,135,115,1610612758,Regular Season,16057.0,,,250,20
22200624,2023-01-11 22:00:00+00:00,Denver,Nuggets,1610612743,Phoenix,Suns,1610612756,126,97,1610612743,Regular Season,18872.0,,,223,29
22200623,2023-01-11 20:00:00+00:00,Memphis,Grizzlies,1610612763,San Antonio,Spurs,1610612759,135,129,1610612763,Regular Season,16454.0,,,264,6
22200622,2023-01-11 19:30:00+00:00,New York,Knicks,1610612752,Indiana,Pacers,1610612754,119,113,1610612752,Regular Season,18249.0,,,232,6
22200620,2023-01-11 19:30:00+00:00,Atlanta,Hawks,1610612737,Milwaukee,Bucks,1610612749,105,114,1610612749,Regular Season,17154.0,,,219,9
22200621,2023-01-11 19:30:00+00:00,Boston,Celtics,1610612738,New Orleans,Pelicans,1610612740,125,114,1610612738,Regular Season,19156.0,,,239,11
22200619,2023-01-11 19:00:00+00:00,Washington,Wizards,1610612764,Chicago,Bulls,1610612741,100,97,1610612764,Regular Season,17032.0,,,197,3
22200618,2023-01-11 19:00:00+00:00,Detroit,Pistons,1610612765,Minnesota,Timberwolves,1610612750,135,118,1610612765,Regular Season,15906.0,,,253,17
22200617,2023-01-10 22:30:00+00:00,Los Angeles,Clippers,1610612746,Dallas,Mavericks,1610612742,113,101,1610612746,Regular Season,15828.0,,,214,12
22200616,2023-01-10 22:00:00+00:00,Portland,Trail Blazers,1610612757,Orlando,Magic,1610612753,106,109,1610612753,Regular Season,18176.0,,,215,3
22200615,2023-01-10 22:00:00+00:00,Golden State,Warriors,1610612744,Phoenix,Suns,1610612756,113,125,1610612756,Regular Season,18064.0,,,238,12
22200614,2023-01-10 21:00:00+00:00,Utah,Jazz,1610612762,Cleveland,Cavaliers,1610612739,116,114,1610612762,Regular Season,18206.0,,,230,2
22200613,2023-01-10 19:30:00+00:00,Toronto,Raptors,1610612761,Charlotte,Hornets,1610612766,132,120,1610612761,Regular Season,19800.0,,,252,12
22200611,2023-01-10 19:30:00+00:00,Miami,Heat,1610612748,Oklahoma City,Thunder,1610612760,112,111,1610612748,Regular Season,19600.0,,,223,1
22200612,2023-01-10 19:00:00+00:00,Philadelphia,76ers,1610612755,Detroit,Pistons,1610612765,147,116,1610612755,Regular Season,20221.0,,,263,31
22200610,2023-01-09 22:00:00+00:00,Sacramento,Kings,1610612758,Orlando,Magic,1610612753,136,111,1610612758,Regular Season,16499.0,,,247,25
22200609,2023-01-09 21:00:00+00:00,Denver,Nuggets,1610612743,Los Angeles,Lakers,1610612747,122,109,1610612743,Regular Season,19609.0,,,231,13
22200608,2023-01-09 20:00:00+00:00,Memphis,Grizzlies,1610612763,San Antonio,Spurs,1610612759,121,113,1610612763,Regular Season,16013.0,,,234,8
22200606,2023-01-09 19:30:00+00:00,Boston,Celtics,1610612738,Chicago,Bulls,1610612741,107,99,1610612738,Regular Season,19156.0,,,206,8
22200607,2023-01-09 19:30:00+00:00,New York,Knicks,1610612752,Milwaukee,Bucks,1610612749,107,111,1610612749,Regular Season,18167.0,,,218,4
22200605,2023-01-09 19:00:00+00:00,Washington,Wizards,1610612764,New Orleans,Pelicans,1610612740,112,132,1610612740,Regular Season,16223.0,,,244,20
22200604,2023-01-08 21:00:00+00:00,Los Angeles,Clippers,1610612746,Atlanta,Hawks,1610612737,108,112,1610612737,Regular Season,19068.0,,,220,4
22200603,2023-01-08 20:00:00+00:00,Phoenix,Suns,1610612756,Cleveland,Cavaliers,1610612739,98,112,1610612739,Regular Season,17071.0,,,210,14
22200601,2023-01-08 19:00:00+00:00,Houston,Rockets,1610612745,Minnesota,Timberwolves,1610612750,96,104,1610612750,Regular Season,18055.0,,,200,8
22200602,2023-01-08 19:00:00+00:00,Oklahoma City,Thunder,1610612760,Dallas,Mavericks,1610612742,120,109,1610612760,Regular Season,16317.0,,,229,11
22200599,2023-01-08 18:00:00+00:00,Miami,Heat,1610612748,Brooklyn,Nets,1610612751,101,102,1610612751,Regular Season,19901.0,,,203,1
22200600,2023-01-08 18:00:00+00:00,Memphis,Grizzlies,1610612763,Utah,Jazz,1610612762,123,118,1610612763,Regular Season,17794.0,,,241,5
22200598,2023-01-08 17:00:00+00:00,Indiana,Pacers,1610612754,Charlotte,Hornets,1610612766,116,111,1610612754,Regular Season,15805.0,,,227,5
22200597,2023-01-08 15:30:00+00:00,Toronto,Raptors,1610612761,Portland,Trail Blazers,1610612757,117,105,1610612761,Regular Season,19800.0,,,222,12
22200596,2023-01-08 15:00:00+00:00,Detroit,Pistons,1610612765,Philadelphia,76ers,1610612755,111,123,1610612755,Regular Season,18898.0,,,234,12
22200595,2023-01-07 22:00:00+00:00,Sacramento,Kings,1610612758,Los Angeles,Lakers,1610612747,134,136,1610612747,Regular Season,17611.0,,,270,2
22200594,2023-01-07 20:30:00+00:00,Golden State,Warriors,1610612744,Orlando,Magic,1610612753,101,115,1610612753,Regular Season,18064.0,,,216,14
22200592,2023-01-07 20:00:00+00:00,Chicago,Bulls,1610612741,Utah,Jazz,1610612762,126,118,1610612741,Regular Season,21694.0,,,244,8
22200593,2023-01-07 20:00:00+00:00,Dallas,Mavericks,1610612742,New Orleans,Pelicans,1610612740,127,117,1610612742,Regular Season,20300.0,,,244,10
22200591,2023-01-07 18:00:00+00:00,San Antonio,Spurs,1610612759,Boston,Celtics,1610612738,116,121,1610612738,Regular Season,18354.0,,,237,5
22200590,2023-01-06 22:30:00+00:00,Los Angeles,Lakers,1610612747,Atlanta,Hawks,1610612737,130,114,1610612747,Regular Season,18997.0,,,244,16
22200589,2023-01-06 22:00:00+00:00,Phoenix,Suns,1610612756,Miami,Heat,1610612748,96,104,1610612748,Regular Season,17071.0,,,200,8
22200588,2023-01-06 21:00:00+00:00,Denver,Nuggets,1610612743,Cleveland,Cavaliers,1610612739,121,108,1610612743,Regular Season,19638.0,,,229,13
22200587,2023-01-06 21:00:00+00:00,Minnesota,Timberwolves,1610612750,Los Angeles,Clippers,1610612746,128,115,1610612750,Regular Season,17136.0,,,243,13
22200583,2023-01-06 20:00:00+00:00,Milwaukee,Bucks,1610612749,Charlotte,Hornets,1610612766,109,138,1610612766,Regular Season,17627.0,,,247,29
22200584,2023-01-06 20:00:00+00:00,Oklahoma City,Thunder,1610612760,Washington,Wizards,1610612764,127,110,1610612760,Regular Season,14790.0,,,237,17
22200585,2023-01-06 20:00:00+00:00,San Antonio,Spurs,1610612759,Detroit,Pistons,1610612765,121,109,1610612759,Regular Season,13107.0,,,230,12
22200586,2023-01-06 19:30:00+00:00,New Orleans,Pelicans,1610612740,Brooklyn,Nets,1610612751,102,108,1610612751,Regular Season,18636.0,,,210,6
22200582,2023-01-06 19:30:00+00:00,Toronto,Raptors,1610612761,New York,Knicks,1610612752,108,112,1610612752,Regular Season,19800.0,,,220,4
22200580,2023-01-06 19:00:00+00:00,Indiana,Pacers,1610612754,Portland,Trail Blazers,1610612757,108,99,1610612754,Regular Season,16548.0,,,207,9
22200581,2023-01-06 19:00:00+00:00,Philadelphia,76ers,1610612755,Chicago,Bulls,1610612741,112,126,1610612741,Regular Season,20766.0,,,238,14
22200579,2023-01-05 22:00:00+00:00,Denver,Nuggets,1610612743,Los Angeles,Clippers,1610612746,122,91,1610612743,Regular Season,19087.0,,,213,31
22200578,2023-01-05 20:00:00+00:00,Houston,Rockets,1610612745,Utah,Jazz,1610612762,114,131,1610612762,Regular Season,16320.0,,,245,17
22200577,2023-01-05 19:30:00+00:00,Dallas,Mavericks,1610612742,Boston,Celtics,1610612738,95,124,1610612738,Regular Season,20413.0,,,219,29
22200576,2023-01-05 19:00:00+00:00,Orlando,Magic,1610612753,Memphis,Grizzlies,1610612763,115,123,1610612763,Regular Season,19184.0,,,238,8
22200573,2023-01-04 22:00:00+00:00,Golden State,Warriors,1610612744,Detroit,Pistons,1610612765,119,122,1610612765,Regular Season,18064.0,,,241,3
22200575,2023-01-04 22:00:00+00:00,Sacramento,Kings,1610612758,Atlanta,Hawks,1610612737,117,120,1610612737,Regular Season,17611.0,,,237,3
22200574,2023-01-04 22:00:00+00:00,Los Angeles,Lakers,1610612747,Miami,Heat,1610612748,112,109,1610612747,Regular Season,18997.0,,,221,3
22200572,2023-01-04 20:00:00+00:00,New Orleans,Pelicans,1610612740,Houston,Rockets,1610612745,119,108,1610612740,Regular Season,17295.0,,,227,11
22200571,2023-01-04 20:00:00+00:00,Minnesota,Timberwolves,1610612750,Portland,Trail Blazers,1610612757,113,106,1610612750,Regular Season,15434.0,,,219,7
22200570,2023-01-04 20:00:00+00:00,Chicago,Bulls,1610612741,Brooklyn,Nets,1610612751,121,112,1610612741,Regular Season,21418.0,,,233,9
22200569,2023-01-04 19:30:00+00:00,Toronto,Raptors,1610612761,Milwaukee,Bucks,1610612749,101,104,1610612749,Regular Season,19800.0,,,205,3
22200568,2023-01-04 19:30:00+00:00,New York,Knicks,1610612752,San Antonio,Spurs,1610612759,117,114,1610612752,Regular Season,19812.0,,,231,3
22200567,2023-01-04 19:00:00+00:00,Philadelphia,76ers,1610612755,Indiana,Pacers,1610612754,129,126,1610612755,Regular Season,20033.0,,,255,3
22200564,2023-01-04 19:00:00+00:00,Charlotte,Hornets,1610612766,Memphis,Grizzlies,1610612763,107,131,1610612763,Regular Season,19249.0,,,238,24
22200565,2023-01-04 19:00:00+00:00,Cleveland,Cavaliers,1610612739,Phoenix,Suns,1610612756,90,88,1610612739,Regular Season,19432.0,,,178,2
22200566,2023-01-04 19:00:00+00:00,Orlando,Magic,1610612753,Oklahoma City,Thunder,1610612760,126,115,1610612753,Regular Season,18925.0,,,241,11
22200563,2023-01-03 21:00:00+00:00,Utah,Jazz,1610612762,Sacramento,Kings,1610612758,115,117,1610612758,Regular Season,18206.0,,,232,2
22200561,2023-01-03 20:00:00+00:00,Milwaukee,Bucks,1610612749,Washington,Wizards,1610612764,123,113,1610612749,Regular Season,17341.0,,,236,10
22200562,2023-01-03 20:00:00+00:00,Oklahoma City,Thunder,1610612760,Boston,Celtics,1610612738,150,117,1610612760,Regular Season,16778.0,,,267,33
22200560,2023-01-02 22:30:00+00:00,Los Angeles,Clippers,1610612746,Miami,Heat,1610612748,100,110,1610612748,Regular Season,19068.0,,,210,10
22200558,2023-01-02 22:00:00+00:00,Golden State,Warriors,1610612744,Atlanta,Hawks,1610612737,143,141,1610612744,Regular Season,18064.0,,,284,2
22200559,2023-01-02 22:00:00+00:00,Portland,Trail Blazers,1610612757,Detroit,Pistons,1610612765,135,106,1610612757,Regular Season,19393.0,,,241,29
22200556,2023-01-02 20:00:00+00:00,Houston,Rockets,1610612745,Dallas,Mavericks,1610612742,106,111,1610612742,Regular Season,18055.0,,,217,5
22200557,2023-01-02 20:00:00+00:00,Minnesota,Timberwolves,1610612750,Denver,Nuggets,1610612743,124,111,1610612750,Regular Season,15962.0,,,235,13
22200555,2023-01-02 19:30:00+00:00,Brooklyn,Nets,1610612751,San Antonio,Spurs,1610612759,139,103,1610612751,Regular Season,18224.0,,,242,36
22200552,2023-01-02 19:00:00+00:00,Cleveland,Cavaliers,1610612739,Chicago,Bulls,1610612741,145,134,1610612739,Regular Season,19432.0,,,279,11
22200553,2023-01-02 19:00:00+00:00,Indiana,Pacers,1610612754,Toronto,Raptors,1610612761,122,114,1610612754,Regular Season,14054.0,,,236,8
22200551,2023-01-02 19:00:00+00:00,Charlotte,Hornets,1610612766,Los Angeles,Lakers,1610612747,115,121,1610612747,Regular Season,19210.0,,,236,6
22200554,2023-01-02 19:00:00+00:00,Philadelphia,76ers,1610612755,New Orleans,Pelicans,1610612740,120,111,1610612755,Regular Season,20531.0,,,231,9
22200550,2023-01-02 15:00:00+00:00,New York,Knicks,1610612752,Phoenix,Suns,1610612756,102,83,1610612752,Regular Season,19812.0,,,185,19
22200548,2023-01-01 20:00:00+00:00,Milwaukee,Bucks,1610612749,Washington,Wizards,1610612764,95,118,1610612764,Regular Season,17341.0,,,213,23
22200547,2023-01-01 20:00:00+00:00,Memphis,Grizzlies,1610612763,Sacramento,Kings,1610612758,118,108,1610612763,Regular Season,17794.0,,,226,10
22200549,2023-01-01 20:00:00+00:00,Denver,Nuggets,1610612743,Boston,Celtics,1610612738,123,111,1610612743,Regular Season,19641.0,,,234,12
22200546,2022-12-31 21:00:00+00:00,Utah,Jazz,1610612762,Miami,Heat,1610612748,123,126,1610612748,Regular Season,18206.0,,,249,3
22200544,2022-12-31 20:00:00+00:00,Minnesota,Timberwolves,1610612750,Detroit,Pistons,1610612765,104,116,1610612765,Regular Season,16233.0,,,220,12
22200543,2022-12-31 20:00:00+00:00,Memphis,Grizzlies,1610612763,New Orleans,Pelicans,1610612740,116,101,1610612763,Regular Season,17951.0,,,217,15
22200545,2022-12-31 20:00:00+00:00,Oklahoma City,Thunder,1610612760,Philadelphia,76ers,1610612755,96,115,1610612755,Regular Season,17147.0,,,211,19
22200540,2022-12-31 19:00:00+00:00,Chicago,Bulls,1610612741,Cleveland,Cavaliers,1610612739,102,103,1610612739,Regular Season,21524.0,,,205,1
22200542,2022-12-31 19:00:00+00:00,San Antonio,Spurs,1610612759,Dallas,Mavericks,1610612742,125,126,1610612742,Regular Season,18354.0,,,251,1
22200541,2022-12-31 19:00:00+00:00,Houston,Rockets,1610612745,New York,Knicks,1610612752,88,108,1610612752,Regular Season,18055.0,,,196,20
22200539,2022-12-31 19:00:00+00:00,Charlotte,Hornets,1610612766,Brooklyn,Nets,1610612751,106,123,1610612751,Regular Season,19386.0,,,229,17
22200538,2022-12-31 15:00:00+00:00,Indiana,Pacers,1610612754,Los Angeles,Clippers,1610612746,131,130,1610612754,Regular Season,16731.0,,,261,1
22200536,2022-12-30 22:00:00+00:00,Golden State,Warriors,1610612744,Portland,Trail Blazers,1610612757,118,112,1610612744,Regular Season,18064.0,,,230,6
22200537,2022-12-30 22:00:00+00:00,Sacramento,Kings,1610612758,Utah,Jazz,1610612762,126,125,1610612758,Regular Season,17946.0,,,251,1
22200535,2022-12-30 21:00:00+00:00,Denver,Nuggets,1610612743,Miami,Heat,1610612748,124,119,1610612743,Regular Season,19638.0,,,243,5
22200534,2022-12-30 20:30:00+00:00,New Orleans,Pelicans,1610612740,Philadelphia,76ers,1610612755,127,116,1610612740,Regular Season,18656.0,,,243,11
22200533,2022-12-30 20:00:00+00:00,Milwaukee,Bucks,1610612749,Minnesota,Timberwolves,1610612750,123,114,1610612749,Regular Season,18018.0,,,237,9
22200532,2022-12-30 20:00:00+00:00,Chicago,Bulls,1610612741,Detroit,Pistons,1610612765,132,118,1610612741,Regular Season,21667.0,,,250,14
22200531,2022-12-30 19:30:00+00:00,Toronto,Raptors,1610612761,Phoenix,Suns,1610612756,113,104,1610612761,Regular Season,19800.0,,,217,9
22200530,2022-12-30 19:30:00+00:00,Atlanta,Hawks,1610612737,Los Angeles,Lakers,1610612747,121,130,1610612747,Regular Season,17984.0,,,251,9
22200529,2022-12-30 19:00:00+00:00,Orlando,Magic,1610612753,Washington,Wizards,1610612764,100,119,1610612764,Regular Season,19040.0,,,219,19
22200528,2022-12-29 20:30:00+00:00,Dallas,Mavericks,1610612742,Houston,Rockets,1610612745,129,114,1610612742,Regular Season,20307.0,,,243,15
22200527,2022-12-29 20:00:00+00:00,San Antonio,Spurs,1610612759,New York,Knicks,1610612752,122,115,1610612759,Regular Season,18354.0,,,237,7
22200525,2022-12-29 19:30:00+00:00,Boston,Celtics,1610612738,Los Angeles,Clippers,1610612746,116,110,1610612738,Regular Season,19156.0,,,226,6
22200526,2022-12-29 19:30:00+00:00,Toronto,Raptors,1610612761,Memphis,Grizzlies,1610612763,106,119,1610612763,Regular Season,19800.0,,,225,13
22200523,2022-12-29 19:00:00+00:00,Charlotte,Hornets,1610612766,Oklahoma City,Thunder,1610612760,121,113,1610612766,Regular Season,19425.0,,,234,8
22200524,2022-12-29 19:00:00+00:00,Indiana,Pacers,1610612754,Cleveland,Cavaliers,1610612739,135,126,1610612754,Regular Season,17274.0,,,261,9
22200522,2022-12-28 22:00:00+00:00,Sacramento,Kings,1610612758,Denver,Nuggets,1610612743,127,126,1610612758,Regular Season,17985.0,,,253,1
22200521,2022-12-28 22:00:00+00:00,Golden State,Warriors,1610612744,Utah,Jazz,1610612762,112,107,1610612744,Regular Season,18064.0,,,219,5
22200519,2022-12-28 20:00:00+00:00,Chicago,Bulls,1610612741,Milwaukee,Bucks,1610612749,119,113,1610612741,Regular Season,21537.0,,,232,6
22200520,2022-12-28 20:00:00+00:00,New Orleans,Pelicans,1610612740,Minnesota,Timberwolves,1610612750,119,118,1610612740,Regular Season,18669.0,,,237,1
22200517,2022-12-28 19:30:00+00:00,Atlanta,Hawks,1610612737,Brooklyn,Nets,1610612751,107,108,1610612751,Regular Season,18030.0,,,215,1
22200518,2022-12-28 19:30:00+00:00,Miami,Heat,1610612748,Los Angeles,Lakers,1610612747,112,98,1610612748,Regular Season,20221.0,,,210,14
22200515,2022-12-28 19:00:00+00:00,Detroit,Pistons,1610612765,Orlando,Magic,1610612753,121,101,1610612765,Regular Season,20190.0,,,222,20
22200516,2022-12-28 19:00:00+00:00,Washington,Wizards,1610612764,Phoenix,Suns,1610612756,127,102,1610612764,Regular Season,20476.0,,,229,25
22200514,2022-12-27 22:00:00+00:00,Sacramento,Kings,1610612758,Denver,Nuggets,1610612743,106,113,1610612743,Regular Season,17937.0,,,219,7
22200513,2022-12-27 22:00:00+00:00,Golden State,Warriors,1610612744,Charlotte,Hornets,1610612766,110,105,1610612744,Regular Season,18064.0,,,215,5
22200512,2022-12-27 20:30:00+00:00,Dallas,Mavericks,1610612742,New York,Knicks,1610612752,126,121,1610612742,Regular Season,20377.0,,,247,5
22200510,2022-12-27 20:00:00+00:00,Memphis,Grizzlies,1610612763,Phoenix,Suns,1610612756,108,125,1610612756,Regular Season,18239.0,,,233,17
22200511,2022-12-27 20:00:00+00:00,Oklahoma City,Thunder,1610612760,San Antonio,Spurs,1610612759,130,114,1610612760,Regular Season,16229.0,,,244,16
22200508,2022-12-27 19:30:00+00:00,Indiana,Pacers,1610612754,Atlanta,Hawks,1610612737,129,114,1610612754,Regular Season,16738.0,,,243,15
22200509,2022-12-27 19:30:00+00:00,Toronto,Raptors,1610612761,Los Angeles,Clippers,1610612746,113,124,1610612746,Regular Season,19800.0,,,237,11
22200507,2022-12-27 19:30:00+00:00,Boston,Celtics,1610612738,Houston,Rockets,1610612745,126,102,1610612738,Regular Season,19156.0,,,228,24
22200505,2022-12-27 19:00:00+00:00,Orlando,Magic,1610612753,Los Angeles,Lakers,1610612747,110,129,1610612747,Regular Season,19482.0,,,239,19
22200506,2022-12-27 19:00:00+00:00,Washington,Wizards,1610612764,Philadelphia,76ers,1610612755,116,111,1610612764,Regular Season,20476.0,,,227,5
22200504,2022-12-26 22:00:00+00:00,Portland,Trail Blazers,1610612757,Charlotte,Hornets,1610612766,124,113,1610612757,Regular Season,19530.0,,,237,11
22200502,2022-12-26 20:00:00+00:00,New Orleans,Pelicans,1610612740,Indiana,Pacers,1610612754,113,93,1610612740,Regular Season,18636.0,,,206,20
22200503,2022-12-26 20:00:00+00:00,San Antonio,Spurs,1610612759,Utah,Jazz,1610612762,126,122,1610612759,Regular Season,16351.0,,,248,4
22200501,2022-12-26 20:00:00+00:00,Chicago,Bulls,1610612741,Houston,Rockets,1610612745,118,133,1610612745,Regular Season,21561.0,,,251,15
22200500,2022-12-26 19:30:00+00:00,Miami,Heat,1610612748,Minnesota,Timberwolves,1610612750,113,110,1610612748,Regular Season,19911.0,,,223,3
22200498,2022-12-26 19:00:00+00:00,Cleveland,Cavaliers,1610612739,Brooklyn,Nets,1610612751,117,125,1610612751,Regular Season,19432.0,,,242,8
22200499,2022-12-26 19:00:00+00:00,Detroit,Pistons,1610612765,Los Angeles,Clippers,1610612746,131,142,1610612746,Regular Season,20190.0,,,273,11
22200497,2022-12-25 22:30:00+00:00,Denver,Nuggets,1610612743,Phoenix,Suns,1610612756,128,125,1610612743,Regular Season,19642.0,,,253,3
22200496,2022-12-25 20:00:00+00:00,Golden State,Warriors,1610612744,Memphis,Grizzlies,1610612763,123,109,1610612744,Regular Season,18064.0,,,232,14
22200495,2022-12-25 17:00:00+00:00,Boston,Celtics,1610612738,Milwaukee,Bucks,1610612749,139,118,1610612738,Regular Season,19156.0,,,257,21
22200494,2022-12-25 14:30:00+00:00,Dallas,Mavericks,1610612742,Los Angeles,Lakers,1610612747,124,115,1610612742,Regular Season,20441.0,,,239,9
22200493,2022-12-25 12:00:00+00:00,New York,Knicks,1610612752,Philadelphia,76ers,1610612755,112,119,1610612755,Regular Season,19812.0,,,231,7
22200492,2022-12-23 22:30:00+00:00,Los Angeles,Lakers,1610612747,Charlotte,Hornets,1610612766,130,134,1610612766,Regular Season,18997.0,,,264,4
22200491,2022-12-23 22:00:00+00:00,Sacramento,Kings,1610612758,Washington,Wizards,1610612764,111,125,1610612764,Regular Season,17894.0,,,236,14
22200490,2022-12-23 22:00:00+00:00,Phoenix,Suns,1610612756,Memphis,Grizzlies,1610612763,100,125,1610612763,Regular Season,17071.0,,,225,25
22200489,2022-12-23 21:00:00+00:00,Denver,Nuggets,1610612743,Portland,Trail Blazers,1610612757,120,107,1610612743,Regular Season,19619.0,,,227,13
22200487,2022-12-23 20:00:00+00:00,Houston,Rockets,1610612745,Dallas,Mavericks,1610612742,106,112,1610612742,Regular Season,16989.0,,,218,6
22200486,2022-12-23 20:00:00+00:00,Miami,Heat,1610612748,Indiana,Pacers,1610612754,108,111,1610612754,Regular Season,19600.0,,,219,3
22200488,2022-12-23 20:00:00+00:00,Oklahoma City,Thunder,1610612760,New Orleans,Pelicans,1610612740,125,128,1610612740,Regular Season,15214.0,,,253,3
22200482,2022-12-23 19:30:00+00:00,Boston,Celtics,1610612738,Minnesota,Timberwolves,1610612750,121,109,1610612738,Regular Season,19156.0,,,230,12
22200484,2022-12-23 19:30:00+00:00,Cleveland,Cavaliers,1610612739,Toronto,Raptors,1610612761,107,118,1610612761,Regular Season,19432.0,,,225,11
22200481,2022-12-23 19:30:00+00:00,Atlanta,Hawks,1610612737,Detroit,Pistons,1610612765,130,105,1610612737,Regular Season,17028.0,,,235,25
22200483,2022-12-23 19:30:00+00:00,Brooklyn,Nets,1610612751,Milwaukee,Bucks,1610612749,118,100,1610612751,Regular Season,18169.0,,,218,18
22200485,2022-12-23 19:30:00+00:00,New York,Knicks,1610612752,Chicago,Bulls,1610612741,117,118,1610612741,Regular Season,19812.0,,,235,1
22200479,2022-12-23 19:00:00+00:00,Orlando,Magic,1610612753,San Antonio,Spurs,1610612759,133,113,1610612753,Regular Season,18425.0,,,246,20
22200480,2022-12-23 19:00:00+00:00,Philadelphia,76ers,1610612755,Los Angeles,Clippers,1610612746,119,114,1610612755,Regular Season,19996.0,,,233,5
22200478,2022-12-22 21:00:00+00:00,Utah,Jazz,1610612762,Washington,Wizards,1610612764,120,112,1610612762,Regular Season,18206.0,,,232,8
22200477,2022-12-22 20:00:00+00:00,New Orleans,Pelicans,1610612740,San Antonio,Spurs,1610612759,126,117,1610612740,Regular Season,16417.0,,,243,9
22200476,2022-12-21 22:30:00+00:00,Los Angeles,Clippers,1610612746,Charlotte,Hornets,1610612766,126,105,1610612746,Regular Season,19068.0,,,231,21
22200475,2022-12-21 22:00:00+00:00,Sacramento,Kings,1610612758,Los Angeles,Lakers,1610612747,134,120,1610612758,Regular Season,17611.0,,,254,14
22200473,2022-12-21 20:00:00+00:00,Minnesota,Timberwolves,1610612750,Dallas,Mavericks,1610612742,99,104,1610612742,Regular Season,16164.0,,,203,5
22200472,2022-12-21 20:00:00+00:00,Houston,Rockets,1610612745,Orlando,Magic,1610612753,110,116,1610612753,Regular Season,15965.0,,,226,6
22200474,2022-12-21 20:00:00+00:00,Oklahoma City,Thunder,1610612760,Portland,Trail Blazers,1610612757,101,98,1610612760,Regular Season,15107.0,,,199,3
22200470,2022-12-21 19:30:00+00:00,Brooklyn,Nets,1610612751,Golden State,Warriors,1610612744,143,113,1610612751,Regular Season,18026.0,,,256,30
22200468,2022-12-21 19:30:00+00:00,Atlanta,Hawks,1610612737,Chicago,Bulls,1610612741,108,110,1610612741,Regular Season,17226.0,,,218,2
22200471,2022-12-21 19:30:00+00:00,New York,Knicks,1610612752,Toronto,Raptors,1610612761,106,113,1610612761,Regular Season,19294.0,,,219,7
22200469,2022-12-21 19:30:00+00:00,Boston,Celtics,1610612738,Indiana,Pacers,1610612754,112,117,1610612754,Regular Season,19156.0,,,229,5
22200467,2022-12-21 19:00:00+00:00,Philadelphia,76ers,1610612755,Detroit,Pistons,1610612765,113,93,1610612755,Regular Season,20615.0,,,206,20
22200466,2022-12-21 19:00:00+00:00,Cleveland,Cavaliers,1610612739,Milwaukee,Bucks,1610612749,114,106,1610612739,Regular Season,19432.0,,,220,8
22200465,2022-12-20 22:00:00+00:00,Denver,Nuggets,1610612743,Memphis,Grizzlies,1610612763,105,91,1610612743,Regular Season,19605.0,,,196,14
22200464,2022-12-20 21:00:00+00:00,Phoenix,Suns,1610612756,Washington,Wizards,1610612764,110,113,1610612764,Regular Season,17071.0,,,223,3
22200463,2022-12-20 19:30:00+00:00,New York,Knicks,1610612752,Golden State,Warriors,1610612744,132,94,1610612752,Regular Season,19812.0,,,226,38
22200462,2022-12-20 19:30:00+00:00,Miami,Heat,1610612748,Chicago,Bulls,1610612741,103,113,1610612741,Regular Season,19969.0,,,216,10
22200461,2022-12-20 19:00:00+00:00,Detroit,Pistons,1610612765,Utah,Jazz,1610612762,111,126,1610612762,Regular Season,15622.0,,,237,15
22200460,2022-12-19 22:00:00+00:00,Sacramento,Kings,1610612758,Charlotte,Hornets,1610612766,119,125,1610612766,Regular Season,17803.0,,,244,6
22200459,2022-12-19 21:00:00+00:00,Phoenix,Suns,1610612756,Los Angeles,Lakers,1610612747,130,104,1610612756,Regular Season,17071.0,,,234,26
22200458,2022-12-19 20:00:00+00:00,Oklahoma City,Thunder,1610612760,Portland,Trail Blazers,1610612757,123,121,1610612760,Regular Season,14672.0,,,244,2
22200455,2022-12-19 20:00:00+00:00,Houston,Rockets,1610612745,San Antonio,Spurs,1610612759,105,124,1610612759,Regular Season,15928.0,,,229,19
22200456,2022-12-19 20:00:00+00:00,Minnesota,Timberwolves,1610612750,Dallas,Mavericks,1610612742,116,106,1610612750,Regular Season,16627.0,,,222,10
22200457,2022-12-19 20:00:00+00:00,New Orleans,Pelicans,1610612740,Milwaukee,Bucks,1610612749,119,128,1610612749,Regular Season,18271.0,,,247,9
22200454,2022-12-19 19:30:00+00:00,Atlanta,Hawks,1610612737,Orlando,Magic,1610612753,126,125,1610612737,Regular Season,17809.0,,,251,1
22200452,2022-12-19 19:00:00+00:00,Cleveland,Cavaliers,1610612739,Utah,Jazz,1610612762,122,99,1610612739,Regular Season,19432.0,,,221,23
22200453,2022-12-19 19:00:00+00:00,Philadelphia,76ers,1610612755,Toronto,Raptors,1610612761,104,101,1610612755,Regular Season,20408.0,,,205,3
22200451,2022-12-18 21:30:00+00:00,Los Angeles,Lakers,1610612747,Washington,Wizards,1610612764,119,117,1610612747,Regular Season,18153.0,,,236,2
22200450,2022-12-18 20:00:00+00:00,Denver,Nuggets,1610612743,Charlotte,Hornets,1610612766,119,115,1610612743,Regular Season,19235.0,,,234,4
22200449,2022-12-18 19:00:00+00:00,Minnesota,Timberwolves,1610612750,Chicago,Bulls,1610612741,150,126,1610612750,Regular Season,16294.0,,,276,24
22200447,2022-12-18 18:00:00+00:00,Detroit,Pistons,1610612765,Brooklyn,Nets,1610612751,121,124,1610612751,Regular Season,19488.0,,,245,3
22200448,2022-12-18 18:00:00+00:00,Toronto,Raptors,1610612761,Golden State,Warriors,1610612744,110,126,1610612744,Regular Season,19800.0,,,236,16
22200446,2022-12-18 17:00:00+00:00,Indiana,Pacers,1610612754,New York,Knicks,1610612752,106,109,1610612752,Regular Season,14513.0,,,215,3
22200445,2022-12-18 15:00:00+00:00,Boston,Celtics,1610612738,Orlando,Magic,1610612753,92,95,1610612753,Regular Season,19156.0,,,187,3
22200444,2022-12-17 21:00:00+00:00,Phoenix,Suns,1610612756,New Orleans,Pelicans,1610612740,118,114,1610612756,Regular Season,17071.0,,,232,4
22200440,2022-12-17 20:00:00+00:00,Cleveland,Cavaliers,1610612739,Dallas,Mavericks,1610612742,100,99,1610612739,Regular Season,19432.0,,,199,1
22200441,2022-12-17 20:00:00+00:00,Houston,Rockets,1610612745,Portland,Trail Blazers,1610612757,95,107,1610612757,Regular Season,16217.0,,,202,12
22200443,2022-12-17 20:00:00+00:00,Oklahoma City,Thunder,1610612760,Memphis,Grizzlies,1610612763,115,109,1610612760,Regular Season,16895.0,,,224,6
22200442,2022-12-17 20:00:00+00:00,Milwaukee,Bucks,1610612749,Utah,Jazz,1610612762,123,97,1610612749,Regular Season,17587.0,,,220,26
22200439,2022-12-17 17:00:00+00:00,San Antonio,Spurs,1610612759,Miami,Heat,1610612748,101,111,1610612748,Regular Season,20160.0,,,212,10
22200438,2022-12-17 16:00:00+00:00,Los Angeles,Clippers,1610612746,Washington,Wizards,1610612764,102,93,1610612746,Regular Season,15018.0,,,195,9
22200437,2022-12-16 22:00:00+00:00,Los Angeles,Lakers,1610612747,Denver,Nuggets,1610612743,126,108,1610612747,Regular Season,18505.0,,,234,18
22200436,2022-12-16 20:30:00+00:00,Dallas,Mavericks,1610612742,Portland,Trail Blazers,1610612757,130,110,1610612742,Regular Season,20191.0,,,240,20
22200435,2022-12-16 20:00:00+00:00,Oklahoma City,Thunder,1610612760,Minnesota,Timberwolves,1610612750,110,112,1610612750,Regular Season,14885.0,,,222,2
22200434,2022-12-16 20:00:00+00:00,Chicago,Bulls,1610612741,New York,Knicks,1610612752,91,114,1610612752,Regular Season,19661.0,,,205,23
22200430,2022-12-16 19:30:00+00:00,Boston,Celtics,1610612738,Orlando,Magic,1610612753,109,117,1610612753,Regular Season,19156.0,,,226,8
22200433,2022-12-16 19:30:00+00:00,Toronto,Raptors,1610612761,Brooklyn,Nets,1610612751,116,119,1610612751,Regular Season,19800.0,,,235,3
22200431,2022-12-16 19:30:00+00:00,Cleveland,Cavaliers,1610612739,Indiana,Pacers,1610612754,118,112,1610612739,Regular Season,19432.0,,,230,6
22200432,2022-12-16 19:30:00+00:00,Philadelphia,76ers,1610612755,Golden State,Warriors,1610612744,118,106,1610612755,Regular Season,20567.0,,,224,12
22200429,2022-12-16 19:00:00+00:00,Detroit,Pistons,1610612765,Sacramento,Kings,1610612758,113,122,1610612758,Regular Season,17892.0,,,235,9
22200428,2022-12-16 19:00:00+00:00,Charlotte,Hornets,1610612766,Atlanta,Hawks,1610612737,106,125,1610612737,Regular Season,17772.0,,,231,19
22200427,2022-12-15 22:30:00+00:00,Los Angeles,Clippers,1610612746,Phoenix,Suns,1610612756,95,111,1610612756,Regular Season,15778.0,,,206,16
22200426,2022-12-15 21:00:00+00:00,Utah,Jazz,1610612762,New Orleans,Pelicans,1610612740,132,129,1610612762,Regular Season,18206.0,,,261,3
22200425,2022-12-15 20:00:00+00:00,Memphis,Grizzlies,1610612763,Milwaukee,Bucks,1610612749,142,101,1610612763,Regular Season,17794.0,,,243,41
22200424,2022-12-15 20:00:00+00:00,Houston,Rockets,1610612745,Miami,Heat,1610612748,108,111,1610612748,Regular Season,16210.0,,,219,3
22200423,2022-12-14 22:00:00+00:00,Los Angeles,Clippers,1610612746,Minnesota,Timberwolves,1610612750,99,88,1610612746,Regular Season,14063.0,,,187,11
22200422,2022-12-14 21:00:00+00:00,Denver,Nuggets,1610612743,Washington,Wizards,1610612764,141,128,1610612743,Regular Season,19550.0,,,269,13
22200421,2022-12-14 21:00:00+00:00,Dallas,Mavericks,1610612742,Cleveland,Cavaliers,1610612739,90,105,1610612739,Regular Season,20093.0,,,195,15
22200419,2022-12-14 20:00:00+00:00,Oklahoma City,Thunder,1610612760,Miami,Heat,1610612748,108,110,1610612748,Regular Season,14783.0,,,218,2
22200420,2022-12-14 20:00:00+00:00,San Antonio,Spurs,1610612759,Portland,Trail Blazers,1610612757,112,128,1610612757,Regular Season,13657.0,,,240,16
22200417,2022-12-14 19:30:00+00:00,Toronto,Raptors,1610612761,Sacramento,Kings,1610612758,123,124,1610612758,Regular Season,19800.0,,,247,1
22200418,2022-12-14 19:30:00+00:00,Chicago,Bulls,1610612741,New York,Knicks,1610612752,120,128,1610612752,Regular Season,18820.0,,,248,8
22200414,2022-12-14 19:00:00+00:00,Charlotte,Hornets,1610612766,Detroit,Pistons,1610612765,134,141,1610612765,Regular Season,14303.0,,,275,7
22200416,2022-12-14 19:00:00+00:00,Orlando,Magic,1610612753,Atlanta,Hawks,1610612737,135,124,1610612753,Regular Season,16002.0,,,259,11
22200415,2022-12-14 19:00:00+00:00,Indiana,Pacers,1610612754,Golden State,Warriors,1610612744,125,119,1610612754,Regular Season,15069.0,,,244,6
22200413,2022-12-13 22:00:00+00:00,Los Angeles,Lakers,1610612747,Boston,Celtics,1610612738,118,122,1610612738,Regular Season,18661.0,,,240,4
22200412,2022-12-13 21:00:00+00:00,Utah,Jazz,1610612762,New Orleans,Pelicans,1610612740,121,100,1610612762,Regular Season,18206.0,,,221,21
22200411,2022-12-13 20:00:00+00:00,Houston,Rockets,1610612745,Phoenix,Suns,1610612756,111,97,1610612745,Regular Season,15128.0,,,208,14
22200410,2022-12-13 19:30:00+00:00,Milwaukee,Bucks,1610612749,Golden State,Warriors,1610612744,128,111,1610612749,Regular Season,17628.0,,,239,17
22200409,2022-12-13 19:00:00+00:00,Philadelphia,76ers,1610612755,Sacramento,Kings,1610612758,123,103,1610612755,Regular Season,19768.0,,,226,20
22200408,2022-12-12 22:30:00+00:00,Los Angeles,Clippers,1610612746,Boston,Celtics,1610612738,113,93,1610612746,Regular Season,19068.0,,,206,20
22200407,2022-12-12 22:00:00+00:00,Portland,Trail Blazers,1610612757,Minnesota,Timberwolves,1610612750,133,112,1610612757,Regular Season,18021.0,,,245,21
22200406,2022-12-12 20:30:00+00:00,San Antonio,Spurs,1610612759,Cleveland,Cavaliers,1610612739,112,111,1610612759,Regular Season,13434.0,,,223,1
22200405,2022-12-12 20:30:00+00:00,Dallas,Mavericks,1610612742,Oklahoma City,Thunder,1610612760,121,114,1610612742,Regular Season,19877.0,,,235,7
22200404,2022-12-12 20:00:00+00:00,Memphis,Grizzlies,1610612763,Atlanta,Hawks,1610612737,128,103,1610612763,Regular Season,16544.0,,,231,25
22200403,2022-12-12 19:00:00+00:00,Washington,Wizards,1610612764,Brooklyn,Nets,1610612751,100,112,1610612751,Regular Season,16090.0,,,212,12
22200402,2022-12-12 19:00:00+00:00,Indiana,Pacers,1610612754,Miami,Heat,1610612748,82,87,1610612748,Regular Season,15309.0,,,169,5
22200401,2022-12-11 19:00:00+00:00,Houston,Rockets,1610612745,Milwaukee,Bucks,1610612749,97,92,1610612745,Regular Season,16268.0,,,189,5
22200400,2022-12-11 18:30:00+00:00,Atlanta,Hawks,1610612737,Chicago,Bulls,1610612741,123,122,1610612737,Regular Season,17227.0,,,245,1
22200398,2022-12-11 18:00:00+00:00,Orlando,Magic,1610612753,Toronto,Raptors,1610612761,111,99,1610612753,Regular Season,16891.0,,,210,12
22200399,2022-12-11 18:00:00+00:00,Philadelphia,76ers,1610612755,Charlotte,Hornets,1610612766,131,113,1610612755,Regular Season,19765.0,,,244,18
22200397,2022-12-11 18:00:00+00:00,New York,Knicks,1610612752,Sacramento,Kings,1610612758,112,99,1610612752,Regular Season,19812.0,,,211,13
22200396,2022-12-11 18:00:00+00:00,Detroit,Pistons,1610612765,Los Angeles,Lakers,1610612747,117,124,1610612747,Regular Season,20190.0,,,241,7
22200395,2022-12-11 15:30:00+00:00,New Orleans,Pelicans,1610612740,Phoenix,Suns,1610612756,129,124,1610612740,Regular Season,18681.0,,,253,5
22200394,2022-12-10 22:00:00+00:00,Portland,Trail Blazers,1610612757,Minnesota,Timberwolves,1610612750,124,118,1610612757,Regular Season,18324.0,,,242,6
22200393,2022-12-10 21:00:00+00:00,Denver,Nuggets,1610612743,Utah,Jazz,1610612762,115,110,1610612743,Regular Season,19636.0,,,225,5
22200392,2022-12-10 20:30:00+00:00,Golden State,Warriors,1610612744,Boston,Celtics,1610612738,123,107,1610612744,Regular Season,18064.0,,,230,16
22200391,2022-12-10 20:00:00+00:00,Chicago,Bulls,1610612741,Dallas,Mavericks,1610612742,144,115,1610612741,Regular Season,19528.0,,,259,29
22200390,2022-12-10 19:30:00+00:00,Cleveland,Cavaliers,1610612739,Oklahoma City,Thunder,1610612760,110,102,1610612739,Regular Season,19432.0,,,212,8
22200389,2022-12-10 19:00:00+00:00,Washington,Wizards,1610612764,Los Angeles,Clippers,1610612746,107,114,1610612746,Regular Season,18404.0,,,221,7
22200388,2022-12-10 19:00:00+00:00,Indiana,Pacers,1610612754,Brooklyn,Nets,1610612751,133,136,1610612751,Regular Season,14280.0,,,269,3
22200387,2022-12-10 17:00:00+00:00,Miami,Heat,1610612748,San Antonio,Spurs,1610612759,111,115,1610612759,Regular Season,19600.0,,,226,4
22200386,2022-12-09 22:00:00+00:00,Dallas,Mavericks,1610612742,Milwaukee,Bucks,1610612749,105,106,1610612749,Regular Season,20277.0,,,211,1
22200385,2022-12-09 21:00:00+00:00,Utah,Jazz,1610612762,Minnesota,Timberwolves,1610612750,108,118,1610612750,Regular Season,18206.0,,,226,10
22200384,2022-12-09 20:30:00+00:00,New Orleans,Pelicans,1610612740,Phoenix,Suns,1610612756,128,117,1610612740,Regular Season,16381.0,,,245,11
22200383,2022-12-09 20:00:00+00:00,Memphis,Grizzlies,1610612763,Detroit,Pistons,1610612765,114,103,1610612763,Regular Season,17103.0,,,217,11
22200382,2022-12-09 19:30:00+00:00,Philadelphia,76ers,1610612755,Los Angeles,Lakers,1610612747,133,122,1610612755,Regular Season,20852.0,,,255,11
22200380,2022-12-09 19:30:00+00:00,Brooklyn,Nets,1610612751,Atlanta,Hawks,1610612737,120,116,1610612751,Regular Season,18072.0,,,236,4
22200381,2022-12-09 19:30:00+00:00,Cleveland,Cavaliers,1610612739,Sacramento,Kings,1610612758,95,106,1610612758,Regular Season,19432.0,,,201,11
22200378,2022-12-09 19:00:00+00:00,Indiana,Pacers,1610612754,Washington,Wizards,1610612764,121,111,1610612754,Regular Season,15039.0,,,232,10
22200377,2022-12-09 19:00:00+00:00,Charlotte,Hornets,1610612766,New York,Knicks,1610612752,102,121,1610612752,Regular Season,17696.0,,,223,19
22200379,2022-12-09 19:00:00+00:00,Orlando,Magic,1610612753,Toronto,Raptors,1610612761,113,109,1610612753,Regular Season,17008.0,,,222,4
22200376,2022-12-08 22:00:00+00:00,Portland,Trail Blazers,1610612757,Denver,Nuggets,1610612743,120,121,1610612743,Regular Season,18189.0,,,241,1
22200375,2022-12-08 20:30:00+00:00,San Antonio,Spurs,1610612759,Houston,Rockets,1610612745,118,109,1610612759,Regular Season,13140.0,,,227,9
22200374,2022-12-08 19:30:00+00:00,Miami,Heat,1610612748,Los Angeles,Clippers,1610612746,115,110,1610612748,Regular Season,19600.0,,,225,5
22200373,2022-12-07 22:00:00+00:00,Phoenix,Suns,1610612756,Boston,Celtics,1610612738,98,125,1610612738,Regular Season,17071.0,,,223,27
22200372,2022-12-07 21:00:00+00:00,Utah,Jazz,1610612762,Golden State,Warriors,1610612744,124,123,1610612762,Regular Season,18206.0,,,247,1
22200367,2022-12-07 20:00:00+00:00,Chicago,Bulls,1610612741,Washington,Wizards,1610612764,115,111,1610612741,Regular Season,19265.0,,,226,4
22200370,2022-12-07 20:00:00+00:00,Minnesota,Timberwolves,1610612750,Indiana,Pacers,1610612754,121,115,1610612750,Regular Season,15472.0,,,236,6
22200369,2022-12-07 20:00:00+00:00,Milwaukee,Bucks,1610612749,Sacramento,Kings,1610612758,126,113,1610612749,Regular Season,17341.0,,,239,13
22200368,2022-12-07 20:00:00+00:00,Memphis,Grizzlies,1610612763,Oklahoma City,Thunder,1610612760,123,102,1610612763,Regular Season,15942.0,,,225,21
22200371,2022-12-07 20:00:00+00:00,New Orleans,Pelicans,1610612740,Detroit,Pistons,1610612765,104,98,1610612740,Regular Season,14073.0,,,202,6
22200364,2022-12-07 19:30:00+00:00,Brooklyn,Nets,1610612751,Charlotte,Hornets,1610612766,122,116,1610612751,Regular Season,16903.0,,,238,6
22200365,2022-12-07 19:30:00+00:00,New York,Knicks,1610612752,Atlanta,Hawks,1610612737,113,89,1610612752,Regular Season,18091.0,,,202,24
22200366,2022-12-07 19:30:00+00:00,Toronto,Raptors,1610612761,Los Angeles,Lakers,1610612747,126,113,1610612761,Regular Season,19800.0,,,239,13
22200363,2022-12-07 19:00:00+00:00,Orlando,Magic,1610612753,Los Angeles,Clippers,1610612746,116,111,1610612753,Regular Season,14429.0,,,227,5
22200362,2022-12-06 22:00:00+00:00,Denver,Nuggets,1610612743,Dallas,Mavericks,1610612742,115,116,1610612742,Regular Season,19520.0,,,231,1
22200360,2022-12-06 19:30:00+00:00,Cleveland,Cavaliers,1610612739,Los Angeles,Lakers,1610612747,116,102,1610612739,Regular Season,19432.0,,,218,14
22200361,2022-12-06 19:30:00+00:00,Miami,Heat,1610612748,Detroit,Pistons,1610612765,96,116,1610612765,Regular Season,19600.0,,,212,20
22200359,2022-12-05 22:00:00+00:00,Golden State,Warriors,1610612744,Indiana,Pacers,1610612754,104,112,1610612754,Regular Season,18064.0,,,216,8
22200358,2022-12-05 20:30:00+00:00,Dallas,Mavericks,1610612742,Phoenix,Suns,1610612756,130,111,1610612742,Regular Season,20227.0,,,241,19
22200356,2022-12-05 20:00:00+00:00,Houston,Rockets,1610612745,Philadelphia,76ers,1610612755,132,123,1610612745,Regular Season,15331.0,,,255,9
22200357,2022-12-05 20:00:00+00:00,Memphis,Grizzlies,1610612763,Miami,Heat,1610612748,101,93,1610612763,Regular Season,16122.0,,,194,8
22200354,2022-12-05 19:30:00+00:00,Atlanta,Hawks,1610612737,Oklahoma City,Thunder,1610612760,114,121,1610612760,Regular Season,16301.0,,,235,7
22200355,2022-12-05 19:30:00+00:00,Toronto,Raptors,1610612761,Boston,Celtics,1610612738,110,116,1610612738,Regular Season,19800.0,,,226,6
22200352,2022-12-05 19:00:00+00:00,Charlotte,Hornets,1610612766,Los Angeles,Clippers,1610612746,117,119,1610612746,Regular Season,13945.0,,,236,2
22200353,2022-12-05 19:00:00+00:00,Orlando,Magic,1610612753,Milwaukee,Bucks,1610612749,102,109,1610612749,Regular Season,16174.0,,,211,7
22200351,2022-12-04 21:00:00+00:00,Portland,Trail Blazers,1610612757,Indiana,Pacers,1610612754,116,100,1610612757,Regular Season,17479.0,,,216,16
22200347,2022-12-04 18:00:00+00:00,Detroit,Pistons,1610612765,Memphis,Grizzlies,1610612763,112,122,1610612763,Regular Season,20088.0,,,234,10
22200350,2022-12-04 18:00:00+00:00,Sacramento,Kings,1610612758,Chicago,Bulls,1610612741,110,101,1610612758,Regular Season,17611.0,,,211,9
22200346,2022-12-04 18:00:00+00:00,Brooklyn,Nets,1610612751,Boston,Celtics,1610612738,92,103,1610612738,Regular Season,18043.0,,,195,11
22200348,2022-12-04 18:00:00+00:00,New York,Knicks,1610612752,Cleveland,Cavaliers,1610612739,92,81,1610612752,Regular Season,19007.0,,,173,11
22200349,2022-12-04 18:00:00+00:00,Washington,Wizards,1610612764,Los Angeles,Lakers,1610612747,119,130,1610612747,Regular Season,19647.0,,,249,11
22200345,2022-12-04 16:00:00+00:00,San Antonio,Spurs,1610612759,Phoenix,Suns,1610612756,95,133,1610612756,Regular Season,16409.0,,,228,38
22200344,2022-12-04 15:30:00+00:00,New Orleans,Pelicans,1610612740,Denver,Nuggets,1610612743,121,106,1610612740,Regular Season,15658.0,,,227,15
22200343,2022-12-03 21:00:00+00:00,Utah,Jazz,1610612762,Portland,Trail Blazers,1610612757,111,116,1610612757,Regular Season,18206.0,,,227,5
22200342,2022-12-03 20:30:00+00:00,Golden State,Warriors,1610612744,Houston,Rockets,1610612745,120,101,1610612744,Regular Season,18064.0,,,221,19
22200340,2022-12-03 20:00:00+00:00,Toronto,Raptors,1610612761,Orlando,Magic,1610612753,121,108,1610612761,Regular Season,19800.0,,,229,13
22200341,2022-12-03 20:00:00+00:00,Minnesota,Timberwolves,1610612750,Oklahoma City,Thunder,1610612760,128,135,1610612760,Regular Season,17136.0,,,263,7
22200339,2022-12-03 18:00:00+00:00,Charlotte,Hornets,1610612766,Milwaukee,Bucks,1610612749,96,105,1610612749,Regular Season,18128.0,,,201,9
22200338,2022-12-03 16:00:00+00:00,Los Angeles,Clippers,1610612746,Sacramento,Kings,1610612758,96,123,1610612758,Regular Season,16587.0,,,219,27
22200337,2022-12-03 12:30:00+00:00,New York,Knicks,1610612752,Dallas,Mavericks,1610612742,100,121,1610612742,Regular Season,18319.0,,,221,21
22200336,2022-12-02 22:00:00+00:00,Golden State,Warriors,1610612744,Chicago,Bulls,1610612741,119,111,1610612744,Regular Season,18064.0,,,230,8
22200334,2022-12-02 21:00:00+00:00,Phoenix,Suns,1610612756,Houston,Rockets,1610612745,121,122,1610612745,Regular Season,17071.0,,,243,1
22200335,2022-12-02 21:00:00+00:00,Utah,Jazz,1610612762,Indiana,Pacers,1610612754,139,119,1610612762,Regular Season,18206.0,,,258,20
22200332,2022-12-02 20:00:00+00:00,Memphis,Grizzlies,1610612763,Philadelphia,76ers,1610612755,117,109,1610612763,Regular Season,17022.0,,,226,8
22200333,2022-12-02 20:00:00+00:00,San Antonio,Spurs,1610612759,New Orleans,Pelicans,1610612740,99,117,1610612740,Regular Season,17202.0,,,216,18
22200329,2022-12-02 19:30:00+00:00,Brooklyn,Nets,1610612751,Toronto,Raptors,1610612761,114,105,1610612751,Regular Season,17732.0,,,219,9
22200331,2022-12-02 19:30:00+00:00,Milwaukee,Bucks,1610612749,Los Angeles,Lakers,1610612747,129,133,1610612747,Regular Season,17938.0,,,262,4
22200327,2022-12-02 19:30:00+00:00,Atlanta,Hawks,1610612737,Denver,Nuggets,1610612743,117,109,1610612737,Regular Season,16974.0,,,226,8
22200328,2022-12-02 19:30:00+00:00,Boston,Celtics,1610612738,Miami,Heat,1610612748,116,120,1610612748,Regular Season,19156.0,,,236,4
22200330,2022-12-02 19:30:00+00:00,Cleveland,Cavaliers,1610612739,Orlando,Magic,1610612753,107,96,1610612739,Regular Season,19432.0,,,203,11
22200326,2022-12-02 19:00:00+00:00,Charlotte,Hornets,1610612766,Washington,Wizards,1610612764,117,116,1610612766,Regular Season,15231.0,,,233,1
22200325,2022-12-01 19:00:00+00:00,Detroit,Pistons,1610612765,Dallas,Mavericks,1610612742,131,125,1610612765,Regular Season,18106.0,,,256,6
22200324,2022-11-30 22:30:00+00:00,Los Angeles,Lakers,1610612747,Portland,Trail Blazers,1610612757,128,109,1610612747,Regular Season,18560.0,,,237,19
22200323,2022-11-30 22:00:00+00:00,Sacramento,Kings,1610612758,Indiana,Pacers,1610612754,137,114,1610612758,Regular Season,17611.0,,,251,23
22200321,2022-11-30 21:00:00+00:00,Phoenix,Suns,1610612756,Chicago,Bulls,1610612741,132,113,1610612756,Regular Season,17071.0,,,245,19
22200320,2022-11-30 21:00:00+00:00,Denver,Nuggets,1610612743,Houston,Rockets,1610612745,120,100,1610612743,Regular Season,16286.0,,,220,20
22200322,2022-11-30 21:00:00+00:00,Utah,Jazz,1610612762,Los Angeles,Clippers,1610612746,125,112,1610612762,Regular Season,18206.0,,,237,13
22200319,2022-11-30 20:00:00+00:00,Oklahoma City,Thunder,1610612760,San Antonio,Spurs,1610612759,119,111,1610612760,Regular Season,15605.0,,,230,8
22200318,2022-11-30 20:00:00+00:00,New Orleans,Pelicans,1610612740,Toronto,Raptors,1610612761,126,108,1610612740,Regular Season,14845.0,,,234,18
22200317,2022-11-30 20:00:00+00:00,Minnesota,Timberwolves,1610612750,Memphis,Grizzlies,1610612763,109,101,1610612750,Regular Season,15980.0,,,210,8
22200314,2022-11-30 19:30:00+00:00,Boston,Celtics,1610612738,Miami,Heat,1610612748,134,121,1610612738,Regular Season,19156.0,,,255,13
22200316,2022-11-30 19:30:00+00:00,New York,Knicks,1610612752,Milwaukee,Bucks,1610612749,103,109,1610612749,Regular Season,17277.0,,,212,6
22200315,2022-11-30 19:30:00+00:00,Brooklyn,Nets,1610612751,Washington,Wizards,1610612764,113,107,1610612751,Regular Season,15963.0,,,220,6
22200313,2022-11-30 19:00:00+00:00,Orlando,Magic,1610612753,Atlanta,Hawks,1610612737,108,125,1610612737,Regular Season,15344.0,,,233,17
22200312,2022-11-30 19:00:00+00:00,Cleveland,Cavaliers,1610612739,Philadelphia,76ers,1610612755,113,85,1610612739,Regular Season,19432.0,,,198,28
22200311,2022-11-29 22:00:00+00:00,Portland,Trail Blazers,1610612757,Los Angeles,Clippers,1610612746,112,118,1610612746,Regular Season,17251.0,,,230,6
22200310,2022-11-29 19:30:00+00:00,Dallas,Mavericks,1610612742,Golden State,Warriors,1610612744,116,113,1610612742,Regular Season,20277.0,,,229,3
22200309,2022-11-29 19:00:00+00:00,Detroit,Pistons,1610612765,New York,Knicks,1610612752,110,140,1610612752,Regular Season,14864.0,,,250,30
22200308,2022-11-28 22:30:00+00:00,Los Angeles,Lakers,1610612747,Indiana,Pacers,1610612754,115,116,1610612754,Regular Season,16034.0,,,231,1
22200307,2022-11-28 22:00:00+00:00,Sacramento,Kings,1610612758,Phoenix,Suns,1610612756,117,122,1610612756,Regular Season,16407.0,,,239,5
22200306,2022-11-28 21:00:00+00:00,Utah,Jazz,1610612762,Chicago,Bulls,1610612741,107,114,1610612741,Regular Season,18206.0,,,221,7
22200305,2022-11-28 21:00:00+00:00,Denver,Nuggets,1610612743,Houston,Rockets,1610612745,129,113,1610612743,Regular Season,16027.0,,,242,16
22200304,2022-11-28 20:00:00+00:00,New Orleans,Pelicans,1610612740,Oklahoma City,Thunder,1610612760,105,101,1610612740,Regular Season,13109.0,,,206,4
22200302,2022-11-28 19:30:00+00:00,Brooklyn,Nets,1610612751,Orlando,Magic,1610612753,109,102,1610612751,Regular Season,15704.0,,,211,7
22200303,2022-11-28 19:30:00+00:00,Toronto,Raptors,1610612761,Cleveland,Cavaliers,1610612739,100,88,1610612761,Regular Season,19800.0,,,188,12
22200301,2022-11-28 19:30:00+00:00,Boston,Celtics,1610612738,Charlotte,Hornets,1610612766,140,105,1610612738,Regular Season,19156.0,,,245,35
22200299,2022-11-28 19:00:00+00:00,Philadelphia,76ers,1610612755,Atlanta,Hawks,1610612737,104,101,1610612755,Regular Season,19778.0,,,205,3
22200300,2022-11-28 19:00:00+00:00,Washington,Wizards,1610612764,Minnesota,Timberwolves,1610612750,142,127,1610612764,Regular Season,13515.0,,,269,15
22200298,2022-11-27 20:00:00+00:00,Milwaukee,Bucks,1610612749,Dallas,Mavericks,1610612742,124,115,1610612749,Regular Season,17341.0,,,239,9
22200297,2022-11-27 18:00:00+00:00,Orlando,Magic,1610612753,Philadelphia,76ers,1610612755,103,133,1610612755,Regular Season,16218.0,,,236,30
22200295,2022-11-27 18:00:00+00:00,Detroit,Pistons,1610612765,Cleveland,Cavaliers,1610612739,94,102,1610612739,Regular Season,18240.0,,,196,8
22200296,2022-11-27 18:00:00+00:00,New York,Knicks,1610612752,Memphis,Grizzlies,1610612763,123,127,1610612763,Regular Season,19524.0,,,250,4
22200294,2022-11-27 18:00:00+00:00,Boston,Celtics,1610612738,Washington,Wizards,1610612764,130,121,1610612738,Regular Season,19156.0,,,251,9
22200293,2022-11-27 17:00:00+00:00,Atlanta,Hawks,1610612737,Miami,Heat,1610612748,98,106,1610612748,Regular Season,17268.0,,,204,8
22200292,2022-11-27 16:00:00+00:00,Los Angeles,Clippers,1610612746,Indiana,Pacers,1610612754,114,100,1610612746,Regular Season,16805.0,,,214,14
22200291,2022-11-27 15:30:00+00:00,Minnesota,Timberwolves,1610612750,Golden State,Warriors,1610612744,114,137,1610612744,Regular Season,17136.0,,,251,23
22200290,2022-11-27 15:00:00+00:00,Brooklyn,Nets,1610612751,Portland,Trail Blazers,1610612757,111,97,1610612751,Regular Season,17732.0,,,208,14
22200289,2022-11-26 21:00:00+00:00,Phoenix,Suns,1610612756,Utah,Jazz,1610612762,113,112,1610612756,Regular Season,17071.0,,,225,1
22200287,2022-11-26 20:00:00+00:00,Houston,Rockets,1610612745,Oklahoma City,Thunder,1610612760,118,105,1610612745,Regular Season,15151.0,,,223,13
22200288,2022-11-26 20:00:00+00:00,San Antonio,Spurs,1610612759,Los Angeles,Lakers,1610612747,138,143,1610612747,Regular Season,18354.0,,,281,5
22200286,2022-11-26 17:00:00+00:00,Toronto,Raptors,1610612761,Dallas,Mavericks,1610612742,105,100,1610612761,Regular Season,19800.0,,,205,5
22200285,2022-11-25 22:30:00+00:00,Los Angeles,Clippers,1610612746,Denver,Nuggets,1610612743,104,114,1610612743,Regular Season,16559.0,,,218,10
22200284,2022-11-25 22:00:00+00:00,Golden State,Warriors,1610612744,Utah,Jazz,1610612762,129,118,1610612744,Regular Season,18064.0,,,247,11
22200283,2022-11-25 21:00:00+00:00,Phoenix,Suns,1610612756,Detroit,Pistons,1610612765,108,102,1610612756,Regular Season,17071.0,,,210,6
22200279,2022-11-25 20:00:00+00:00,Memphis,Grizzlies,1610612763,New Orleans,Pelicans,1610612740,132,111,1610612763,Regular Season,17794.0,,,243,21
22200276,2022-11-25 20:00:00+00:00,Indiana,Pacers,1610612754,Brooklyn,Nets,1610612751,128,117,1610612754,Regular Season,15404.0,,,245,11
22200282,2022-11-25 20:00:00+00:00,San Antonio,Spurs,1610612759,Los Angeles,Lakers,1610612747,94,105,1610612747,Regular Season,18354.0,,,199,11
22200280,2022-11-25 20:00:00+00:00,Milwaukee,Bucks,1610612749,Cleveland,Cavaliers,1610612739,117,102,1610612749,Regular Season,17447.0,,,219,15
22200277,2022-11-25 20:00:00+00:00,Miami,Heat,1610612748,Washington,Wizards,1610612764,110,107,1610612748,Regular Season,19600.0,,,217,3
22200275,2022-11-25 20:00:00+00:00,Boston,Celtics,1610612738,Sacramento,Kings,1610612758,122,104,1610612738,Regular Season,19156.0,,,226,18
22200278,2022-11-25 20:00:00+00:00,Houston,Rockets,1610612745,Atlanta,Hawks,1610612737,128,122,1610612745,Regular Season,16669.0,,,250,6
22200281,2022-11-25 20:00:00+00:00,Oklahoma City,Thunder,1610612760,Chicago,Bulls,1610612741,123,119,1610612760,Regular Season,16082.0,,,242,4
22200274,2022-11-25 19:30:00+00:00,New York,Knicks,1610612752,Portland,Trail Blazers,1610612757,129,132,1610612757,Regular Season,19812.0,,,261,3
22200273,2022-11-25 19:00:00+00:00,Orlando,Magic,1610612753,Philadelphia,76ers,1610612755,99,107,1610612755,Regular Season,15384.0,,,206,8
22200272,2022-11-25 17:00:00+00:00,Charlotte,Hornets,1610612766,Minnesota,Timberwolves,1610612750,110,108,1610612766,Regular Season,17924.0,,,218,2
22200271,2022-11-23 22:00:00+00:00,Golden State,Warriors,1610612744,Los Angeles,Clippers,1610612746,124,107,1610612744,Regular Season,18064.0,,,231,17
22200270,2022-11-23 21:00:00+00:00,Utah,Jazz,1610612762,Detroit,Pistons,1610612765,116,125,1610612765,Regular Season,18206.0,,,241,9
22200267,2022-11-23 20:00:00+00:00,Milwaukee,Bucks,1610612749,Chicago,Bulls,1610612741,113,118,1610612741,Regular Season,17341.0,,,231,5
22200268,2022-11-23 20:00:00+00:00,Oklahoma City,Thunder,1610612760,Denver,Nuggets,1610612743,126,131,1610612743,Regular Season,13656.0,,,257,5
22200269,2022-11-23 20:00:00+00:00,San Antonio,Spurs,1610612759,New Orleans,Pelicans,1610612740,110,129,1610612740,Regular Season,14947.0,,,239,19
22200265,2022-11-23 19:30:00+00:00,Miami,Heat,1610612748,Washington,Wizards,1610612764,113,105,1610612748,Regular Season,19600.0,,,218,8
22200266,2022-11-23 19:30:00+00:00,Toronto,Raptors,1610612761,Brooklyn,Nets,1610612751,98,112,1610612751,Regular Season,19800.0,,,210,14
22200264,2022-11-23 19:30:00+00:00,Boston,Celtics,1610612738,Dallas,Mavericks,1610612742,125,112,1610612738,Regular Season,19156.0,,,237,13
22200263,2022-11-23 19:30:00+00:00,Atlanta,Hawks,1610612737,Sacramento,Kings,1610612758,115,106,1610612737,Regular Season,18173.0,,,221,9
22200261,2022-11-23 19:00:00+00:00,Cleveland,Cavaliers,1610612739,Portland,Trail Blazers,1610612757,114,96,1610612739,Regular Season,19432.0,,,210,18
22200262,2022-11-23 19:00:00+00:00,Indiana,Pacers,1610612754,Minnesota,Timberwolves,1610612750,101,115,1610612750,Regular Season,15751.0,,,216,14
22200260,2022-11-23 19:00:00+00:00,Charlotte,Hornets,1610612766,Philadelphia,76ers,1610612755,107,101,1610612766,Regular Season,16910.0,,,208,6
22200259,2022-11-22 22:00:00+00:00,Phoenix,Suns,1610612756,Los Angeles,Lakers,1610612747,115,105,1610612756,Regular Season,17071.0,,,220,10
22200258,2022-11-22 21:00:00+00:00,Denver,Nuggets,1610612743,Detroit,Pistons,1610612765,108,110,1610612765,Regular Season,19635.0,,,218,2
22200257,2022-11-22 20:00:00+00:00,Memphis,Grizzlies,1610612763,Sacramento,Kings,1610612758,109,113,1610612758,Regular Season,16826.0,,,222,4
22200256,2022-11-22 19:30:00+00:00,Philadelphia,76ers,1610612755,Brooklyn,Nets,1610612751,115,106,1610612755,Regular Season,20184.0,,,221,9
22200255,2022-11-21 22:30:00+00:00,Los Angeles,Clippers,1610612746,Utah,Jazz,1610612762,121,114,1610612746,Regular Season,19068.0,,,235,7
22200251,2022-11-21 20:00:00+00:00,Milwaukee,Bucks,1610612749,Portland,Trail Blazers,1610612757,119,111,1610612749,Regular Season,17341.0,,,230,8
22200254,2022-11-21 20:00:00+00:00,Oklahoma City,Thunder,1610612760,New York,Knicks,1610612752,119,129,1610612752,Regular Season,15079.0,,,248,10
22200253,2022-11-21 20:00:00+00:00,New Orleans,Pelicans,1610612740,Golden State,Warriors,1610612744,128,83,1610612740,Regular Season,18589.0,,,211,45
22200250,2022-11-21 20:00:00+00:00,Chicago,Bulls,1610612741,Boston,Celtics,1610612738,121,107,1610612741,Regular Season,20786.0,,,228,14
22200252,2022-11-21 20:00:00+00:00,Minnesota,Timberwolves,1610612750,Miami,Heat,1610612748,105,101,1610612750,Regular Season,16583.0,,,206,4
22200249,2022-11-21 19:00:00+00:00,Indiana,Pacers,1610612754,Orlando,Magic,1610612753,123,102,1610612754,Regular Season,14029.0,,,225,21
22200248,2022-11-21 19:00:00+00:00,Cleveland,Cavaliers,1610612739,Atlanta,Hawks,1610612737,114,102,1610612739,Regular Season,19432.0,,,216,12
22200247,2022-11-20 21:30:00+00:00,Los Angeles,Lakers,1610612747,San Antonio,Spurs,1610612759,123,92,1610612747,Regular Season,18211.0,,,215,31
22200246,2022-11-20 19:30:00+00:00,Dallas,Mavericks,1610612742,Denver,Nuggets,1610612743,97,98,1610612743,Regular Season,20244.0,,,195,1
22200243,2022-11-20 19:00:00+00:00,Brooklyn,Nets,1610612751,Memphis,Grizzlies,1610612763,127,115,1610612751,Regular Season,18241.0,,,242,12
22200244,2022-11-20 19:00:00+00:00,Cleveland,Cavaliers,1610612739,Miami,Heat,1610612748,113,87,1610612739,Regular Season,19432.0,,,200,26
22200245,2022-11-20 19:00:00+00:00,Houston,Rockets,1610612745,Golden State,Warriors,1610612744,120,127,1610612744,Regular Season,18055.0,,,247,7
22200242,2022-11-20 18:00:00+00:00,Sacramento,Kings,1610612758,Detroit,Pistons,1610612765,137,129,1610612758,Regular Season,17866.0,,,266,8
22200241,2022-11-20 18:00:00+00:00,Washington,Wizards,1610612764,Charlotte,Hornets,1610612766,106,102,1610612764,Regular Season,14289.0,,,208,4
22200240,2022-11-20 15:30:00+00:00,Phoenix,Suns,1610612756,New York,Knicks,1610612752,116,95,1610612756,Regular Season,17071.0,,,211,21
22200239,2022-11-19 22:30:00+00:00,Los Angeles,Clippers,1610612746,San Antonio,Spurs,1610612759,119,97,1610612746,Regular Season,18581.0,,,216,22
22200238,2022-11-19 22:00:00+00:00,Portland,Trail Blazers,1610612757,Utah,Jazz,1610612762,113,118,1610612762,Regular Season,19595.0,,,231,5
22200237,2022-11-19 19:30:00+00:00,Philadelphia,76ers,1610612755,Minnesota,Timberwolves,1610612750,109,112,1610612750,Regular Season,20515.0,,,221,3
22200236,2022-11-19 19:00:00+00:00,Indiana,Pacers,1610612754,Orlando,Magic,1610612753,114,113,1610612754,Regular Season,14478.0,,,227,1
22200235,2022-11-19 18:00:00+00:00,Atlanta,Hawks,1610612737,Toronto,Raptors,1610612761,124,122,1610612737,Regular Season,18051.0,,,246,2
22200234,2022-11-18 22:30:00+00:00,Los Angeles,Lakers,1610612747,Detroit,Pistons,1610612765,128,121,1610612747,Regular Season,18095.0,,,249,7
22200233,2022-11-18 22:00:00+00:00,Golden State,Warriors,1610612744,New York,Knicks,1610612752,111,101,1610612744,Regular Season,18064.0,,,212,10
22200232,2022-11-18 21:00:00+00:00,Utah,Jazz,1610612762,Phoenix,Suns,1610612756,134,133,1610612762,Regular Season,18206.0,,,267,1
22200231,2022-11-18 20:30:00+00:00,New Orleans,Pelicans,1610612740,Boston,Celtics,1610612738,109,117,1610612738,Regular Season,17828.0,,,226,8
22200230,2022-11-18 20:30:00+00:00,Dallas,Mavericks,1610612742,Denver,Nuggets,1610612743,127,99,1610612742,Regular Season,20135.0,,,226,28
22200229,2022-11-18 20:00:00+00:00,Memphis,Grizzlies,1610612763,Oklahoma City,Thunder,1610612760,121,110,1610612763,Regular Season,17324.0,,,231,11
22200227,2022-11-18 20:00:00+00:00,Chicago,Bulls,1610612741,Orlando,Magic,1610612753,107,108,1610612753,Regular Season,21031.0,,,215,1
22200228,2022-11-18 20:00:00+00:00,Houston,Rockets,1610612745,Indiana,Pacers,1610612754,91,99,1610612754,Regular Season,15882.0,,,190,8
22200226,2022-11-18 19:30:00+00:00,Philadelphia,76ers,1610612755,Milwaukee,Bucks,1610612749,110,102,1610612755,Regular Season,19769.0,,,212,8
22200225,2022-11-18 19:30:00+00:00,Cleveland,Cavaliers,1610612739,Charlotte,Hornets,1610612766,132,122,1610612739,Regular Season,19432.0,,,254,10
22200224,2022-11-18 19:00:00+00:00,Washington,Wizards,1610612764,Miami,Heat,1610612748,107,106,1610612764,Regular Season,18772.0,,,213,1
22200223,2022-11-17 22:30:00+00:00,Los Angeles,Clippers,1610612746,Detroit,Pistons,1610612765,96,91,1610612746,Regular Season,17822.0,,,187,5
22200222,2022-11-17 22:00:00+00:00,Sacramento,Kings,1610612758,San Antonio,Spurs,1610612759,130,112,1610612758,Regular Season,16522.0,,,242,18
22200221,2022-11-17 22:00:00+00:00,Portland,Trail Blazers,1610612757,Brooklyn,Nets,1610612751,107,109,1610612751,Regular Season,19393.0,,,216,2
22200219,2022-11-16 22:00:00+00:00,Denver,Nuggets,1610612743,New York,Knicks,1610612752,103,106,1610612752,Regular Season,18210.0,,,209,3
22200220,2022-11-16 22:00:00+00:00,Phoenix,Suns,1610612756,Golden State,Warriors,1610612744,130,119,1610612756,Regular Season,17071.0,,,249,11
22200218,2022-11-16 20:30:00+00:00,Dallas,Mavericks,1610612742,Houston,Rockets,1610612745,92,101,1610612745,Regular Season,19602.0,,,193,9
22200217,2022-11-16 20:00:00+00:00,New Orleans,Pelicans,1610612740,Chicago,Bulls,1610612741,124,110,1610612740,Regular Season,14658.0,,,234,14
22200216,2022-11-16 20:00:00+00:00,Milwaukee,Bucks,1610612749,Cleveland,Cavaliers,1610612739,113,98,1610612749,Regular Season,17341.0,,,211,15
22200215,2022-11-16 19:30:00+00:00,Toronto,Raptors,1610612761,Miami,Heat,1610612748,112,104,1610612761,Regular Season,19800.0,,,216,8
22200214,2022-11-16 19:30:00+00:00,Atlanta,Hawks,1610612737,Boston,Celtics,1610612738,101,126,1610612738,Regular Season,18165.0,,,227,25
22200211,2022-11-16 19:00:00+00:00,Charlotte,Hornets,1610612766,Indiana,Pacers,1610612754,113,125,1610612754,Regular Season,14756.0,,,238,12
22200213,2022-11-16 19:00:00+00:00,Washington,Wizards,1610612764,Oklahoma City,Thunder,1610612760,120,121,1610612760,Regular Season,12630.0,,,241,1
22200212,2022-11-16 19:00:00+00:00,Orlando,Magic,1610612753,Minnesota,Timberwolves,1610612750,108,126,1610612750,Regular Season,16527.0,,,234,18
22200210,2022-11-15 22:00:00+00:00,Sacramento,Kings,1610612758,Brooklyn,Nets,1610612751,153,121,1610612758,Regular Season,17611.0,,,274,32
22200209,2022-11-15 22:00:00+00:00,Portland,Trail Blazers,1610612757,San Antonio,Spurs,1610612759,117,110,1610612757,Regular Season,19012.0,,,227,7
22200208,2022-11-15 21:00:00+00:00,Utah,Jazz,1610612762,New York,Knicks,1610612752,111,118,1610612752,Regular Season,18206.0,,,229,7
22200207,2022-11-15 20:30:00+00:00,Dallas,Mavericks,1610612742,Los Angeles,Clippers,1610612746,103,101,1610612742,Regular Season,19810.0,,,204,2
22200206,2022-11-15 19:30:00+00:00,New Orleans,Pelicans,1610612740,Memphis,Grizzlies,1610612763,113,102,1610612740,Regular Season,14032.0,,,215,11
22200205,2022-11-14 22:00:00+00:00,Golden State,Warriors,1610612744,San Antonio,Spurs,1610612759,132,95,1610612744,Regular Season,18064.0,,,227,37
22200203,2022-11-14 20:00:00+00:00,Houston,Rockets,1610612745,Los Angeles,Clippers,1610612746,106,122,1610612746,Regular Season,16098.0,,,228,16
22200204,2022-11-14 20:00:00+00:00,Milwaukee,Bucks,1610612749,Atlanta,Hawks,1610612737,106,121,1610612737,Regular Season,17341.0,,,227,15
22200201,2022-11-14 19:30:00+00:00,Boston,Celtics,1610612738,Oklahoma City,Thunder,1610612760,126,122,1610612738,Regular Season,19156.0,,,248,4
22200202,2022-11-14 19:30:00+00:00,Miami,Heat,1610612748,Phoenix,Suns,1610612756,113,112,1610612748,Regular Season,19600.0,,,225,1
22200199,2022-11-14 19:00:00+00:00,Detroit,Pistons,1610612765,Toronto,Raptors,1610612761,111,115,1610612761,Regular Season,16988.0,,,226,4
22200200,2022-11-14 19:00:00+00:00,Orlando,Magic,1610612753,Charlotte,Hornets,1610612766,105,112,1610612766,Regular Season,15018.0,,,217,7
22200198,2022-11-13 21:30:00+00:00,Los Angeles,Lakers,1610612747,Brooklyn,Nets,1610612751,116,103,1610612747,Regular Season,18040.0,,,219,13
22200197,2022-11-13 21:00:00+00:00,Sacramento,Kings,1610612758,Golden State,Warriors,1610612744,122,115,1610612758,Regular Season,16410.0,,,237,7
22200196,2022-11-13 20:00:00+00:00,Chicago,Bulls,1610612741,Denver,Nuggets,1610612743,103,126,1610612743,Regular Season,21602.0,,,229,23
22200195,2022-11-13 19:30:00+00:00,Philadelphia,76ers,1610612755,Utah,Jazz,1610612762,105,98,1610612755,Regular Season,19761.0,,,203,7
22200194,2022-11-13 18:00:00+00:00,Washington,Wizards,1610612764,Memphis,Grizzlies,1610612763,102,92,1610612764,Regular Season,17667.0,,,194,10
22200193,2022-11-13 18:00:00+00:00,Cleveland,Cavaliers,1610612739,Minnesota,Timberwolves,1610612750,124,129,1610612750,Regular Season,19432.0,,,253,5
22200192,2022-11-13 12:00:00+00:00,New York,Knicks,1610612752,Oklahoma City,Thunder,1610612760,135,145,1610612760,Regular Season,18325.0,,,280,10
22200190,2022-11-12 20:30:00+00:00,Dallas,Mavericks,1610612742,Portland,Trail Blazers,1610612757,117,112,1610612742,Regular Season,20277.0,,,229,5
22200191,2022-11-12 20:30:00+00:00,New Orleans,Pelicans,1610612740,Houston,Rockets,1610612745,119,106,1610612740,Regular Season,15367.0,,,225,13
22200189,2022-11-12 20:00:00+00:00,Miami,Heat,1610612748,Charlotte,Hornets,1610612766,132,115,1610612748,Regular Season,19600.0,,,247,17
22200188,2022-11-12 19:30:00+00:00,Philadelphia,76ers,1610612755,Atlanta,Hawks,1610612737,121,109,1610612755,Regular Season,20245.0,,,230,12
22200187,2022-11-12 19:00:00+00:00,Indiana,Pacers,1610612754,Toronto,Raptors,1610612761,118,104,1610612754,Regular Season,13089.0,,,222,14
22200186,2022-11-12 19:00:00+00:00,Detroit,Pistons,1610612765,Boston,Celtics,1610612738,108,117,1610612738,Regular Season,20190.0,,,225,9
22200185,2022-11-12 18:00:00+00:00,Washington,Wizards,1610612764,Utah,Jazz,1610612762,121,112,1610612764,Regular Season,13673.0,,,233,9
22200184,2022-11-12 16:00:00+00:00,Los Angeles,Clippers,1610612746,Brooklyn,Nets,1610612751,95,110,1610612751,Regular Season,17777.0,,,205,15
22200183,2022-11-11 22:30:00+00:00,Los Angeles,Lakers,1610612747,Sacramento,Kings,1610612758,114,120,1610612758,Regular Season,17849.0,,,234,6
22200182,2022-11-11 22:00:00+00:00,Golden State,Warriors,1610612744,Cleveland,Cavaliers,1610612739,106,101,1610612744,Regular Season,18064.0,,,207,5
22200181,2022-11-11 21:30:00+00:00,Memphis,Grizzlies,1610612763,Minnesota,Timberwolves,1610612750,114,103,1610612763,Regular Season,16939.0,,,217,11
22200179,2022-11-11 20:00:00+00:00,Oklahoma City,Thunder,1610612760,Toronto,Raptors,1610612761,132,113,1610612760,Regular Season,16104.0,,,245,19
22200180,2022-11-11 20:00:00+00:00,San Antonio,Spurs,1610612759,Milwaukee,Bucks,1610612749,111,93,1610612759,Regular Season,15642.0,,,204,18
22200178,2022-11-11 19:30:00+00:00,New York,Knicks,1610612752,Detroit,Pistons,1610612765,121,112,1610612752,Regular Season,19812.0,,,233,9
22200177,2022-11-11 19:00:00+00:00,Orlando,Magic,1610612753,Phoenix,Suns,1610612756,114,97,1610612753,Regular Season,15879.0,,,211,17
22200176,2022-11-11 19:00:00+00:00,Boston,Celtics,1610612738,Denver,Nuggets,1610612743,131,112,1610612738,Regular Season,19156.0,,,243,19
22200175,2022-11-10 20:00:00+00:00,New Orleans,Pelicans,1610612740,Portland,Trail Blazers,1610612757,95,106,1610612757,Regular Season,14289.0,,,201,11
22200173,2022-11-10 19:30:00+00:00,Atlanta,Hawks,1610612737,Philadelphia,76ers,1610612755,104,95,1610612737,Regular Season,16066.0,,,199,9
22200174,2022-11-10 19:30:00+00:00,Miami,Heat,1610612748,Charlotte,Hornets,1610612766,117,112,1610612748,Regular Season,19600.0,,,229,5
22200172,2022-11-10 19:00:00+00:00,Washington,Wizards,1610612764,Dallas,Mavericks,1610612742,113,105,1610612764,Regular Season,18320.0,,,218,8
22200171,2022-11-09 22:00:00+00:00,Sacramento,Kings,1610612758,Cleveland,Cavaliers,1610612739,127,120,1610612758,Regular Season,13816.0,,,247,7
22200170,2022-11-09 22:00:00+00:00,Los Angeles,Clippers,1610612746,Los Angeles,Lakers,1610612747,114,101,1610612746,Regular Season,19068.0,,,215,13
22200167,2022-11-09 20:00:00+00:00,Minnesota,Timberwolves,1610612750,Phoenix,Suns,1610612756,117,129,1610612756,Regular Season,16062.0,,,246,12
22200168,2022-11-09 20:00:00+00:00,Oklahoma City,Thunder,1610612760,Milwaukee,Bucks,1610612749,132,136,1610612749,Regular Season,15180.0,,,268,4
22200169,2022-11-09 20:00:00+00:00,San Antonio,Spurs,1610612759,Memphis,Grizzlies,1610612763,122,124,1610612763,Regular Season,13507.0,,,246,2
22200166,2022-11-09 20:00:00+00:00,Chicago,Bulls,1610612741,New Orleans,Pelicans,1610612740,111,115,1610612740,Regular Season,19621.0,,,226,4
22200165,2022-11-09 19:30:00+00:00,Toronto,Raptors,1610612761,Houston,Rockets,1610612745,116,109,1610612761,Regular Season,19800.0,,,225,7
22200162,2022-11-09 19:30:00+00:00,Atlanta,Hawks,1610612737,Utah,Jazz,1610612762,119,125,1610612762,Regular Season,15845.0,,,244,6
22200163,2022-11-09 19:30:00+00:00,Boston,Celtics,1610612738,Detroit,Pistons,1610612765,128,112,1610612738,Regular Season,19156.0,,,240,16
22200164,2022-11-09 19:30:00+00:00,Brooklyn,Nets,1610612751,New York,Knicks,1610612752,112,85,1610612751,Regular Season,18156.0,,,197,27
22200159,2022-11-09 19:00:00+00:00,Charlotte,Hornets,1610612766,Portland,Trail Blazers,1610612757,95,105,1610612757,Regular Season,14774.0,,,200,10
22200160,2022-11-09 19:00:00+00:00,Indiana,Pacers,1610612754,Denver,Nuggets,1610612743,119,122,1610612743,Regular Season,14069.0,,,241,3
22200161,2022-11-09 17:30:00+00:00,Orlando,Magic,1610612753,Dallas,Mavericks,1610612742,94,87,1610612753,Regular Season,18165.0,,,181,7
22200158,2022-11-07 22:30:00+00:00,Los Angeles,Clippers,1610612746,Cleveland,Cavaliers,1610612739,119,117,1610612746,Regular Season,16516.0,,,236,2
22200157,2022-11-07 22:15:00+00:00,Utah,Jazz,1610612762,Los Angeles,Lakers,1610612747,139,116,1610612762,Regular Season,18206.0,,,255,23
22200156,2022-11-07 22:00:00+00:00,Golden State,Warriors,1610612744,Sacramento,Kings,1610612758,116,113,1610612744,Regular Season,18064.0,,,229,3
22200155,2022-11-07 21:45:00+00:00,Dallas,Mavericks,1610612742,Brooklyn,Nets,1610612751,96,94,1610612742,Regular Season,20011.0,,,190,2
22200154,2022-11-07 21:30:00+00:00,San Antonio,Spurs,1610612759,Denver,Nuggets,1610612743,109,115,1610612743,Regular Season,11574.0,,,224,6
22200153,2022-11-07 21:15:00+00:00,Minnesota,Timberwolves,1610612750,New York,Knicks,1610612752,107,120,1610612752,Regular Season,14524.0,,,227,13
22200152,2022-11-07 21:00:00+00:00,Memphis,Grizzlies,1610612763,Boston,Celtics,1610612738,106,109,1610612738,Regular Season,17371.0,,,215,3
22200151,2022-11-07 20:45:00+00:00,Chicago,Bulls,1610612741,Toronto,Raptors,1610612761,111,97,1610612741,Regular Season,21142.0,,,208,14
22200150,2022-11-07 20:30:00+00:00,Miami,Heat,1610612748,Portland,Trail Blazers,1610612757,107,110,1610612757,Regular Season,19600.0,,,217,3
22200149,2022-11-07 20:15:00+00:00,Atlanta,Hawks,1610612737,Milwaukee,Bucks,1610612749,117,98,1610612737,Regular Season,17494.0,,,215,19
22200148,2022-11-07 20:00:00+00:00,Philadelphia,76ers,1610612755,Phoenix,Suns,1610612756,100,88,1610612755,Regular Season,20347.0,,,188,12
22200147,2022-11-07 19:45:00+00:00,Indiana,Pacers,1610612754,New Orleans,Pelicans,1610612740,129,122,1610612754,Regular Season,14052.0,,,251,7
22200146,2022-11-07 19:30:00+00:00,Detroit,Pistons,1610612765,Oklahoma City,Thunder,1610612760,112,103,1610612765,Regular Season,16223.0,,,215,9
22200145,2022-11-07 19:15:00+00:00,Orlando,Magic,1610612753,Houston,Rockets,1610612745,127,134,1610612745,Regular Season,15441.0,,,261,7
22200144,2022-11-07 19:00:00+00:00,Charlotte,Hornets,1610612766,Washington,Wizards,1610612764,100,108,1610612764,Regular Season,13712.0,,,208,8
22200143,2022-11-06 22:00:00+00:00,Los Angeles,Clippers,1610612746,Utah,Jazz,1610612762,102,110,1610612762,Regular Season,16111.0,,,212,8
22200141,2022-11-06 18:00:00+00:00,Toronto,Raptors,1610612761,Chicago,Bulls,1610612741,113,104,1610612761,Regular Season,19800.0,,,217,9
22200142,2022-11-06 18:00:00+00:00,Memphis,Grizzlies,1610612763,Washington,Wizards,1610612764,103,97,1610612763,Regular Season,16877.0,,,200,6
22200140,2022-11-06 15:30:00+00:00,Los Angeles,Lakers,1610612747,Cleveland,Cavaliers,1610612739,100,114,1610612739,Regular Season,18997.0,,,214,14
22200139,2022-11-05 22:00:00+00:00,Phoenix,Suns,1610612756,Portland,Trail Blazers,1610612757,102,82,1610612756,Regular Season,17071.0,,,184,20
22200138,2022-11-05 21:00:00+00:00,Denver,Nuggets,1610612743,San Antonio,Spurs,1610612759,126,101,1610612743,Regular Season,19641.0,,,227,25
22200137,2022-11-05 20:00:00+00:00,Minnesota,Timberwolves,1610612750,Houston,Rockets,1610612745,129,117,1610612750,Regular Season,16412.0,,,246,12
22200136,2022-11-05 20:00:00+00:00,Milwaukee,Bucks,1610612749,Oklahoma City,Thunder,1610612760,108,94,1610612749,Regular Season,17713.0,,,202,14
22200134,2022-11-05 19:30:00+00:00,Atlanta,Hawks,1610612737,New Orleans,Pelicans,1610612740,124,121,1610612737,Regular Season,17654.0,,,245,3
22200135,2022-11-05 19:30:00+00:00,New York,Knicks,1610612752,Boston,Celtics,1610612738,118,133,1610612738,Regular Season,19812.0,,,251,15
22200133,2022-11-05 19:00:00+00:00,Charlotte,Hornets,1610612766,Brooklyn,Nets,1610612751,94,98,1610612751,Regular Season,19398.0,,,192,4
22200132,2022-11-05 17:00:00+00:00,Orlando,Magic,1610612753,Sacramento,Kings,1610612758,123,126,1610612758,Regular Season,18846.0,,,249,3
22200131,2022-11-04 22:30:00+00:00,Los Angeles,Lakers,1610612747,Utah,Jazz,1610612762,116,130,1610612762,Regular Season,18997.0,,,246,14
22200129,2022-11-04 22:00:00+00:00,Minnesota,Timberwolves,1610612750,Milwaukee,Bucks,1610612749,102,115,1610612749,Regular Season,17136.0,,,217,13
22200130,2022-11-04 22:00:00+00:00,Phoenix,Suns,1610612756,Portland,Trail Blazers,1610612757,106,108,1610612757,Regular Season,17071.0,,,214,2
22200127,2022-11-04 20:30:00+00:00,Dallas,Mavericks,1610612742,Toronto,Raptors,1610612761,111,110,1610612742,Regular Season,20177.0,,,221,1
22200128,2022-11-04 20:30:00+00:00,New Orleans,Pelicans,1610612740,Golden State,Warriors,1610612744,114,105,1610612740,Regular Season,18451.0,,,219,9
22200126,2022-11-04 20:00:00+00:00,San Antonio,Spurs,1610612759,Los Angeles,Clippers,1610612746,106,113,1610612746,Regular Season,12603.0,,,219,7
22200125,2022-11-04 20:00:00+00:00,Memphis,Grizzlies,1610612763,Charlotte,Hornets,1610612766,130,99,1610612763,Regular Season,17187.0,,,229,31
22200124,2022-11-04 19:30:00+00:00,Boston,Celtics,1610612738,Chicago,Bulls,1610612741,123,119,1610612738,Regular Season,19156.0,,,242,4
22200120,2022-11-04 19:00:00+00:00,Detroit,Pistons,1610612765,Cleveland,Cavaliers,1610612739,88,112,1610612739,Regular Season,18744.0,,,200,24
22200121,2022-11-04 19:00:00+00:00,Indiana,Pacers,1610612754,Miami,Heat,1610612748,101,99,1610612754,Regular Season,13141.0,,,200,2
22200123,2022-11-04 19:00:00+00:00,Washington,Wizards,1610612764,Brooklyn,Nets,1610612751,86,128,1610612751,Regular Season,17258.0,,,214,42
22200122,2022-11-04 19:00:00+00:00,Philadelphia,76ers,1610612755,New York,Knicks,1610612752,104,106,1610612752,Regular Season,20679.0,,,210,2
22200119,2022-11-03 20:00:00+00:00,Oklahoma City,Thunder,1610612760,Denver,Nuggets,1610612743,110,122,1610612743,Regular Season,13791.0,,,232,12
22200118,2022-11-03 19:00:00+00:00,Orlando,Magic,1610612753,Golden State,Warriors,1610612744,130,129,1610612753,Regular Season,18846.0,,,259,1
22200117,2022-11-02 22:30:00+00:00,Los Angeles,Lakers,1610612747,New Orleans,Pelicans,1610612740,120,117,1610612747,Regular Season,18997.0,,,237,3
22200116,2022-11-02 22:00:00+00:00,Portland,Trail Blazers,1610612757,Memphis,Grizzlies,1610612763,106,111,1610612763,Regular Season,19462.0,,,217,5
22200115,2022-11-02 20:30:00+00:00,Dallas,Mavericks,1610612742,Utah,Jazz,1610612762,103,100,1610612742,Regular Season,19877.0,,,203,3
22200113,2022-11-02 20:00:00+00:00,Milwaukee,Bucks,1610612749,Detroit,Pistons,1610612765,116,91,1610612749,Regular Season,17341.0,,,207,25
22200111,2022-11-02 20:00:00+00:00,Chicago,Bulls,1610612741,Charlotte,Hornets,1610612766,106,88,1610612741,Regular Season,17886.0,,,194,18
22200114,2022-11-02 20:00:00+00:00,San Antonio,Spurs,1610612759,Toronto,Raptors,1610612761,100,143,1610612761,Regular Season,12155.0,,,243,43
22200112,2022-11-02 20:00:00+00:00,Houston,Rockets,1610612745,Los Angeles,Clippers,1610612746,101,109,1610612746,Regular Season,15860.0,,,210,8
22200109,2022-11-02 19:30:00+00:00,Miami,Heat,1610612748,Sacramento,Kings,1610612758,110,107,1610612748,Regular Season,19600.0,,,217,3
22200110,2022-11-02 19:30:00+00:00,New York,Knicks,1610612752,Atlanta,Hawks,1610612737,99,112,1610612737,Regular Season,19812.0,,,211,13
22200107,2022-11-02 19:30:00+00:00,Cleveland,Cavaliers,1610612739,Boston,Celtics,1610612738,114,113,1610612739,Regular Season,19432.0,,,227,1
22200108,2022-11-02 18:00:00+00:00,Philadelphia,76ers,1610612755,Washington,Wizards,1610612764,111,121,1610612764,Regular Season,19855.0,,,232,10
22200106,2022-11-01 22:00:00+00:00,Phoenix,Suns,1610612756,Minnesota,Timberwolves,1610612750,116,107,1610612756,Regular Season,17071.0,,,223,9
22200105,2022-11-01 20:00:00+00:00,Oklahoma City,Thunder,1610612760,Orlando,Magic,1610612753,116,108,1610612760,Regular Season,13109.0,,,224,8
22200104,2022-11-01 19:30:00+00:00,Miami,Heat,1610612748,Golden State,Warriors,1610612744,116,109,1610612748,Regular Season,19600.0,,,225,7
22200103,2022-11-01 19:30:00+00:00,Brooklyn,Nets,1610612751,Chicago,Bulls,1610612741,99,108,1610612741,Regular Season,17732.0,,,207,9
22200102,2022-10-31 22:30:00+00:00,Los Angeles,Clippers,1610612746,Houston,Rockets,1610612745,95,93,1610612746,Regular Season,14887.0,,,188,2
22200101,2022-10-31 21:00:00+00:00,Utah,Jazz,1610612762,Memphis,Grizzlies,1610612763,121,105,1610612762,Regular Season,18206.0,,,226,16
22200100,2022-10-31 20:00:00+00:00,Milwaukee,Bucks,1610612749,Detroit,Pistons,1610612765,110,108,1610612749,Regular Season,17341.0,,,218,2
22200098,2022-10-31 19:30:00+00:00,Brooklyn,Nets,1610612751,Indiana,Pacers,1610612754,116,109,1610612751,Regular Season,15770.0,,,225,7
22200099,2022-10-31 19:30:00+00:00,Toronto,Raptors,1610612761,Atlanta,Hawks,1610612737,139,109,1610612761,Regular Season,19800.0,,,248,30
22200096,2022-10-31 19:00:00+00:00,Charlotte,Hornets,1610612766,Sacramento,Kings,1610612758,108,115,1610612758,Regular Season,12020.0,,,223,7
22200097,2022-10-31 19:00:00+00:00,Washington,Wizards,1610612764,Philadelphia,76ers,1610612755,111,118,1610612755,Regular Season,13746.0,,,229,7
22200095,2022-10-30 21:30:00+00:00,Los Angeles,Lakers,1610612747,Denver,Nuggets,1610612743,121,110,1610612747,Regular Season,18997.0,,,231,11
22200094,2022-10-30 21:00:00+00:00,Phoenix,Suns,1610612756,Houston,Rockets,1610612745,124,109,1610612756,Regular Season,17071.0,,,233,15
22200093,2022-10-30 19:30:00+00:00,Dallas,Mavericks,1610612742,Orlando,Magic,1610612753,114,105,1610612742,Regular Season,20042.0,,,219,9
22200092,2022-10-30 19:00:00+00:00,San Antonio,Spurs,1610612759,Minnesota,Timberwolves,1610612750,107,98,1610612759,Regular Season,15053.0,,,205,9
22200090,2022-10-30 18:00:00+00:00,Cleveland,Cavaliers,1610612739,New York,Knicks,1610612752,121,108,1610612739,Regular Season,19432.0,,,229,13
22200089,2022-10-30 18:00:00+00:00,Boston,Celtics,1610612738,Washington,Wizards,1610612764,112,94,1610612738,Regular Season,19156.0,,,206,18
22200091,2022-10-30 18:00:00+00:00,Detroit,Pistons,1610612765,Golden State,Warriors,1610612744,128,114,1610612765,Regular Season,20190.0,,,242,14
22200088,2022-10-30 15:00:00+00:00,Los Angeles,Clippers,1610612746,New Orleans,Pelicans,1610612740,91,112,1610612740,Regular Season,18142.0,,,203,21
22200086,2022-10-29 21:00:00+00:00,Dallas,Mavericks,1610612742,Oklahoma City,Thunder,1610612760,111,117,1610612760,Regular Season,20307.0,,,228,6
22200087,2022-10-29 21:00:00+00:00,Utah,Jazz,1610612762,Memphis,Grizzlies,1610612763,124,123,1610612762,Regular Season,18206.0,,,247,1
22200084,2022-10-29 20:00:00+00:00,Chicago,Bulls,1610612741,Philadelphia,76ers,1610612755,109,114,1610612755,Regular Season,19010.0,,,223,5
22200085,2022-10-29 20:00:00+00:00,Milwaukee,Bucks,1610612749,Atlanta,Hawks,1610612737,123,115,1610612749,Regular Season,17341.0,,,238,8
22200083,2022-10-29 19:30:00+00:00,Brooklyn,Nets,1610612751,Indiana,Pacers,1610612754,116,125,1610612754,Regular Season,17732.0,,,241,9
22200082,2022-10-29 19:00:00+00:00,Charlotte,Hornets,1610612766,Golden State,Warriors,1610612744,120,113,1610612766,Regular Season,19079.0,,,233,7
22200081,2022-10-29 18:00:00+00:00,Sacramento,Kings,1610612758,Miami,Heat,1610612748,119,113,1610612758,Regular Season,14618.0,,,232,6
22200080,2022-10-28 22:00:00+00:00,Portland,Trail Blazers,1610612757,Houston,Rockets,1610612745,125,111,1610612757,Regular Season,19082.0,,,236,14
22200079,2022-10-28 22:00:00+00:00,Phoenix,Suns,1610612756,New Orleans,Pelicans,1610612740,124,111,1610612756,Regular Season,17071.0,,,235,13
22200078,2022-10-28 21:00:00+00:00,Denver,Nuggets,1610612743,Utah,Jazz,1610612762,117,101,1610612743,Regular Season,19560.0,,,218,16
22200077,2022-10-28 20:30:00+00:00,San Antonio,Spurs,1610612759,Chicago,Bulls,1610612741,129,124,1610612759,Regular Season,16562.0,,,253,5
22200076,2022-10-28 20:00:00+00:00,Minnesota,Timberwolves,1610612750,Los Angeles,Lakers,1610612747,111,102,1610612750,Regular Season,17136.0,,,213,9
22200075,2022-10-28 20:00:00+00:00,Milwaukee,Bucks,1610612749,New York,Knicks,1610612752,119,108,1610612749,Regular Season,17341.0,,,227,11
22200072,2022-10-28 19:30:00+00:00,Boston,Celtics,1610612738,Cleveland,Cavaliers,1610612739,123,132,1610612739,Regular Season,19156.0,,,255,9
22200073,2022-10-28 19:30:00+00:00,Toronto,Raptors,1610612761,Philadelphia,76ers,1610612755,90,112,1610612755,Regular Season,19800.0,,,202,22
22200074,2022-10-28 19:30:00+00:00,Washington,Wizards,1610612764,Indiana,Pacers,1610612754,117,127,1610612754,Regular Season,13463.0,,,244,10
22200070,2022-10-28 19:00:00+00:00,Detroit,Pistons,1610612765,Atlanta,Hawks,1610612737,112,136,1610612737,Regular Season,18923.0,,,248,24
22200071,2022-10-28 19:00:00+00:00,Orlando,Magic,1610612753,Charlotte,Hornets,1610612766,113,93,1610612753,Regular Season,18846.0,,,206,20
22200069,2022-10-27 22:00:00+00:00,Sacramento,Kings,1610612758,Memphis,Grizzlies,1610612763,110,125,1610612763,Regular Season,15511.0,,,235,15
22200068,2022-10-27 22:00:00+00:00,Golden State,Warriors,1610612744,Miami,Heat,1610612748,123,110,1610612744,Regular Season,18064.0,,,233,13
22200067,2022-10-27 20:00:00+00:00,Oklahoma City,Thunder,1610612760,Los Angeles,Clippers,1610612746,118,110,1610612760,Regular Season,14510.0,,,228,8
22200066,2022-10-27 19:30:00+00:00,Brooklyn,Nets,1610612751,Dallas,Mavericks,1610612742,125,129,1610612742,Regular Season,18039.0,,,254,4
22200065,2022-10-26 22:00:00+00:00,Portland,Trail Blazers,1610612757,Miami,Heat,1610612748,98,119,1610612748,Regular Season,18588.0,,,217,21
22200064,2022-10-26 22:00:00+00:00,Denver,Nuggets,1610612743,Los Angeles,Lakers,1610612747,110,99,1610612743,Regular Season,19520.0,,,209,11
22200063,2022-10-26 21:00:00+00:00,Utah,Jazz,1610612762,Houston,Rockets,1610612745,109,101,1610612762,Regular Season,18206.0,,,210,8
22200062,2022-10-26 20:00:00+00:00,Minnesota,Timberwolves,1610612750,San Antonio,Spurs,1610612759,134,122,1610612750,Regular Season,16165.0,,,256,12
22200061,2022-10-26 20:00:00+00:00,Chicago,Bulls,1610612741,Indiana,Pacers,1610612754,124,109,1610612741,Regular Season,18306.0,,,233,15
22200058,2022-10-26 19:30:00+00:00,New York,Knicks,1610612752,Charlotte,Hornets,1610612766,134,131,1610612752,Regular Season,19812.0,,,265,3
22200060,2022-10-26 19:30:00+00:00,Milwaukee,Bucks,1610612749,Brooklyn,Nets,1610612751,110,99,1610612749,Regular Season,17341.0,,,209,11
22200059,2022-10-26 19:30:00+00:00,Toronto,Raptors,1610612761,Philadelphia,76ers,1610612755,119,109,1610612761,Regular Season,19800.0,,,228,10
22200057,2022-10-26 19:00:00+00:00,Detroit,Pistons,1610612765,Atlanta,Hawks,1610612737,113,118,1610612737,Regular Season,17987.0,,,231,5
22200056,2022-10-26 19:00:00+00:00,Cleveland,Cavaliers,1610612739,Orlando,Magic,1610612753,103,92,1610612739,Regular Season,18024.0,,,195,11
22200055,2022-10-25 22:00:00+00:00,Phoenix,Suns,1610612756,Golden State,Warriors,1610612744,134,105,1610612756,Regular Season,17071.0,,,239,29
22200054,2022-10-25 20:00:00+00:00,Oklahoma City,Thunder,1610612760,Los Angeles,Clippers,1610612746,108,94,1610612760,Regular Season,13105.0,,,202,14
22200053,2022-10-25 19:30:00+00:00,New Orleans,Pelicans,1610612740,Dallas,Mavericks,1610612742,113,111,1610612740,Regular Season,14020.0,,,224,2
22200052,2022-10-25 19:00:00+00:00,Washington,Wizards,1610612764,Detroit,Pistons,1610612765,120,99,1610612764,Regular Season,13196.0,,,219,21
22200051,2022-10-24 22:00:00+00:00,Portland,Trail Blazers,1610612757,Denver,Nuggets,1610612743,135,110,1610612757,Regular Season,18111.0,,,245,25
22200049,2022-10-24 20:00:00+00:00,Memphis,Grizzlies,1610612763,Brooklyn,Nets,1610612751,134,124,1610612763,Regular Season,17392.0,,,258,10
22200047,2022-10-24 20:00:00+00:00,Chicago,Bulls,1610612741,Boston,Celtics,1610612738,120,102,1610612741,Regular Season,17673.0,,,222,18
22200050,2022-10-24 20:00:00+00:00,Minnesota,Timberwolves,1610612750,San Antonio,Spurs,1610612759,106,115,1610612759,Regular Season,15347.0,,,221,9
22200048,2022-10-24 20:00:00+00:00,Houston,Rockets,1610612745,Utah,Jazz,1610612762,114,108,1610612745,Regular Season,16260.0,,,222,6
22200045,2022-10-24 19:30:00+00:00,Miami,Heat,1610612748,Toronto,Raptors,1610612761,90,98,1610612761,Regular Season,19600.0,,,188,8
22200046,2022-10-24 19:30:00+00:00,New York,Knicks,1610612752,Orlando,Magic,1610612753,115,102,1610612752,Regular Season,18800.0,,,217,13
22200044,2022-10-24 19:00:00+00:00,Philadelphia,76ers,1610612755,Indiana,Pacers,1610612754,120,106,1610612755,Regular Season,19786.0,,,226,14
22200043,2022-10-23 22:00:00+00:00,Los Angeles,Clippers,1610612746,Phoenix,Suns,1610612756,95,112,1610612756,Regular Season,19068.0,,,207,17
22200042,2022-10-23 20:30:00+00:00,Golden State,Warriors,1610612744,Sacramento,Kings,1610612758,130,125,1610612744,Regular Season,18064.0,,,255,5
22200041,2022-10-23 20:00:00+00:00,Oklahoma City,Thunder,1610612760,Minnesota,Timberwolves,1610612750,106,116,1610612750,Regular Season,15044.0,,,222,10
22200040,2022-10-23 19:00:00+00:00,New Orleans,Pelicans,1610612740,Utah,Jazz,1610612762,121,122,1610612762,Regular Season,18665.0,,,243,1
22200039,2022-10-23 19:00:00+00:00,Cleveland,Cavaliers,1610612739,Washington,Wizards,1610612764,117,107,1610612739,Regular Season,19432.0,,,224,10
22200038,2022-10-23 17:00:00+00:00,Atlanta,Hawks,1610612737,Charlotte,Hornets,1610612766,109,126,1610612766,Regular Season,17383.0,,,235,17
22200037,2022-10-23 15:30:00+00:00,Los Angeles,Lakers,1610612747,Portland,Trail Blazers,1610612757,104,106,1610612757,Regular Season,18997.0,,,210,2
22200036,2022-10-22 22:00:00+00:00,Sacramento,Kings,1610612758,Los Angeles,Clippers,1610612746,109,111,1610612746,Regular Season,16296.0,,,220,2
22200035,2022-10-22 21:00:00+00:00,Denver,Nuggets,1610612743,Oklahoma City,Thunder,1610612760,122,117,1610612743,Regular Season,19983.0,,,239,5
22200034,2022-10-22 20:30:00+00:00,Dallas,Mavericks,1610612742,Memphis,Grizzlies,1610612763,137,96,1610612742,Regular Season,20377.0,,,233,41
22200033,2022-10-22 20:00:00+00:00,Milwaukee,Bucks,1610612749,Houston,Rockets,1610612745,125,105,1610612749,Regular Season,17341.0,,,230,20
22200031,2022-10-22 20:00:00+00:00,Miami,Heat,1610612748,Toronto,Raptors,1610612761,112,109,1610612748,Regular Season,19600.0,,,221,3
22200032,2022-10-22 20:00:00+00:00,Chicago,Bulls,1610612741,Cleveland,Cavaliers,1610612739,96,128,1610612739,Regular Season,21089.0,,,224,32
22200029,2022-10-22 19:00:00+00:00,Indiana,Pacers,1610612754,Detroit,Pistons,1610612765,124,115,1610612754,Regular Season,16056.0,,,239,9
22200030,2022-10-22 19:00:00+00:00,Orlando,Magic,1610612753,Boston,Celtics,1610612738,120,126,1610612738,Regular Season,19299.0,,,246,6
22200028,2022-10-22 18:00:00+00:00,Philadelphia,76ers,1610612755,San Antonio,Spurs,1610612759,105,114,1610612759,Regular Season,19822.0,,,219,9
22200027,2022-10-21 22:00:00+00:00,Portland,Trail Blazers,1610612757,Phoenix,Suns,1610612756,113,111,1610612757,Regular Season,19393.0,,,224,2
22200026,2022-10-21 22:00:00+00:00,Golden State,Warriors,1610612744,Denver,Nuggets,1610612743,123,128,1610612743,Regular Season,18064.0,,,251,5
22200025,2022-10-21 20:00:00+00:00,Minnesota,Timberwolves,1610612750,Utah,Jazz,1610612762,126,132,1610612762,Regular Season,17136.0,,,258,6
22200024,2022-10-21 20:00:00+00:00,Houston,Rockets,1610612745,Memphis,Grizzlies,1610612763,122,129,1610612763,Regular Season,18055.0,,,251,7
22200021,2022-10-21 19:30:00+00:00,Brooklyn,Nets,1610612751,Toronto,Raptors,1610612761,109,105,1610612751,Regular Season,17732.0,,,214,4
22200020,2022-10-21 19:30:00+00:00,Atlanta,Hawks,1610612737,Orlando,Magic,1610612753,108,98,1610612737,Regular Season,17822.0,,,206,10
22200022,2022-10-21 19:30:00+00:00,Miami,Heat,1610612748,Boston,Celtics,1610612738,104,111,1610612738,Regular Season,19600.0,,,215,7
22200023,2022-10-21 19:30:00+00:00,New York,Knicks,1610612752,Detroit,Pistons,1610612765,130,106,1610612752,Regular Season,19812.0,,,236,24
22200019,2022-10-21 19:00:00+00:00,Washington,Wizards,1610612764,Chicago,Bulls,1610612741,102,100,1610612764,Regular Season,20476.0,,,202,2
22200018,2022-10-21 19:00:00+00:00,Indiana,Pacers,1610612754,San Antonio,Spurs,1610612759,134,137,1610612759,Regular Season,12073.0,,,271,3
22200017,2022-10-21 19:00:00+00:00,Charlotte,Hornets,1610612766,New Orleans,Pelicans,1610612740,112,124,1610612740,Regular Season,19287.0,,,236,12
22200016,2022-10-20 22:00:00+00:00,Los Angeles,Lakers,1610612747,Los Angeles,Clippers,1610612746,97,103,1610612746,Regular Season,18997.0,,,200,6
22200015,2022-10-20 19:30:00+00:00,Philadelphia,76ers,1610612755,Milwaukee,Bucks,1610612749,88,90,1610612749,Regular Season,20060.0,,,178,2
22200013,2022-10-19 22:00:00+00:00,Phoenix,Suns,1610612756,Dallas,Mavericks,1610612742,107,105,1610612756,Regular Season,17071.0,,,212,2
22200014,2022-10-19 22:00:00+00:00,Sacramento,Kings,1610612758,Portland,Trail Blazers,1610612757,108,115,1610612757,Regular Season,17611.0,,,223,7
22200012,2022-10-19 21:00:00+00:00,Utah,Jazz,1610612762,Denver,Nuggets,1610612743,123,102,1610612762,Regular Season,18206.0,,,225,21
22200011,2022-10-19 20:00:00+00:00,San Antonio,Spurs,1610612759,Charlotte,Hornets,1610612766,102,129,1610612766,Regular Season,16236.0,,,231,27
22200010,2022-10-19 20:00:00+00:00,Minnesota,Timberwolves,1610612750,Oklahoma City,Thunder,1610612760,115,108,1610612750,Regular Season,17136.0,,,223,7
22200006,2022-10-19 19:30:00+00:00,Brooklyn,Nets,1610612751,New Orleans,Pelicans,1610612740,108,130,1610612740,Regular Season,18003.0,,,238,22
22200007,2022-10-19 19:30:00+00:00,Miami,Heat,1610612748,Chicago,Bulls,1610612741,108,116,1610612741,Regular Season,19600.0,,,224,8
22200005,2022-10-19 19:30:00+00:00,Atlanta,Hawks,1610612737,Houston,Rockets,1610612745,117,107,1610612737,Regular Season,17878.0,,,224,10
22200009,2022-10-19 19:30:00+00:00,Memphis,Grizzlies,1610612763,New York,Knicks,1610612752,115,112,1610612763,Regular Season,18202.0,,,227,3
22200008,2022-10-19 19:30:00+00:00,Toronto,Raptors,1610612761,Cleveland,Cavaliers,1610612739,108,105,1610612761,Regular Season,19800.0,,,213,3
22200003,2022-10-19 19:00:00+00:00,Detroit,Pistons,1610612765,Orlando,Magic,1610612753,113,109,1610612765,Regular Season,20190.0,,,222,4
22200004,2022-10-19 19:00:00+00:00,Indiana,Pacers,1610612754,Washington,Wizards,1610612764,107,114,1610612764,Regular Season,15027.0,,,221,7
22200002,2022-10-18 22:00:00+00:00,Golden State,Warriors,1610612744,Los Angeles,Lakers,1610612747,123,109,1610612744,Regular Season,18064.0,,,232,14
22200001,2022-10-18 19:30:00+00:00,Boston,Celtics,1610612738,Philadelphia,76ers,1610612755,126,117,1610612738,Regular Season,19156.0,,,243,9
22101220,2022-04-10 21:30:00+00:00,Denver,Nuggets,1610612743,Los Angeles,Lakers,1610612747,141,146,1610612747,Regular Season,19520.0,,,287,5
22101229,2022-04-10 21:30:00+00:00,Phoenix,Suns,1610612756,Sacramento,Kings,1610612758,109,116,1610612758,Regular Season,17071.0,,,225,7
22101222,2022-04-10 21:30:00+00:00,Los Angeles,Clippers,1610612746,Oklahoma City,Thunder,1610612760,138,88,1610612746,Regular Season,18210.0,,,226,50
22101225,2022-04-10 21:30:00+00:00,New Orleans,Pelicans,1610612740,Golden State,Warriors,1610612744,107,128,1610612744,Regular Season,16595.0,,,235,21
22101230,2022-04-10 21:30:00+00:00,Portland,Trail Blazers,1610612757,Utah,Jazz,1610612762,80,111,1610612762,Regular Season,18123.0,,,191,31
22101219,2022-04-10 21:30:00+00:00,Dallas,Mavericks,1610612742,San Antonio,Spurs,1610612759,130,120,1610612742,Regular Season,20270.0,,,250,10
22101224,2022-04-10 20:30:00+00:00,Minnesota,Timberwolves,1610612750,Chicago,Bulls,1610612741,120,124,1610612741,Regular Season,17136.0,,,244,4
22101226,2022-04-10 19:00:00+00:00,New York,Knicks,1610612752,Toronto,Raptors,1610612761,105,94,1610612752,Regular Season,19812.0,,,199,11
22101228,2022-04-10 19:00:00+00:00,Philadelphia,76ers,1610612755,Detroit,Pistons,1610612765,118,106,1610612755,Regular Season,21459.0,,,224,12
22101223,2022-04-10 19:00:00+00:00,Memphis,Grizzlies,1610612763,Boston,Celtics,1610612738,110,139,1610612738,Regular Season,17441.0,,,249,29
22101227,2022-04-10 19:00:00+00:00,Orlando,Magic,1610612753,Miami,Heat,1610612748,125,111,1610612753,Regular Season,19253.0,,,236,14
22101218,2022-04-10 15:30:00+00:00,Cleveland,Cavaliers,1610612739,Milwaukee,Bucks,1610612749,133,115,1610612739,Regular Season,19432.0,,,248,18
22101217,2022-04-10 15:30:00+00:00,Charlotte,Hornets,1610612766,Washington,Wizards,1610612764,124,108,1610612766,Regular Season,18465.0,,,232,16
22101221,2022-04-10 15:30:00+00:00,Houston,Rockets,1610612745,Atlanta,Hawks,1610612737,114,130,1610612737,Regular Season,18055.0,,,244,16
22101216,2022-04-10 15:30:00+00:00,Brooklyn,Nets,1610612751,Indiana,Pacers,1610612754,134,126,1610612751,Regular Season,17967.0,,,260,8
22101212,2022-04-09 21:30:00+00:00,Los Angeles,Clippers,1610612746,Sacramento,Kings,1610612758,117,98,1610612746,Regular Season,17568.0,,,215,19
22101215,2022-04-09 20:30:00+00:00,San Antonio,Spurs,1610612759,Golden State,Warriors,1610612744,94,100,1610612744,Regular Season,18627.0,,,194,6
22101213,2022-04-09 18:00:00+00:00,Memphis,Grizzlies,1610612763,New Orleans,Pelicans,1610612740,141,114,1610612763,Regular Season,17207.0,,,255,27
22101214,2022-04-09 13:00:00+00:00,Philadelphia,76ers,1610612755,Indiana,Pacers,1610612754,133,120,1610612755,Regular Season,21171.0,,,253,13
22101211,2022-04-08 22:30:00+00:00,Los Angeles,Lakers,1610612747,Oklahoma City,Thunder,1610612760,120,101,1610612747,Regular Season,18997.0,,,221,19
22101210,2022-04-08 21:30:00+00:00,Utah,Jazz,1610612762,Phoenix,Suns,1610612756,105,111,1610612756,Regular Season,18306.0,,,216,6
22101209,2022-04-08 20:30:00+00:00,Dallas,Mavericks,1610612742,Portland,Trail Blazers,1610612757,128,78,1610612742,Regular Season,20174.0,,,206,50
22101208,2022-04-08 20:00:00+00:00,Chicago,Bulls,1610612741,Charlotte,Hornets,1610612766,117,133,1610612766,Regular Season,21461.0,,,250,16
22101207,2022-04-08 20:00:00+00:00,Miami,Heat,1610612748,Atlanta,Hawks,1610612737,113,109,1610612748,Regular Season,19993.0,,,222,4
22101206,2022-04-08 19:30:00+00:00,Toronto,Raptors,1610612761,Houston,Rockets,1610612745,117,115,1610612761,Regular Season,19800.0,,,232,2
22101205,2022-04-08 19:30:00+00:00,Brooklyn,Nets,1610612751,Cleveland,Cavaliers,1610612739,118,107,1610612751,Regular Season,18169.0,,,225,11
22101204,2022-04-08 19:00:00+00:00,Washington,Wizards,1610612764,New York,Knicks,1610612752,92,114,1610612752,Regular Season,19472.0,,,206,22
22101203,2022-04-08 19:00:00+00:00,Detroit,Pistons,1610612765,Milwaukee,Bucks,1610612749,101,131,1610612749,Regular Season,22088.0,,,232,30
22101202,2022-04-07 22:00:00+00:00,Golden State,Warriors,1610612744,Los Angeles,Lakers,1610612747,128,112,1610612744,Regular Season,18064.0,,,240,16
22101201,2022-04-07 21:00:00+00:00,Denver,Nuggets,1610612743,Memphis,Grizzlies,1610612763,122,109,1610612743,Regular Season,19520.0,,,231,13
22101199,2022-04-07 20:00:00+00:00,Minnesota,Timberwolves,1610612750,San Antonio,Spurs,1610612759,127,121,1610612750,Regular Season,17136.0,,,248,6
22101200,2022-04-07 20:00:00+00:00,New Orleans,Pelicans,1610612740,Portland,Trail Blazers,1610612757,127,94,1610612740,Regular Season,12432.0,,,221,33
22101198,2022-04-07 19:30:00+00:00,Milwaukee,Bucks,1610612749,Boston,Celtics,1610612738,127,121,1610612749,Regular Season,18046.0,,,248,6
22101197,2022-04-07 19:30:00+00:00,Toronto,Raptors,1610612761,Philadelphia,76ers,1610612755,119,114,1610612761,Regular Season,19800.0,,,233,5
22101196,2022-04-07 19:00:00+00:00,Charlotte,Hornets,1610612766,Orlando,Magic,1610612753,128,101,1610612766,Regular Season,16427.0,,,229,27
22101195,2022-04-06 22:00:00+00:00,Los Angeles,Clippers,1610612746,Phoenix,Suns,1610612756,113,109,1610612746,Regular Season,19068.0,,,222,4
22101194,2022-04-06 21:00:00+00:00,Utah,Jazz,1610612762,Oklahoma City,Thunder,1610612760,137,101,1610612762,Regular Season,18306.0,,,238,36
22101192,2022-04-06 20:00:00+00:00,Atlanta,Hawks,1610612737,Washington,Wizards,1610612764,118,103,1610612737,Regular Season,17381.0,,,221,15
22101193,2022-04-06 20:00:00+00:00,Chicago,Bulls,1610612741,Boston,Celtics,1610612738,94,117,1610612738,Regular Season,21095.0,,,211,23
22101191,2022-04-06 19:30:00+00:00,New York,Knicks,1610612752,Brooklyn,Nets,1610612751,98,110,1610612751,Regular Season,19812.0,,,208,12
22101190,2022-04-06 19:00:00+00:00,Detroit,Pistons,1610612765,Dallas,Mavericks,1610612742,113,131,1610612742,Regular Season,18422.0,,,244,18
22101189,2022-04-05 22:30:00+00:00,Phoenix,Suns,1610612756,Los Angeles,Lakers,1610612747,121,110,1610612756,Regular Season,17071.0,,,231,11
22101188,2022-04-05 22:00:00+00:00,Sacramento,Kings,1610612758,New Orleans,Pelicans,1610612740,109,123,1610612740,Regular Season,16047.0,,,232,14
22101186,2022-04-05 21:00:00+00:00,Denver,Nuggets,1610612743,San Antonio,Spurs,1610612759,97,116,1610612759,Regular Season,17037.0,,,213,19
22101187,2022-04-05 21:00:00+00:00,Utah,Jazz,1610612762,Memphis,Grizzlies,1610612763,121,115,1610612762,Regular Season,18306.0,,,236,6
22101183,2022-04-05 20:00:00+00:00,Chicago,Bulls,1610612741,Milwaukee,Bucks,1610612749,106,127,1610612749,Regular Season,20799.0,,,233,21
22101185,2022-04-05 20:00:00+00:00,Oklahoma City,Thunder,1610612760,Portland,Trail Blazers,1610612757,98,94,1610612760,Regular Season,14674.0,,,192,4
22101184,2022-04-05 20:00:00+00:00,Minnesota,Timberwolves,1610612750,Washington,Wizards,1610612764,114,132,1610612764,Regular Season,17136.0,,,246,18
22101181,2022-04-05 19:30:00+00:00,Miami,Heat,1610612748,Charlotte,Hornets,1610612766,144,115,1610612748,Regular Season,19600.0,,,259,29
22101180,2022-04-05 19:30:00+00:00,Brooklyn,Nets,1610612751,Houston,Rockets,1610612745,118,105,1610612751,Regular Season,17768.0,,,223,13
22101182,2022-04-05 19:30:00+00:00,Toronto,Raptors,1610612761,Atlanta,Hawks,1610612737,118,108,1610612761,Regular Season,19800.0,,,226,10
22101179,2022-04-05 19:00:00+00:00,Orlando,Magic,1610612753,Cleveland,Cavaliers,1610612739,120,115,1610612753,Regular Season,16897.0,,,235,5
22101178,2022-04-05 19:00:00+00:00,Indiana,Pacers,1610612754,Philadelphia,76ers,1610612755,122,131,1610612755,Regular Season,15583.0,,,253,9
22101177,2022-04-03 21:30:00+00:00,Los Angeles,Clippers,1610612746,New Orleans,Pelicans,1610612740,119,100,1610612746,Regular Season,16840.0,,,219,19
22101176,2022-04-03 21:00:00+00:00,Sacramento,Kings,1610612758,Golden State,Warriors,1610612744,90,109,1610612744,Regular Season,17583.0,,,199,19
22101175,2022-04-03 19:00:00+00:00,San Antonio,Spurs,1610612759,Portland,Trail Blazers,1610612757,113,92,1610612759,Regular Season,15816.0,,,205,21
22101172,2022-04-03 19:00:00+00:00,Toronto,Raptors,1610612761,Miami,Heat,1610612748,109,114,1610612748,Regular Season,19800.0,,,223,5
22101174,2022-04-03 19:00:00+00:00,Oklahoma City,Thunder,1610612760,Phoenix,Suns,1610612756,117,96,1610612760,Regular Season,17078.0,,,213,21
22101173,2022-04-03 19:00:00+00:00,Houston,Rockets,1610612745,Minnesota,Timberwolves,1610612750,132,139,1610612750,Regular Season,16539.0,,,271,7
22101170,2022-04-03 18:00:00+00:00,Cleveland,Cavaliers,1610612739,Philadelphia,76ers,1610612755,108,112,1610612755,Regular Season,19432.0,,,220,4
22101171,2022-04-03 18:00:00+00:00,Orlando,Magic,1610612753,New York,Knicks,1610612752,88,118,1610612752,Regular Season,15747.0,,,206,30
22101169,2022-04-03 17:00:00+00:00,Indiana,Pacers,1610612754,Detroit,Pistons,1610612765,117,121,1610612765,Regular Season,17407.0,,,238,4
22101168,2022-04-03 15:30:00+00:00,Los Angeles,Lakers,1610612747,Denver,Nuggets,1610612743,118,129,1610612743,Regular Season,18997.0,,,247,11
22101167,2022-04-03 13:00:00+00:00,Milwaukee,Bucks,1610612749,Dallas,Mavericks,1610612742,112,118,1610612742,Regular Season,17902.0,,,230,6
22101166,2022-04-03 13:00:00+00:00,Boston,Celtics,1610612738,Washington,Wizards,1610612764,144,102,1610612738,Regular Season,19156.0,,,246,42
22101165,2022-04-02 20:30:00+00:00,Golden State,Warriors,1610612744,Utah,Jazz,1610612762,111,107,1610612744,Regular Season,18064.0,,,218,4
22101164,2022-04-02 20:00:00+00:00,Chicago,Bulls,1610612741,Miami,Heat,1610612748,109,127,1610612748,Regular Season,21697.0,,,236,18
22101163,2022-04-02 19:30:00+00:00,Atlanta,Hawks,1610612737,Brooklyn,Nets,1610612751,122,115,1610612737,Regular Season,18126.0,,,237,7
22101162,2022-04-02 13:00:00+00:00,New York,Knicks,1610612752,Cleveland,Cavaliers,1610612739,101,119,1610612739,Regular Season,19812.0,,,220,18
22101161,2022-04-02 12:30:00+00:00,Philadelphia,76ers,1610612755,Charlotte,Hornets,1610612766,144,114,1610612755,Regular Season,21509.0,,,258,30
22101160,2022-04-01 22:30:00+00:00,Los Angeles,Lakers,1610612747,New Orleans,Pelicans,1610612740,111,114,1610612740,Regular Season,18997.0,,,225,3
22101159,2022-04-01 21:00:00+00:00,Denver,Nuggets,1610612743,Minnesota,Timberwolves,1610612750,130,136,1610612750,Regular Season,19612.0,,,266,6
22101158,2022-04-01 20:30:00+00:00,San Antonio,Spurs,1610612759,Portland,Trail Blazers,1610612757,130,111,1610612759,Regular Season,17512.0,,,241,19
22101154,2022-04-01 20:00:00+00:00,Houston,Rockets,1610612745,Sacramento,Kings,1610612758,117,122,1610612758,Regular Season,14857.0,,,239,5
22101155,2022-04-01 20:00:00+00:00,Memphis,Grizzlies,1610612763,Phoenix,Suns,1610612756,122,114,1610612763,Regular Season,17794.0,,,236,8
22101157,2022-04-01 20:00:00+00:00,Oklahoma City,Thunder,1610612760,Detroit,Pistons,1610612765,101,110,1610612765,Regular Season,16961.0,,,211,9
22101156,2022-04-01 20:00:00+00:00,Milwaukee,Bucks,1610612749,Los Angeles,Clippers,1610612746,119,153,1610612746,Regular Season,18023.0,,,272,34
22101153,2022-04-01 19:30:00+00:00,Boston,Celtics,1610612738,Indiana,Pacers,1610612754,128,123,1610612738,Regular Season,19156.0,,,251,5
22101152,2022-04-01 19:00:00+00:00,Washington,Wizards,1610612764,Dallas,Mavericks,1610612742,135,103,1610612764,Regular Season,17745.0,,,238,32
22101151,2022-04-01 19:00:00+00:00,Orlando,Magic,1610612753,Toronto,Raptors,1610612761,89,102,1610612761,Regular Season,17566.0,,,191,13
22101150,2022-03-31 22:00:00+00:00,Utah,Jazz,1610612762,Los Angeles,Lakers,1610612747,122,109,1610612762,Regular Season,18306.0,,,231,13
22101149,2022-03-31 20:00:00+00:00,Chicago,Bulls,1610612741,Los Angeles,Clippers,1610612746,135,130,1610612741,Regular Season,21519.0,,,265,5
22101148,2022-03-31 19:30:00+00:00,Brooklyn,Nets,1610612751,Milwaukee,Bucks,1610612749,119,120,1610612749,Regular Season,17917.0,,,239,1
22100452,2022-03-31 19:30:00+00:00,Atlanta,Hawks,1610612737,Cleveland,Cavaliers,1610612739,131,107,1610612737,Regular Season,17491.0,,,238,24
22101147,2022-03-31 19:00:00+00:00,Detroit,Pistons,1610612765,Philadelphia,76ers,1610612755,102,94,1610612765,Regular Season,20023.0,,,196,8
22101146,2022-03-30 22:00:00+00:00,Portland,Trail Blazers,1610612757,New Orleans,Pelicans,1610612740,107,117,1610612740,Regular Season,18551.0,,,224,10
22101145,2022-03-30 22:00:00+00:00,Golden State,Warriors,1610612744,Phoenix,Suns,1610612756,103,107,1610612756,Regular Season,18064.0,,,210,4
22101144,2022-03-30 20:30:00+00:00,San Antonio,Spurs,1610612759,Memphis,Grizzlies,1610612763,111,112,1610612763,Regular Season,15821.0,,,223,1
22101143,2022-03-30 20:00:00+00:00,Oklahoma City,Thunder,1610612760,Atlanta,Hawks,1610612737,118,136,1610612737,Regular Season,15595.0,,,254,18
22101142,2022-03-30 20:00:00+00:00,Houston,Rockets,1610612745,Sacramento,Kings,1610612758,118,121,1610612758,Regular Season,13365.0,,,239,3
22101139,2022-03-30 19:30:00+00:00,Boston,Celtics,1610612738,Miami,Heat,1610612748,98,106,1610612748,Regular Season,19156.0,,,204,8
22101141,2022-03-30 19:30:00+00:00,Toronto,Raptors,1610612761,Minnesota,Timberwolves,1610612750,125,102,1610612761,Regular Season,19800.0,,,227,23
22101140,2022-03-30 19:30:00+00:00,New York,Knicks,1610612752,Charlotte,Hornets,1610612766,114,125,1610612766,Regular Season,19812.0,,,239,11
22101138,2022-03-30 19:00:00+00:00,Washington,Wizards,1610612764,Orlando,Magic,1610612753,127,110,1610612764,Regular Season,16455.0,,,237,17
22101136,2022-03-30 19:00:00+00:00,Cleveland,Cavaliers,1610612739,Dallas,Mavericks,1610612742,112,120,1610612742,Regular Season,19432.0,,,232,8
22101137,2022-03-30 19:00:00+00:00,Indiana,Pacers,1610612754,Denver,Nuggets,1610612743,118,125,1610612743,Regular Season,15036.0,,,243,7
22101135,2022-03-29 22:00:00+00:00,Los Angeles,Clippers,1610612746,Utah,Jazz,1610612762,121,115,1610612746,Regular Season,19068.0,,,236,6
22101134,2022-03-29 19:30:00+00:00,Dallas,Mavericks,1610612742,Los Angeles,Lakers,1610612747,128,110,1610612742,Regular Season,20382.0,,,238,18
22101133,2022-03-29 19:30:00+00:00,Brooklyn,Nets,1610612751,Detroit,Pistons,1610612765,130,123,1610612751,Regular Season,17559.0,,,253,7
22101132,2022-03-29 19:00:00+00:00,Washington,Wizards,1610612764,Chicago,Bulls,1610612741,94,107,1610612741,Regular Season,15922.0,,,201,13
22101131,2022-03-29 19:00:00+00:00,Philadelphia,76ers,1610612755,Milwaukee,Bucks,1610612749,116,118,1610612749,Regular Season,21467.0,,,234,2
22101130,2022-03-28 22:00:00+00:00,Portland,Trail Blazers,1610612757,Oklahoma City,Thunder,1610612760,131,134,1610612760,Regular Season,18188.0,,,265,3
22101129,2022-03-28 20:00:00+00:00,Memphis,Grizzlies,1610612763,Golden State,Warriors,1610612744,123,95,1610612763,Regular Season,17011.0,,,218,28
22101128,2022-03-28 20:00:00+00:00,Houston,Rockets,1610612745,San Antonio,Spurs,1610612759,120,123,1610612759,Regular Season,18055.0,,,243,3
22101126,2022-03-28 19:30:00+00:00,New York,Knicks,1610612752,Chicago,Bulls,1610612741,109,104,1610612752,Regular Season,19812.0,,,213,5
22101127,2022-03-28 19:30:00+00:00,Toronto,Raptors,1610612761,Boston,Celtics,1610612738,115,112,1610612761,Regular Season,19800.0,,,227,3
22101125,2022-03-28 19:30:00+00:00,Miami,Heat,1610612748,Sacramento,Kings,1610612758,123,100,1610612748,Regular Season,19600.0,,,223,23
22101122,2022-03-28 19:00:00+00:00,Charlotte,Hornets,1610612766,Denver,Nuggets,1610612743,109,113,1610612743,Regular Season,17614.0,,,222,4
22101123,2022-03-28 19:00:00+00:00,Cleveland,Cavaliers,1610612739,Orlando,Magic,1610612753,107,101,1610612739,Regular Season,19432.0,,,208,6
22101124,2022-03-28 19:00:00+00:00,Indiana,Pacers,1610612754,Atlanta,Hawks,1610612737,123,132,1610612737,Regular Season,14212.0,,,255,9
22101120,2022-03-27 19:30:00+00:00,Brooklyn,Nets,1610612751,Charlotte,Hornets,1610612766,110,119,1610612766,Regular Season,18166.0,,,229,9
22101121,2022-03-27 19:30:00+00:00,Dallas,Mavericks,1610612742,Utah,Jazz,1610612762,114,100,1610612742,Regular Season,20177.0,,,214,14
22101119,2022-03-27 19:00:00+00:00,New Orleans,Pelicans,1610612740,Los Angeles,Lakers,1610612747,116,108,1610612740,Regular Season,18516.0,,,224,8
22101117,2022-03-27 18:00:00+00:00,Washington,Wizards,1610612764,Golden State,Warriors,1610612744,123,115,1610612764,Regular Season,20476.0,,,238,8
22101118,2022-03-27 18:00:00+00:00,Phoenix,Suns,1610612756,Philadelphia,76ers,1610612755,114,104,1610612756,Regular Season,17071.0,,,218,10
22101116,2022-03-27 18:00:00+00:00,Boston,Celtics,1610612738,Minnesota,Timberwolves,1610612750,134,112,1610612738,Regular Season,19156.0,,,246,22
22101115,2022-03-27 15:30:00+00:00,Detroit,Pistons,1610612765,New York,Knicks,1610612752,102,104,1610612752,Regular Season,19304.0,,,206,2
22101114,2022-03-26 22:00:00+00:00,Portland,Trail Blazers,1610612757,Houston,Rockets,1610612745,98,115,1610612745,Regular Season,17821.0,,,213,17
22101113,2022-03-26 21:00:00+00:00,Denver,Nuggets,1610612743,Oklahoma City,Thunder,1610612760,113,107,1610612743,Regular Season,19520.0,,,220,6
22101112,2022-03-26 20:00:00+00:00,Memphis,Grizzlies,1610612763,Milwaukee,Bucks,1610612749,127,102,1610612763,Regular Season,17794.0,,,229,25
22101111,2022-03-26 20:00:00+00:00,Miami,Heat,1610612748,Brooklyn,Nets,1610612751,95,110,1610612751,Regular Season,19600.0,,,205,15
22101110,2022-03-26 20:00:00+00:00,Cleveland,Cavaliers,1610612739,Chicago,Bulls,1610612741,94,98,1610612741,Regular Season,19432.0,,,192,4
22101109,2022-03-26 19:30:00+00:00,Toronto,Raptors,1610612761,Indiana,Pacers,1610612754,131,91,1610612761,Regular Season,19800.0,,,222,40
22101108,2022-03-26 19:00:00+00:00,Orlando,Magic,1610612753,Sacramento,Kings,1610612758,110,114,1610612758,Regular Season,16366.0,,,224,4
22101107,2022-03-26 17:00:00+00:00,New Orleans,Pelicans,1610612740,San Antonio,Spurs,1610612759,103,107,1610612759,Regular Season,13097.0,,,210,4
22101106,2022-03-25 22:30:00+00:00,Los Angeles,Clippers,1610612746,Philadelphia,76ers,1610612755,97,122,1610612755,Regular Season,19068.0,,,219,25
22101105,2022-03-25 22:00:00+00:00,Portland,Trail Blazers,1610612757,Houston,Rockets,1610612745,106,125,1610612745,Regular Season,16947.0,,,231,19
22101104,2022-03-25 20:00:00+00:00,Minnesota,Timberwolves,1610612750,Dallas,Mavericks,1610612742,116,95,1610612750,Regular Season,17136.0,,,211,21
22101103,2022-03-25 20:00:00+00:00,Miami,Heat,1610612748,New York,Knicks,1610612752,103,111,1610612752,Regular Season,19600.0,,,214,8
22101102,2022-03-25 19:30:00+00:00,Atlanta,Hawks,1610612737,Golden State,Warriors,1610612744,121,110,1610612737,Regular Season,17724.0,,,231,11
22101101,2022-03-25 19:00:00+00:00,Detroit,Pistons,1610612765,Washington,Wizards,1610612764,97,100,1610612764,Regular Season,18943.0,,,197,3
22101100,2022-03-25 19:00:00+00:00,Charlotte,Hornets,1610612766,Utah,Jazz,1610612762,107,101,1610612766,Regular Season,19162.0,,,208,6
22101099,2022-03-24 21:00:00+00:00,Denver,Nuggets,1610612743,Phoenix,Suns,1610612756,130,140,1610612756,Regular Season,19520.0,,,270,10
22101096,2022-03-24 20:00:00+00:00,Memphis,Grizzlies,1610612763,Indiana,Pacers,1610612754,133,103,1610612763,Regular Season,16205.0,,,236,30
22101098,2022-03-24 20:00:00+00:00,New Orleans,Pelicans,1610612740,Chicago,Bulls,1610612741,126,109,1610612740,Regular Season,13973.0,,,235,17
22101097,2022-03-24 20:00:00+00:00,Milwaukee,Bucks,1610612749,Washington,Wizards,1610612764,114,102,1610612749,Regular Season,18018.0,,,216,12
22101095,2022-03-24 19:30:00+00:00,Toronto,Raptors,1610612761,Cleveland,Cavaliers,1610612739,117,104,1610612761,Regular Season,19800.0,,,221,13
22101094,2022-03-23 22:00:00+00:00,Portland,Trail Blazers,1610612757,San Antonio,Spurs,1610612759,96,133,1610612759,Regular Season,16610.0,,,229,37
22101093,2022-03-23 22:00:00+00:00,Los Angeles,Lakers,1610612747,Philadelphia,76ers,1610612755,121,126,1610612755,Regular Season,18997.0,,,247,5
22101092,2022-03-23 20:30:00+00:00,Dallas,Mavericks,1610612742,Houston,Rockets,1610612745,110,91,1610612742,Regular Season,20026.0,,,201,19
22101090,2022-03-23 20:00:00+00:00,Minnesota,Timberwolves,1610612750,Phoenix,Suns,1610612756,116,125,1610612756,Regular Season,17136.0,,,241,9
22101091,2022-03-23 20:00:00+00:00,Oklahoma City,Thunder,1610612760,Orlando,Magic,1610612753,118,102,1610612760,Regular Season,14393.0,,,220,16
22101087,2022-03-23 19:30:00+00:00,Boston,Celtics,1610612738,Utah,Jazz,1610612762,125,97,1610612738,Regular Season,19156.0,,,222,28
22101089,2022-03-23 19:30:00+00:00,Memphis,Grizzlies,1610612763,Brooklyn,Nets,1610612751,132,120,1610612763,Regular Season,17794.0,,,252,12
22101088,2022-03-23 19:30:00+00:00,Miami,Heat,1610612748,Golden State,Warriors,1610612744,104,118,1610612744,Regular Season,19600.0,,,222,14
22101085,2022-03-23 19:00:00+00:00,Detroit,Pistons,1610612765,Atlanta,Hawks,1610612737,122,101,1610612765,Regular Season,16212.0,,,223,21
22101086,2022-03-23 19:00:00+00:00,Indiana,Pacers,1610612754,Sacramento,Kings,1610612758,109,110,1610612758,Regular Season,14227.0,,,219,1
22101084,2022-03-23 19:00:00+00:00,Charlotte,Hornets,1610612766,New York,Knicks,1610612752,106,121,1610612752,Regular Season,16290.0,,,227,15
22101083,2022-03-22 22:00:00+00:00,Denver,Nuggets,1610612743,Los Angeles,Clippers,1610612746,127,115,1610612743,Regular Season,16089.0,,,242,12
22101082,2022-03-22 20:00:00+00:00,Milwaukee,Bucks,1610612749,Chicago,Bulls,1610612741,126,98,1610612749,Regular Season,17983.0,,,224,28
22101081,2022-03-22 19:30:00+00:00,New York,Knicks,1610612752,Atlanta,Hawks,1610612737,111,117,1610612737,Regular Season,19812.0,,,228,6
22101080,2022-03-22 19:00:00+00:00,Orlando,Magic,1610612753,Golden State,Warriors,1610612744,94,90,1610612753,Regular Season,17164.0,,,184,4
22101079,2022-03-21 20:30:00+00:00,Dallas,Mavericks,1610612742,Minnesota,Timberwolves,1610612750,110,108,1610612742,Regular Season,20077.0,,,218,2
22101076,2022-03-21 20:00:00+00:00,Chicago,Bulls,1610612741,Toronto,Raptors,1610612761,113,99,1610612741,Regular Season,21778.0,,,212,14
22101078,2022-03-21 20:00:00+00:00,Oklahoma City,Thunder,1610612760,Boston,Celtics,1610612738,123,132,1610612738,Regular Season,15345.0,,,255,9
22101077,2022-03-21 20:00:00+00:00,Houston,Rockets,1610612745,Washington,Wizards,1610612764,115,97,1610612745,Regular Season,13936.0,,,212,18
22101075,2022-03-21 19:30:00+00:00,Brooklyn,Nets,1610612751,Utah,Jazz,1610612762,114,106,1610612751,Regular Season,17887.0,,,220,8
22101074,2022-03-21 19:30:00+00:00,Philadelphia,76ers,1610612755,Miami,Heat,1610612748,113,106,1610612755,Regular Season,21386.0,,,219,7
22101072,2022-03-21 19:00:00+00:00,Cleveland,Cavaliers,1610612739,Los Angeles,Lakers,1610612747,120,131,1610612747,Regular Season,19432.0,,,251,11
22101071,2022-03-21 19:00:00+00:00,Charlotte,Hornets,1610612766,New Orleans,Pelicans,1610612740,106,103,1610612766,Regular Season,13351.0,,,209,3
22101073,2022-03-21 19:00:00+00:00,Detroit,Pistons,1610612765,Portland,Trail Blazers,1610612757,115,119,1610612757,Regular Season,14923.0,,,234,4
22101070,2022-03-20 20:30:00+00:00,Golden State,Warriors,1610612744,San Antonio,Spurs,1610612759,108,110,1610612759,Regular Season,18064.0,,,218,2
22101069,2022-03-20 20:30:00+00:00,Philadelphia,76ers,1610612755,Toronto,Raptors,1610612761,88,93,1610612761,Regular Season,21180.0,,,181,5
22101068,2022-03-20 20:00:00+00:00,Denver,Nuggets,1610612743,Boston,Celtics,1610612738,104,124,1610612738,Regular Season,19602.0,,,228,20
22101067,2022-03-20 19:30:00+00:00,New York,Knicks,1610612752,Utah,Jazz,1610612762,93,108,1610612762,Regular Season,19812.0,,,201,15
22101064,2022-03-20 18:00:00+00:00,Atlanta,Hawks,1610612737,New Orleans,Pelicans,1610612740,112,117,1610612740,Regular Season,17123.0,,,229,5
22101065,2022-03-20 18:00:00+00:00,Orlando,Magic,1610612753,Oklahoma City,Thunder,1610612760,90,85,1610612753,Regular Season,15012.0,,,175,5
22101066,2022-03-20 18:00:00+00:00,Sacramento,Kings,1610612758,Phoenix,Suns,1610612756,124,127,1610612756,Regular Season,17583.0,,,251,3
22101062,2022-03-20 15:30:00+00:00,Indiana,Pacers,1610612754,Portland,Trail Blazers,1610612757,129,98,1610612754,Regular Season,16067.0,,,227,31
22101063,2022-03-20 15:30:00+00:00,Houston,Rockets,1610612745,Memphis,Grizzlies,1610612763,98,122,1610612763,Regular Season,18055.0,,,220,24
22101060,2022-03-19 20:00:00+00:00,Cleveland,Cavaliers,1610612739,Detroit,Pistons,1610612765,113,109,1610612739,Regular Season,19432.0,,,222,4
22101061,2022-03-19 20:00:00+00:00,Washington,Wizards,1610612764,Los Angeles,Lakers,1610612747,127,119,1610612764,Regular Season,20476.0,,,246,8
22101059,2022-03-19 19:00:00+00:00,Charlotte,Hornets,1610612766,Dallas,Mavericks,1610612742,129,108,1610612766,Regular Season,19279.0,,,237,21
22101058,2022-03-19 17:00:00+00:00,Minnesota,Timberwolves,1610612750,Milwaukee,Bucks,1610612749,138,119,1610612750,Regular Season,17136.0,,,257,19
22101056,2022-03-18 22:00:00+00:00,Phoenix,Suns,1610612756,Chicago,Bulls,1610612741,129,102,1610612756,Regular Season,17071.0,,,231,27
22101057,2022-03-18 22:00:00+00:00,Sacramento,Kings,1610612758,Boston,Celtics,1610612738,97,126,1610612738,Regular Season,15313.0,,,223,29
22101055,2022-03-18 21:00:00+00:00,Utah,Jazz,1610612762,Los Angeles,Clippers,1610612746,121,92,1610612762,Regular Season,18306.0,,,213,29
22101054,2022-03-18 20:30:00+00:00,San Antonio,Spurs,1610612759,New Orleans,Pelicans,1610612740,91,124,1610612740,Regular Season,18354.0,,,215,33
22101052,2022-03-18 20:00:00+00:00,Miami,Heat,1610612748,Oklahoma City,Thunder,1610612760,120,108,1610612748,Regular Season,19600.0,,,228,12
22101053,2022-03-18 20:00:00+00:00,Houston,Rockets,1610612745,Indiana,Pacers,1610612754,118,121,1610612754,Regular Season,13748.0,,,239,3
22101049,2022-03-18 19:30:00+00:00,Cleveland,Cavaliers,1610612739,Denver,Nuggets,1610612743,119,116,1610612739,Regular Season,19432.0,,,235,3
22101050,2022-03-18 19:30:00+00:00,New York,Knicks,1610612752,Washington,Wizards,1610612764,100,97,1610612752,Regular Season,19812.0,,,197,3
22101051,2022-03-18 19:30:00+00:00,Toronto,Raptors,1610612761,Los Angeles,Lakers,1610612747,123,128,1610612747,Regular Season,19800.0,,,251,5
22101048,2022-03-18 19:30:00+00:00,Brooklyn,Nets,1610612751,Portland,Trail Blazers,1610612757,128,123,1610612751,Regular Season,17732.0,,,251,5
22101047,2022-03-18 19:30:00+00:00,Atlanta,Hawks,1610612737,Memphis,Grizzlies,1610612763,120,105,1610612737,Regular Season,18062.0,,,225,15
22101046,2022-03-18 19:00:00+00:00,Philadelphia,76ers,1610612755,Dallas,Mavericks,1610612742,111,101,1610612755,Regular Season,21428.0,,,212,10
22101045,2022-03-17 19:00:00+00:00,Orlando,Magic,1610612753,Detroit,Pistons,1610612765,120,134,1610612765,Regular Season,14369.0,,,254,14
22101044,2022-03-16 22:30:00+00:00,Los Angeles,Clippers,1610612746,Toronto,Raptors,1610612761,100,103,1610612761,Regular Season,19068.0,,,203,3
22101042,2022-03-16 22:00:00+00:00,Golden State,Warriors,1610612744,Boston,Celtics,1610612738,88,110,1610612738,Regular Season,18064.0,,,198,22
22101043,2022-03-16 22:00:00+00:00,Sacramento,Kings,1610612758,Milwaukee,Bucks,1610612749,126,135,1610612749,Regular Season,15864.0,,,261,9
22101041,2022-03-16 21:00:00+00:00,Utah,Jazz,1610612762,Chicago,Bulls,1610612741,125,110,1610612762,Regular Season,18306.0,,,235,15
22101040,2022-03-16 20:30:00+00:00,San Antonio,Spurs,1610612759,Oklahoma City,Thunder,1610612760,122,120,1610612759,Regular Season,14994.0,,,242,2
22101038,2022-03-16 20:00:00+00:00,Houston,Rockets,1610612745,Phoenix,Suns,1610612756,112,129,1610612756,Regular Season,18055.0,,,241,17
22101039,2022-03-16 20:00:00+00:00,Minnesota,Timberwolves,1610612750,Los Angeles,Lakers,1610612747,124,104,1610612750,Regular Season,17136.0,,,228,20
22101036,2022-03-16 19:30:00+00:00,Brooklyn,Nets,1610612751,Dallas,Mavericks,1610612742,111,113,1610612742,Regular Season,17981.0,,,224,2
22101037,2022-03-16 19:30:00+00:00,New York,Knicks,1610612752,Portland,Trail Blazers,1610612757,128,98,1610612752,Regular Season,18213.0,,,226,30
22101034,2022-03-16 19:00:00+00:00,Cleveland,Cavaliers,1610612739,Philadelphia,76ers,1610612755,114,118,1610612755,Regular Season,19432.0,,,232,4
22101033,2022-03-16 19:00:00+00:00,Charlotte,Hornets,1610612766,Atlanta,Hawks,1610612737,116,106,1610612766,Regular Season,16648.0,,,222,10
22101035,2022-03-16 19:00:00+00:00,Washington,Wizards,1610612764,Denver,Nuggets,1610612743,109,127,1610612743,Regular Season,15326.0,,,236,18
22101032,2022-03-15 20:00:00+00:00,New Orleans,Pelicans,1610612740,Phoenix,Suns,1610612756,115,131,1610612756,Regular Season,16789.0,,,246,16
22101031,2022-03-15 19:30:00+00:00,Miami,Heat,1610612748,Detroit,Pistons,1610612765,105,98,1610612748,Regular Season,19600.0,,,203,7
22101029,2022-03-15 19:00:00+00:00,Indiana,Pacers,1610612754,Memphis,Grizzlies,1610612763,102,135,1610612763,Regular Season,15027.0,,,237,33
22101030,2022-03-15 19:00:00+00:00,Orlando,Magic,1610612753,Brooklyn,Nets,1610612751,108,150,1610612751,Regular Season,15282.0,,,258,42
22101028,2022-03-14 22:30:00+00:00,Los Angeles,Lakers,1610612747,Toronto,Raptors,1610612761,103,114,1610612761,Regular Season,18228.0,,,217,11
22101025,2022-03-14 22:00:00+00:00,Golden State,Warriors,1610612744,Washington,Wizards,1610612764,126,112,1610612744,Regular Season,18064.0,,,238,14
22101026,2022-03-14 22:00:00+00:00,Sacramento,Kings,1610612758,Chicago,Bulls,1610612741,112,103,1610612758,Regular Season,15943.0,,,215,9
22101027,2022-03-14 22:00:00+00:00,Utah,Jazz,1610612762,Milwaukee,Bucks,1610612749,111,117,1610612749,Regular Season,18306.0,,,228,6
22101024,2022-03-14 20:30:00+00:00,San Antonio,Spurs,1610612759,Minnesota,Timberwolves,1610612750,139,149,1610612750,Regular Season,14143.0,,,288,10
22101023,2022-03-14 20:00:00+00:00,Oklahoma City,Thunder,1610612760,Charlotte,Hornets,1610612766,116,134,1610612766,Regular Season,15810.0,,,250,18
22101022,2022-03-14 19:30:00+00:00,Philadelphia,76ers,1610612755,Denver,Nuggets,1610612743,110,114,1610612743,Regular Season,21444.0,,,224,4
22101021,2022-03-14 19:30:00+00:00,Atlanta,Hawks,1610612737,Portland,Trail Blazers,1610612757,122,113,1610612737,Regular Season,16432.0,,,235,9
22101020,2022-03-14 19:00:00+00:00,Cleveland,Cavaliers,1610612739,Los Angeles,Clippers,1610612746,120,111,1610612739,Regular Season,18742.0,,,231,9
22101019,2022-03-13 21:00:00+00:00,Phoenix,Suns,1610612756,Los Angeles,Lakers,1610612747,140,111,1610612756,Regular Season,17071.0,,,251,29
22101018,2022-03-13 19:00:00+00:00,Oklahoma City,Thunder,1610612760,Memphis,Grizzlies,1610612763,118,125,1610612763,Regular Season,17482.0,,,243,7
22101017,2022-03-13 19:00:00+00:00,New Orleans,Pelicans,1610612740,Houston,Rockets,1610612745,130,105,1610612740,Regular Season,15683.0,,,235,25
22101016,2022-03-13 19:00:00+00:00,Atlanta,Hawks,1610612737,Indiana,Pacers,1610612754,131,128,1610612737,Regular Season,17038.0,,,259,3
22101015,2022-03-13 18:00:00+00:00,Orlando,Magic,1610612753,Philadelphia,76ers,1610612755,114,116,1610612755,Regular Season,14444.0,,,230,2
22101014,2022-03-13 15:30:00+00:00,Boston,Celtics,1610612738,Dallas,Mavericks,1610612742,92,95,1610612742,Regular Season,19156.0,,,187,3
22101013,2022-03-13 15:00:00+00:00,Detroit,Pistons,1610612765,Los Angeles,Clippers,1610612746,102,106,1610612746,Regular Season,19313.0,,,208,4
22101012,2022-03-13 13:00:00+00:00,Brooklyn,Nets,1610612751,New York,Knicks,1610612752,110,107,1610612751,Regular Season,18057.0,,,217,3
22101011,2022-03-12 22:00:00+00:00,Portland,Trail Blazers,1610612757,Washington,Wizards,1610612764,127,118,1610612757,Regular Season,17524.0,,,245,9
22101010,2022-03-12 21:00:00+00:00,Utah,Jazz,1610612762,Sacramento,Kings,1610612758,134,125,1610612762,Regular Season,18306.0,,,259,9
22101009,2022-03-12 21:00:00+00:00,Denver,Nuggets,1610612743,Toronto,Raptors,1610612761,115,127,1610612761,Regular Season,18659.0,,,242,12
22101008,2022-03-12 20:30:00+00:00,Golden State,Warriors,1610612744,Milwaukee,Bucks,1610612749,122,109,1610612744,Regular Season,18064.0,,,231,13
22101005,2022-03-12 20:00:00+00:00,Miami,Heat,1610612748,Minnesota,Timberwolves,1610612750,104,113,1610612750,Regular Season,19600.0,,,217,9
22101006,2022-03-12 20:00:00+00:00,Chicago,Bulls,1610612741,Cleveland,Cavaliers,1610612739,101,91,1610612741,Regular Season,21727.0,,,192,10
22101007,2022-03-12 20:00:00+00:00,San Antonio,Spurs,1610612759,Indiana,Pacers,1610612754,108,119,1610612754,Regular Season,14605.0,,,227,11
22101004,2022-03-11 22:30:00+00:00,Los Angeles,Lakers,1610612747,Washington,Wizards,1610612764,122,109,1610612747,Regular Season,18997.0,,,231,13
22101003,2022-03-11 21:00:00+00:00,Phoenix,Suns,1610612756,Toronto,Raptors,1610612761,112,117,1610612761,Regular Season,17071.0,,,229,5
22101002,2022-03-11 20:30:00+00:00,San Antonio,Spurs,1610612759,Utah,Jazz,1610612762,104,102,1610612759,Regular Season,15753.0,,,206,2
22100998,2022-03-11 20:00:00+00:00,Miami,Heat,1610612748,Cleveland,Cavaliers,1610612739,117,105,1610612748,Regular Season,19600.0,,,222,12
22101000,2022-03-11 20:00:00+00:00,Memphis,Grizzlies,1610612763,New York,Knicks,1610612752,118,114,1610612763,Regular Season,17188.0,,,232,4
22101001,2022-03-11 20:00:00+00:00,New Orleans,Pelicans,1610612740,Charlotte,Hornets,1610612766,120,142,1610612766,Regular Season,16838.0,,,262,22
22100999,2022-03-11 20:00:00+00:00,Houston,Rockets,1610612745,Dallas,Mavericks,1610612742,100,113,1610612742,Regular Season,15060.0,,,213,13
22100997,2022-03-11 19:30:00+00:00,Boston,Celtics,1610612738,Detroit,Pistons,1610612765,114,103,1610612738,Regular Season,19156.0,,,217,11
22100996,2022-03-11 19:30:00+00:00,Atlanta,Hawks,1610612737,Los Angeles,Clippers,1610612746,112,106,1610612737,Regular Season,16862.0,,,218,6
22100995,2022-03-11 19:00:00+00:00,Orlando,Magic,1610612753,Minnesota,Timberwolves,1610612750,118,110,1610612753,Regular Season,14557.0,,,228,8
22100994,2022-03-10 22:00:00+00:00,Denver,Nuggets,1610612743,Golden State,Warriors,1610612744,102,113,1610612744,Regular Season,19520.0,,,215,11
22100993,2022-03-10 19:30:00+00:00,Philadelphia,76ers,1610612755,Brooklyn,Nets,1610612751,100,129,1610612751,Regular Season,21408.0,,,229,29
22100992,2022-03-09 22:30:00+00:00,Los Angeles,Clippers,1610612746,Washington,Wizards,1610612764,115,109,1610612746,Regular Season,15282.0,,,224,6
22100991,2022-03-09 22:00:00+00:00,Sacramento,Kings,1610612758,Denver,Nuggets,1610612743,100,106,1610612743,Regular Season,14697.0,,,206,6
22100990,2022-03-09 22:00:00+00:00,Utah,Jazz,1610612762,Portland,Trail Blazers,1610612757,123,85,1610612762,Regular Season,18306.0,,,208,38
22100988,2022-03-09 20:30:00+00:00,Dallas,Mavericks,1610612742,New York,Knicks,1610612752,77,107,1610612752,Regular Season,20182.0,,,184,30
22100989,2022-03-09 20:30:00+00:00,San Antonio,Spurs,1610612759,Toronto,Raptors,1610612761,104,119,1610612761,Regular Season,15121.0,,,223,15
22100985,2022-03-09 20:00:00+00:00,Houston,Rockets,1610612745,Los Angeles,Lakers,1610612747,139,130,1610612745,Regular Season,18055.0,,,269,9
22100984,2022-03-09 20:00:00+00:00,Milwaukee,Bucks,1610612749,Atlanta,Hawks,1610612737,124,115,1610612749,Regular Season,17341.0,,,239,9
22100986,2022-03-09 20:00:00+00:00,Minnesota,Timberwolves,1610612750,Oklahoma City,Thunder,1610612760,132,102,1610612750,Regular Season,16191.0,,,234,30
22100987,2022-03-09 20:00:00+00:00,New Orleans,Pelicans,1610612740,Orlando,Magic,1610612753,102,108,1610612753,Regular Season,15633.0,,,210,6
22100983,2022-03-09 19:30:00+00:00,Miami,Heat,1610612748,Phoenix,Suns,1610612756,90,111,1610612756,Regular Season,19600.0,,,201,21
22100981,2022-03-09 19:00:00+00:00,Charlotte,Hornets,1610612766,Boston,Celtics,1610612738,101,115,1610612738,Regular Season,18086.0,,,216,14
22100982,2022-03-09 19:00:00+00:00,Detroit,Pistons,1610612765,Chicago,Bulls,1610612741,108,114,1610612741,Regular Season,18022.0,,,222,6
22100980,2022-03-08 22:00:00+00:00,Golden State,Warriors,1610612744,Los Angeles,Clippers,1610612746,112,97,1610612744,Regular Season,18064.0,,,209,15
22100979,2022-03-08 20:00:00+00:00,Oklahoma City,Thunder,1610612760,Milwaukee,Bucks,1610612749,115,142,1610612749,Regular Season,15743.0,,,257,27
22100978,2022-03-08 19:30:00+00:00,Memphis,Grizzlies,1610612763,New Orleans,Pelicans,1610612740,132,111,1610612763,Regular Season,16433.0,,,243,21
22100977,2022-03-08 19:00:00+00:00,Orlando,Magic,1610612753,Phoenix,Suns,1610612756,99,102,1610612756,Regular Season,14024.0,,,201,3
22100975,2022-03-08 19:00:00+00:00,Charlotte,Hornets,1610612766,Brooklyn,Nets,1610612751,121,132,1610612751,Regular Season,17230.0,,,253,11
22100976,2022-03-08 19:00:00+00:00,Indiana,Pacers,1610612754,Cleveland,Cavaliers,1610612739,124,127,1610612739,Regular Season,14066.0,,,251,3
22100974,2022-03-07 22:30:00+00:00,Sacramento,Kings,1610612758,New York,Knicks,1610612752,115,131,1610612752,Regular Season,14720.0,,,246,16
22100528,2022-03-07 21:00:00+00:00,Denver,Nuggets,1610612743,Golden State,Warriors,1610612744,131,124,1610612743,Regular Season,19542.0,,,255,7
22100973,2022-03-07 20:30:00+00:00,San Antonio,Spurs,1610612759,Los Angeles,Lakers,1610612747,117,110,1610612759,Regular Season,18354.0,,,227,7
22100972,2022-03-07 20:30:00+00:00,Dallas,Mavericks,1610612742,Utah,Jazz,1610612762,111,103,1610612742,Regular Season,20077.0,,,214,8
22100971,2022-03-07 20:00:00+00:00,Minnesota,Timberwolves,1610612750,Portland,Trail Blazers,1610612757,124,81,1610612750,Regular Season,16035.0,,,205,43
22100970,2022-03-07 19:30:00+00:00,Miami,Heat,1610612748,Houston,Rockets,1610612745,123,106,1610612748,Regular Season,19600.0,,,229,17
22100968,2022-03-07 19:00:00+00:00,Detroit,Pistons,1610612765,Atlanta,Hawks,1610612737,113,110,1610612765,Regular Season,14942.0,,,223,3
22100969,2022-03-07 19:00:00+00:00,Philadelphia,76ers,1610612755,Chicago,Bulls,1610612741,121,106,1610612755,Regular Season,20381.0,,,227,15
22100966,2022-03-06 22:00:00+00:00,Los Angeles,Clippers,1610612746,New York,Knicks,1610612752,93,116,1610612752,Regular Season,17422.0,,,209,23
22100967,2022-03-06 20:00:00+00:00,Denver,Nuggets,1610612743,New Orleans,Pelicans,1610612740,138,130,1610612743,Regular Season,14962.0,,,268,8
22100962,2022-03-06 19:30:00+00:00,Cleveland,Cavaliers,1610612739,Toronto,Raptors,1610612761,104,96,1610612739,Regular Season,19432.0,,,200,8
22100964,2022-03-06 19:00:00+00:00,Houston,Rockets,1610612745,Memphis,Grizzlies,1610612763,123,112,1610612745,Regular Season,18055.0,,,235,11
22100965,2022-03-06 19:00:00+00:00,Oklahoma City,Thunder,1610612760,Utah,Jazz,1610612762,103,116,1610612762,Regular Season,15079.0,,,219,13
22100963,2022-03-06 18:00:00+00:00,Washington,Wizards,1610612764,Indiana,Pacers,1610612754,133,123,1610612764,Regular Season,13937.0,,,256,10
22100961,2022-03-06 15:30:00+00:00,Milwaukee,Bucks,1610612749,Phoenix,Suns,1610612756,132,122,1610612749,Regular Season,17495.0,,,254,10
22100960,2022-03-06 13:00:00+00:00,Boston,Celtics,1610612738,Brooklyn,Nets,1610612751,126,120,1610612738,Regular Season,19156.0,,,246,6
22100959,2022-03-05 20:30:00+00:00,Los Angeles,Lakers,1610612747,Golden State,Warriors,1610612744,124,116,1610612747,Regular Season,18997.0,,,240,8
22100957,2022-03-05 20:00:00+00:00,Memphis,Grizzlies,1610612763,Orlando,Magic,1610612753,124,96,1610612763,Regular Season,17794.0,,,220,28
22100956,2022-03-05 20:00:00+00:00,Miami,Heat,1610612748,Philadelphia,76ers,1610612755,99,82,1610612748,Regular Season,19704.0,,,181,17
22100958,2022-03-05 20:00:00+00:00,Minnesota,Timberwolves,1610612750,Portland,Trail Blazers,1610612757,135,121,1610612750,Regular Season,17136.0,,,256,14
22100955,2022-03-05 19:00:00+00:00,Charlotte,Hornets,1610612766,San Antonio,Spurs,1610612759,123,117,1610612766,Regular Season,18941.0,,,240,6
22100954,2022-03-05 17:00:00+00:00,Dallas,Mavericks,1610612742,Sacramento,Kings,1610612758,114,113,1610612742,Regular Season,20060.0,,,227,1
22100953,2022-03-04 22:00:00+00:00,Phoenix,Suns,1610612756,New York,Knicks,1610612752,115,114,1610612756,Regular Season,17071.0,,,229,1
22100952,2022-03-04 21:00:00+00:00,Denver,Nuggets,1610612743,Houston,Rockets,1610612745,116,101,1610612743,Regular Season,16254.0,,,217,15
22100951,2022-03-04 20:00:00+00:00,Oklahoma City,Thunder,1610612760,Minnesota,Timberwolves,1610612750,101,138,1610612750,Regular Season,15180.0,,,239,37
22100950,2022-03-04 20:00:00+00:00,New Orleans,Pelicans,1610612740,Utah,Jazz,1610612762,124,90,1610612740,Regular Season,16178.0,,,214,34
22100458,2022-03-04 19:30:00+00:00,Toronto,Raptors,1610612761,Orlando,Magic,1610612753,97,103,1610612753,Regular Season,19081.0,,,200,6
22100949,2022-03-04 19:30:00+00:00,Chicago,Bulls,1610612741,Milwaukee,Bucks,1610612749,112,118,1610612749,Regular Season,21259.0,,,230,6
22100947,2022-03-04 19:00:00+00:00,Philadelphia,76ers,1610612755,Cleveland,Cavaliers,1610612739,125,119,1610612755,Regular Season,21391.0,,,244,6
22100946,2022-03-04 19:00:00+00:00,Detroit,Pistons,1610612765,Indiana,Pacers,1610612754,111,106,1610612765,Regular Season,17244.0,,,217,5
22100948,2022-03-04 19:00:00+00:00,Washington,Wizards,1610612764,Atlanta,Hawks,1610612737,114,117,1610612737,Regular Season,15927.0,,,231,3
22100945,2022-03-03 22:00:00+00:00,Los Angeles,Clippers,1610612746,Los Angeles,Lakers,1610612747,132,111,1610612746,Regular Season,19068.0,,,243,21
22100944,2022-03-03 20:30:00+00:00,San Antonio,Spurs,1610612759,Sacramento,Kings,1610612758,112,115,1610612758,Regular Season,13049.0,,,227,3
22100943,2022-03-03 20:30:00+00:00,Dallas,Mavericks,1610612742,Golden State,Warriors,1610612744,122,113,1610612742,Regular Season,20229.0,,,235,9
22100942,2022-03-03 19:30:00+00:00,Toronto,Raptors,1610612761,Detroit,Pistons,1610612765,106,108,1610612765,Regular Season,19548.0,,,214,2
22100941,2022-03-03 19:30:00+00:00,Brooklyn,Nets,1610612751,Miami,Heat,1610612748,107,113,1610612748,Regular Season,17732.0,,,220,6
22100940,2022-03-03 19:30:00+00:00,Boston,Celtics,1610612738,Memphis,Grizzlies,1610612763,120,107,1610612738,Regular Season,19156.0,,,227,13
22100710,2022-03-03 19:00:00+00:00,Atlanta,Hawks,1610612737,Chicago,Bulls,1610612741,130,124,1610612737,Regular Season,17522.0,,,254,6
22100939,2022-03-02 22:00:00+00:00,Phoenix,Suns,1610612756,Portland,Trail Blazers,1610612757,120,90,1610612756,Regular Season,17071.0,,,210,30
22100938,2022-03-02 21:00:00+00:00,Denver,Nuggets,1610612743,Oklahoma City,Thunder,1610612760,107,119,1610612760,Regular Season,15167.0,,,226,12
22100935,2022-03-02 20:00:00+00:00,Houston,Rockets,1610612745,Utah,Jazz,1610612762,127,132,1610612762,Regular Season,13583.0,,,259,5
22100936,2022-03-02 20:00:00+00:00,Milwaukee,Bucks,1610612749,Miami,Heat,1610612748,120,119,1610612749,Regular Season,17341.0,,,239,1
22100937,2022-03-02 20:00:00+00:00,New Orleans,Pelicans,1610612740,Sacramento,Kings,1610612758,125,95,1610612740,Regular Season,15490.0,,,220,30
22100934,2022-03-02 19:30:00+00:00,Philadelphia,76ers,1610612755,New York,Knicks,1610612752,123,108,1610612755,Regular Season,21333.0,,,231,15
22100933,2022-03-02 19:00:00+00:00,Orlando,Magic,1610612753,Indiana,Pacers,1610612754,114,122,1610612754,Regular Season,11221.0,,,236,8
22100932,2022-03-02 19:00:00+00:00,Cleveland,Cavaliers,1610612739,Charlotte,Hornets,1610612766,98,119,1610612766,Regular Season,19019.0,,,217,21
22100931,2022-03-01 22:00:00+00:00,Los Angeles,Lakers,1610612747,Dallas,Mavericks,1610612742,104,109,1610612742,Regular Season,17857.0,,,213,5
22100929,2022-03-01 20:00:00+00:00,Houston,Rockets,1610612745,Los Angeles,Clippers,1610612746,100,113,1610612746,Regular Season,12949.0,,,213,13
22100930,2022-03-01 20:00:00+00:00,Minnesota,Timberwolves,1610612750,Golden State,Warriors,1610612744,129,114,1610612750,Regular Season,17136.0,,,243,15
22100928,2022-03-01 19:30:00+00:00,Toronto,Raptors,1610612761,Brooklyn,Nets,1610612751,109,108,1610612761,Regular Season,18903.0,,,217,1
22100927,2022-03-01 19:30:00+00:00,Boston,Celtics,1610612738,Atlanta,Hawks,1610612737,107,98,1610612738,Regular Season,19156.0,,,205,9
22100926,2022-03-01 19:00:00+00:00,Washington,Wizards,1610612764,Detroit,Pistons,1610612765,116,113,1610612764,Regular Season,12122.0,,,229,3
22100923,2022-02-28 20:00:00+00:00,Memphis,Grizzlies,1610612763,San Antonio,Spurs,1610612759,118,105,1610612763,Regular Season,16812.0,,,223,13
22100925,2022-02-28 20:00:00+00:00,Oklahoma City,Thunder,1610612760,Sacramento,Kings,1610612758,110,131,1610612758,Regular Season,13945.0,,,241,21
22100924,2022-02-28 20:00:00+00:00,Milwaukee,Bucks,1610612749,Charlotte,Hornets,1610612766,130,106,1610612749,Regular Season,17341.0,,,236,24
22100726,2022-02-28 19:30:00+00:00,Brooklyn,Nets,1610612751,Toronto,Raptors,1610612761,97,133,1610612761,Regular Season,17112.0,,,230,36
22100922,2022-02-28 19:30:00+00:00,Miami,Heat,1610612748,Chicago,Bulls,1610612741,112,99,1610612748,Regular Season,19683.0,,,211,13
22100921,2022-02-28 19:00:00+00:00,Orlando,Magic,1610612753,Indiana,Pacers,1610612754,119,103,1610612753,Regular Season,13014.0,,,222,16
22100920,2022-02-28 19:00:00+00:00,Cleveland,Cavaliers,1610612739,Minnesota,Timberwolves,1610612750,122,127,1610612750,Regular Season,18421.0,,,249,5
22100919,2022-02-27 22:00:00+00:00,Los Angeles,Lakers,1610612747,New Orleans,Pelicans,1610612740,95,123,1610612740,Regular Season,17536.0,,,218,28
22100918,2022-02-27 21:00:00+00:00,Portland,Trail Blazers,1610612757,Denver,Nuggets,1610612743,92,124,1610612743,Regular Season,17771.0,,,216,32
22100917,2022-02-27 19:30:00+00:00,Golden State,Warriors,1610612744,Dallas,Mavericks,1610612742,101,107,1610612742,Regular Season,18064.0,,,208,6
22100915,2022-02-27 19:00:00+00:00,Charlotte,Hornets,1610612766,Detroit,Pistons,1610612765,126,127,1610612765,Regular Season,15348.0,,,253,1
22100916,2022-02-27 19:00:00+00:00,Houston,Rockets,1610612745,Los Angeles,Clippers,1610612746,98,99,1610612746,Regular Season,14324.0,,,197,1
22100914,2022-02-27 17:00:00+00:00,Indiana,Pacers,1610612754,Boston,Celtics,1610612738,128,107,1610612754,Regular Season,16872.0,,,235,21
22100913,2022-02-27 15:30:00+00:00,Phoenix,Suns,1610612756,Utah,Jazz,1610612762,114,118,1610612762,Regular Season,17071.0,,,232,4
22100912,2022-02-27 13:00:00+00:00,New York,Knicks,1610612752,Philadelphia,76ers,1610612755,109,125,1610612755,Regular Season,19812.0,,,234,16
22100911,2022-02-26 21:00:00+00:00,Denver,Nuggets,1610612743,Sacramento,Kings,1610612758,115,110,1610612743,Regular Season,19520.0,,,225,5
22100910,2022-02-26 20:30:00+00:00,Milwaukee,Bucks,1610612749,Brooklyn,Nets,1610612751,123,126,1610612751,Regular Season,17341.0,,,249,3
22100908,2022-02-26 20:00:00+00:00,Miami,Heat,1610612748,San Antonio,Spurs,1610612759,133,129,1610612748,Regular Season,19677.0,,,262,4
22100907,2022-02-26 20:00:00+00:00,Cleveland,Cavaliers,1610612739,Washington,Wizards,1610612764,92,86,1610612739,Regular Season,19432.0,,,178,6
22100909,2022-02-26 20:00:00+00:00,Chicago,Bulls,1610612741,Memphis,Grizzlies,1610612763,110,116,1610612763,Regular Season,21959.0,,,226,6
22100906,2022-02-26 19:30:00+00:00,Atlanta,Hawks,1610612737,Toronto,Raptors,1610612761,127,100,1610612737,Regular Season,17870.0,,,227,27
22100905,2022-02-26 12:00:00+00:00,Detroit,Pistons,1610612765,Boston,Celtics,1610612738,104,113,1610612738,Regular Season,19122.0,,,217,9
22100904,2022-02-25 22:00:00+00:00,Los Angeles,Lakers,1610612747,Los Angeles,Clippers,1610612746,102,105,1610612746,Regular Season,18997.0,,,207,3
22100903,2022-02-25 21:00:00+00:00,Utah,Jazz,1610612762,Dallas,Mavericks,1610612742,114,109,1610612762,Regular Season,18306.0,,,223,5
22100902,2022-02-25 21:00:00+00:00,Phoenix,Suns,1610612756,New Orleans,Pelicans,1610612740,102,117,1610612740,Regular Season,17071.0,,,219,15
22100901,2022-02-25 20:00:00+00:00,Minnesota,Timberwolves,1610612750,Philadelphia,76ers,1610612755,102,133,1610612755,Regular Season,16684.0,,,235,31
22100900,2022-02-25 19:30:00+00:00,New York,Knicks,1610612752,Miami,Heat,1610612748,100,115,1610612748,Regular Season,19812.0,,,215,15
22100898,2022-02-25 19:00:00+00:00,Orlando,Magic,1610612753,Houston,Rockets,1610612745,119,111,1610612753,Regular Season,16631.0,,,230,8
22100897,2022-02-25 19:00:00+00:00,Indiana,Pacers,1610612754,Oklahoma City,Thunder,1610612760,125,129,1610612760,Regular Season,15182.0,,,254,4
22100899,2022-02-25 19:00:00+00:00,Washington,Wizards,1610612764,San Antonio,Spurs,1610612759,153,157,1610612759,Regular Season,15302.0,,,310,4
22100896,2022-02-25 19:00:00+00:00,Charlotte,Hornets,1610612766,Toronto,Raptors,1610612761,125,93,1610612766,Regular Season,17577.0,,,218,32
22100894,2022-02-24 22:00:00+00:00,Portland,Trail Blazers,1610612757,Golden State,Warriors,1610612744,95,132,1610612744,Regular Season,20098.0,,,227,37
22100895,2022-02-24 22:00:00+00:00,Sacramento,Kings,1610612758,Denver,Nuggets,1610612743,110,128,1610612743,Regular Season,15855.0,,,238,18
22100892,2022-02-24 20:00:00+00:00,Minnesota,Timberwolves,1610612750,Memphis,Grizzlies,1610612763,119,114,1610612750,Regular Season,16326.0,,,233,5
22100893,2022-02-24 20:00:00+00:00,Oklahoma City,Thunder,1610612760,Phoenix,Suns,1610612756,104,124,1610612756,Regular Season,14176.0,,,228,20
22100891,2022-02-24 20:00:00+00:00,Chicago,Bulls,1610612741,Atlanta,Hawks,1610612737,112,108,1610612741,Regular Season,21236.0,,,220,4
22100890,2022-02-24 19:30:00+00:00,Brooklyn,Nets,1610612751,Boston,Celtics,1610612738,106,129,1610612738,Regular Season,17986.0,,,235,23
22100889,2022-02-24 19:00:00+00:00,Detroit,Pistons,1610612765,Cleveland,Cavaliers,1610612739,106,103,1610612765,Regular Season,15622.0,,,209,3
22100888,2022-02-17 22:30:00+00:00,Los Angeles,Clippers,1610612746,Houston,Rockets,1610612745,142,111,1610612746,Regular Season,17519.0,,,253,31
22100887,2022-02-17 20:30:00+00:00,Milwaukee,Bucks,1610612749,Philadelphia,76ers,1610612755,120,123,1610612755,Regular Season,17341.0,,,243,3
22100886,2022-02-17 20:00:00+00:00,New Orleans,Pelicans,1610612740,Dallas,Mavericks,1610612742,118,125,1610612742,Regular Season,15906.0,,,243,7
22100464,2022-02-17 19:30:00+00:00,Brooklyn,Nets,1610612751,Washington,Wizards,1610612764,103,117,1610612764,Regular Season,17477.0,,,220,14
22100885,2022-02-17 19:00:00+00:00,Charlotte,Hornets,1610612766,Miami,Heat,1610612748,107,111,1610612748,Regular Season,17029.0,,,218,4
22100884,2022-02-16 22:00:00+00:00,Los Angeles,Lakers,1610612747,Utah,Jazz,1610612762,106,101,1610612747,Regular Season,17787.0,,,207,5
22100883,2022-02-16 22:00:00+00:00,Golden State,Warriors,1610612744,Denver,Nuggets,1610612743,116,117,1610612743,Regular Season,18064.0,,,233,1
22100882,2022-02-16 21:00:00+00:00,Phoenix,Suns,1610612756,Houston,Rockets,1610612745,124,121,1610612756,Regular Season,17071.0,,,245,3
22100880,2022-02-16 20:00:00+00:00,Minnesota,Timberwolves,1610612750,Toronto,Raptors,1610612761,91,103,1610612761,Regular Season,15982.0,,,194,12
22100881,2022-02-16 20:00:00+00:00,Oklahoma City,Thunder,1610612760,San Antonio,Spurs,1610612759,106,114,1610612759,Regular Season,14920.0,,,220,8
22100878,2022-02-16 20:00:00+00:00,Chicago,Bulls,1610612741,Sacramento,Kings,1610612758,125,118,1610612741,Regular Season,19166.0,,,243,7
22100879,2022-02-16 20:00:00+00:00,Memphis,Grizzlies,1610612763,Portland,Trail Blazers,1610612757,119,123,1610612757,Regular Season,16834.0,,,242,4
22100876,2022-02-16 19:30:00+00:00,Indiana,Pacers,1610612754,Washington,Wizards,1610612764,113,108,1610612754,Regular Season,14540.0,,,221,5
22100877,2022-02-16 19:30:00+00:00,New York,Knicks,1610612752,Brooklyn,Nets,1610612751,106,111,1610612751,Regular Season,18916.0,,,217,5
22100875,2022-02-16 19:30:00+00:00,Boston,Celtics,1610612738,Detroit,Pistons,1610612765,111,112,1610612765,Regular Season,19156.0,,,223,1
22100874,2022-02-16 19:00:00+00:00,Orlando,Magic,1610612753,Atlanta,Hawks,1610612737,109,130,1610612737,Regular Season,14398.0,,,239,21
22100873,2022-02-15 22:00:00+00:00,Phoenix,Suns,1610612756,Los Angeles,Clippers,1610612746,103,96,1610612756,Regular Season,17071.0,,,199,7
22100872,2022-02-15 20:00:00+00:00,New Orleans,Pelicans,1610612740,Memphis,Grizzlies,1610612763,109,121,1610612763,Regular Season,15901.0,,,230,12
22100870,2022-02-15 20:00:00+00:00,Milwaukee,Bucks,1610612749,Indiana,Pacers,1610612754,128,119,1610612749,Regular Season,17341.0,,,247,9
22100871,2022-02-15 20:00:00+00:00,Minnesota,Timberwolves,1610612750,Charlotte,Hornets,1610612766,126,120,1610612750,Regular Season,17136.0,,,246,6
22100868,2022-02-15 19:30:00+00:00,Miami,Heat,1610612748,Dallas,Mavericks,1610612742,99,107,1610612742,Regular Season,19600.0,,,206,8
22100867,2022-02-15 19:30:00+00:00,Atlanta,Hawks,1610612737,Cleveland,Cavaliers,1610612739,124,116,1610612737,Regular Season,15947.0,,,240,8
22100869,2022-02-15 19:30:00+00:00,Philadelphia,76ers,1610612755,Boston,Celtics,1610612738,87,135,1610612738,Regular Season,20960.0,,,222,48
22100866,2022-02-14 22:30:00+00:00,Los Angeles,Clippers,1610612746,Golden State,Warriors,1610612744,119,104,1610612746,Regular Season,19068.0,,,223,15
22100865,2022-02-14 21:00:00+00:00,Utah,Jazz,1610612762,Houston,Rockets,1610612745,135,101,1610612762,Regular Season,18306.0,,,236,34
22100864,2022-02-14 21:00:00+00:00,Denver,Nuggets,1610612743,Orlando,Magic,1610612753,121,111,1610612743,Regular Season,15025.0,,,232,10
22100863,2022-02-14 20:00:00+00:00,New Orleans,Pelicans,1610612740,Toronto,Raptors,1610612761,120,90,1610612740,Regular Season,15319.0,,,210,30
22100861,2022-02-14 20:00:00+00:00,Chicago,Bulls,1610612741,San Antonio,Spurs,1610612759,120,109,1610612741,Regular Season,21153.0,,,229,11
22100862,2022-02-14 20:00:00+00:00,Milwaukee,Bucks,1610612749,Portland,Trail Blazers,1610612757,107,122,1610612757,Regular Season,17341.0,,,229,15
22100860,2022-02-14 19:30:00+00:00,New York,Knicks,1610612752,Oklahoma City,Thunder,1610612760,123,127,1610612760,Regular Season,18433.0,,,250,4
22100859,2022-02-14 19:30:00+00:00,Brooklyn,Nets,1610612751,Sacramento,Kings,1610612758,109,85,1610612751,Regular Season,16873.0,,,194,24
22100858,2022-02-14 19:00:00+00:00,Washington,Wizards,1610612764,Detroit,Pistons,1610612765,103,94,1610612764,Regular Season,10793.0,,,197,9
22100857,2022-02-13 15:00:00+00:00,Indiana,Pacers,1610612754,Minnesota,Timberwolves,1610612750,120,129,1610612750,Regular Season,13532.0,,,249,9
22100856,2022-02-13 14:00:00+00:00,Boston,Celtics,1610612738,Atlanta,Hawks,1610612737,105,95,1610612738,Regular Season,19156.0,,,200,10
22100855,2022-02-12 21:00:00+00:00,Phoenix,Suns,1610612756,Orlando,Magic,1610612753,132,105,1610612756,Regular Season,17071.0,,,237,27
22100853,2022-02-12 20:30:00+00:00,Dallas,Mavericks,1610612742,Los Angeles,Clippers,1610612746,97,99,1610612746,Regular Season,20028.0,,,196,2
22100854,2022-02-12 20:30:00+00:00,Golden State,Warriors,1610612744,Los Angeles,Lakers,1610612747,117,115,1610612744,Regular Season,18064.0,,,232,2
22100852,2022-02-12 20:00:00+00:00,Chicago,Bulls,1610612741,Oklahoma City,Thunder,1610612760,106,101,1610612741,Regular Season,20072.0,,,207,5
22100851,2022-02-12 20:00:00+00:00,Miami,Heat,1610612748,Brooklyn,Nets,1610612751,115,111,1610612748,Regular Season,19600.0,,,226,4
22100849,2022-02-12 19:30:00+00:00,Philadelphia,76ers,1610612755,Cleveland,Cavaliers,1610612739,103,93,1610612755,Regular Season,21057.0,,,196,10
22100850,2022-02-12 19:30:00+00:00,Toronto,Raptors,1610612761,Denver,Nuggets,1610612743,109,110,1610612743,Regular Season,18024.0,,,219,1
22100847,2022-02-12 19:00:00+00:00,Washington,Wizards,1610612764,Sacramento,Kings,1610612758,110,123,1610612758,Regular Season,14169.0,,,233,13
22100846,2022-02-12 19:00:00+00:00,Charlotte,Hornets,1610612766,Memphis,Grizzlies,1610612763,118,125,1610612763,Regular Season,19454.0,,,243,7
22100848,2022-02-12 19:00:00+00:00,New Orleans,Pelicans,1610612740,San Antonio,Spurs,1610612759,114,124,1610612759,Regular Season,16615.0,,,238,10
22100845,2022-02-12 17:00:00+00:00,Portland,Trail Blazers,1610612757,New York,Knicks,1610612752,112,103,1610612757,Regular Season,18521.0,,,215,9
22100844,2022-02-11 21:00:00+00:00,Utah,Jazz,1610612762,Orlando,Magic,1610612753,114,99,1610612762,Regular Season,18306.0,,,213,15
22100843,2022-02-11 20:00:00+00:00,Chicago,Bulls,1610612741,Minnesota,Timberwolves,1610612750,134,122,1610612741,Regular Season,20092.0,,,256,12
22100842,2022-02-11 19:30:00+00:00,Boston,Celtics,1610612738,Denver,Nuggets,1610612743,108,102,1610612738,Regular Season,19156.0,,,210,6
22100841,2022-02-11 19:30:00+00:00,Atlanta,Hawks,1610612737,San Antonio,Spurs,1610612759,121,136,1610612759,Regular Season,17234.0,,,257,15
22100838,2022-02-11 19:00:00+00:00,Detroit,Pistons,1610612765,Charlotte,Hornets,1610612766,119,141,1610612766,Regular Season,20088.0,,,260,22
22100840,2022-02-11 19:00:00+00:00,Philadelphia,76ers,1610612755,Oklahoma City,Thunder,1610612760,100,87,1610612755,Regular Season,20669.0,,,187,13
22100839,2022-02-11 19:00:00+00:00,Indiana,Pacers,1610612754,Cleveland,Cavaliers,1610612739,113,120,1610612739,Regular Season,15075.0,,,233,7
22100836,2022-02-10 22:00:00+00:00,Phoenix,Suns,1610612756,Milwaukee,Bucks,1610612749,131,107,1610612756,Regular Season,17071.0,,,238,24
22100837,2022-02-10 22:00:00+00:00,Golden State,Warriors,1610612744,New York,Knicks,1610612752,114,116,1610612752,Regular Season,18064.0,,,230,2
22100835,2022-02-10 20:30:00+00:00,Dallas,Mavericks,1610612742,Los Angeles,Clippers,1610612746,112,105,1610612742,Regular Season,19532.0,,,217,7
22100834,2022-02-10 20:00:00+00:00,Houston,Rockets,1610612745,Toronto,Raptors,1610612761,120,139,1610612761,Regular Season,16129.0,,,259,19
22100832,2022-02-10 19:30:00+00:00,Washington,Wizards,1610612764,Brooklyn,Nets,1610612751,113,112,1610612764,Regular Season,15204.0,,,225,1
22100833,2022-02-10 19:30:00+00:00,New Orleans,Pelicans,1610612740,Miami,Heat,1610612748,97,112,1610612748,Regular Season,16672.0,,,209,15
22100831,2022-02-10 19:00:00+00:00,Detroit,Pistons,1610612765,Memphis,Grizzlies,1610612763,107,132,1610612763,Regular Season,18744.0,,,239,25
22100829,2022-02-09 22:00:00+00:00,Portland,Trail Blazers,1610612757,Los Angeles,Lakers,1610612747,107,105,1610612757,Regular Season,19393.0,,,212,2
22100828,2022-02-09 22:00:00+00:00,Utah,Jazz,1610612762,Golden State,Warriors,1610612744,111,85,1610612762,Regular Season,18306.0,,,196,26
22100830,2022-02-09 22:00:00+00:00,Sacramento,Kings,1610612758,Minnesota,Timberwolves,1610612750,132,119,1610612758,Regular Season,12527.0,,,251,13
22100827,2022-02-09 20:00:00+00:00,Oklahoma City,Thunder,1610612760,Toronto,Raptors,1610612761,98,117,1610612761,Regular Season,13858.0,,,215,19
22100826,2022-02-09 19:30:00+00:00,Charlotte,Hornets,1610612766,Chicago,Bulls,1610612741,109,121,1610612741,Regular Season,19099.0,,,230,12
22100825,2022-02-09 19:00:00+00:00,Cleveland,Cavaliers,1610612739,San Antonio,Spurs,1610612759,105,92,1610612739,Regular Season,19432.0,,,197,13
22100823,2022-02-08 22:00:00+00:00,Portland,Trail Blazers,1610612757,Orlando,Magic,1610612753,95,113,1610612753,Regular Season,16024.0,,,208,18
22100822,2022-02-08 22:00:00+00:00,Los Angeles,Lakers,1610612747,Milwaukee,Bucks,1610612749,116,131,1610612749,Regular Season,18997.0,,,247,15
22100824,2022-02-08 22:00:00+00:00,Sacramento,Kings,1610612758,Minnesota,Timberwolves,1610612750,114,134,1610612750,Regular Season,12409.0,,,248,20
22100821,2022-02-08 21:00:00+00:00,Denver,Nuggets,1610612743,New York,Knicks,1610612752,132,115,1610612743,Regular Season,15093.0,,,247,17
22100820,2022-02-08 20:30:00+00:00,Dallas,Mavericks,1610612742,Detroit,Pistons,1610612765,116,86,1610612742,Regular Season,19200.0,,,202,30
22100818,2022-02-08 20:00:00+00:00,Memphis,Grizzlies,1610612763,Los Angeles,Clippers,1610612746,135,109,1610612763,Regular Season,16101.0,,,244,26
22100819,2022-02-08 20:00:00+00:00,New Orleans,Pelicans,1610612740,Houston,Rockets,1610612745,110,97,1610612740,Regular Season,15121.0,,,207,13
22100816,2022-02-08 19:30:00+00:00,Atlanta,Hawks,1610612737,Indiana,Pacers,1610612754,133,112,1610612737,Regular Season,14265.0,,,245,21
22100817,2022-02-08 19:30:00+00:00,Brooklyn,Nets,1610612751,Boston,Celtics,1610612738,91,126,1610612738,Regular Season,17732.0,,,217,35
22100815,2022-02-08 19:00:00+00:00,Philadelphia,76ers,1610612755,Phoenix,Suns,1610612756,109,114,1610612756,Regular Season,20720.0,,,223,5
22100814,2022-02-07 21:00:00+00:00,Utah,Jazz,1610612762,New York,Knicks,1610612752,113,104,1610612762,Regular Season,18306.0,,,217,9
22100812,2022-02-07 20:00:00+00:00,Chicago,Bulls,1610612741,Phoenix,Suns,1610612756,124,127,1610612756,Regular Season,20615.0,,,251,3
22100813,2022-02-07 20:00:00+00:00,Oklahoma City,Thunder,1610612760,Golden State,Warriors,1610612744,98,110,1610612744,Regular Season,17009.0,,,208,12
22100810,2022-02-07 19:00:00+00:00,Charlotte,Hornets,1610612766,Toronto,Raptors,1610612761,101,116,1610612761,Regular Season,14102.0,,,217,15
22100811,2022-02-07 19:00:00+00:00,Washington,Wizards,1610612764,Miami,Heat,1610612748,100,121,1610612748,Regular Season,14222.0,,,221,21
22100809,2022-02-06 21:00:00+00:00,Los Angeles,Clippers,1610612746,Milwaukee,Bucks,1610612749,113,137,1610612749,Regular Season,17395.0,,,250,24
22100808,2022-02-06 19:00:00+00:00,Houston,Rockets,1610612745,New Orleans,Pelicans,1610612740,107,120,1610612740,Regular Season,15702.0,,,227,13
22100807,2022-02-06 18:00:00+00:00,Dallas,Mavericks,1610612742,Atlanta,Hawks,1610612737,103,94,1610612742,Regular Season,19887.0,,,197,9
22100806,2022-02-06 18:00:00+00:00,Orlando,Magic,1610612753,Boston,Celtics,1610612738,83,116,1610612738,Regular Season,14402.0,,,199,33
22100805,2022-02-06 18:00:00+00:00,Cleveland,Cavaliers,1610612739,Indiana,Pacers,1610612754,98,85,1610612739,Regular Season,19432.0,,,183,13
22100802,2022-02-06 15:30:00+00:00,Chicago,Bulls,1610612741,Philadelphia,76ers,1610612755,108,119,1610612755,Regular Season,20233.0,,,227,11
22100804,2022-02-06 15:30:00+00:00,Denver,Nuggets,1610612743,Brooklyn,Nets,1610612751,124,104,1610612743,Regular Season,18241.0,,,228,20
22100803,2022-02-06 15:30:00+00:00,Minnesota,Timberwolves,1610612750,Detroit,Pistons,1610612765,118,105,1610612750,Regular Season,16487.0,,,223,13
22100800,2022-02-05 22:00:00+00:00,Portland,Trail Blazers,1610612757,Milwaukee,Bucks,1610612749,108,137,1610612749,Regular Season,19393.0,,,245,29
22100801,2022-02-05 22:00:00+00:00,Sacramento,Kings,1610612758,Oklahoma City,Thunder,1610612760,113,103,1610612758,Regular Season,14097.0,,,216,10
22100799,2022-02-05 20:30:00+00:00,Los Angeles,Lakers,1610612747,New York,Knicks,1610612752,122,115,1610612747,Regular Season,18997.0,,,237,7
22100797,2022-02-05 19:00:00+00:00,Charlotte,Hornets,1610612766,Miami,Heat,1610612748,86,104,1610612748,Regular Season,19420.0,,,190,18
22100798,2022-02-05 19:00:00+00:00,Washington,Wizards,1610612764,Phoenix,Suns,1610612756,80,95,1610612756,Regular Season,18058.0,,,175,15
22100796,2022-02-05 17:00:00+00:00,Orlando,Magic,1610612753,Memphis,Grizzlies,1610612763,115,135,1610612763,Regular Season,18846.0,,,250,20
22100791,2022-02-04 22:00:00+00:00,Dallas,Mavericks,1610612742,Philadelphia,76ers,1610612755,107,98,1610612742,Regular Season,19200.0,,,205,9
22100795,2022-02-04 22:00:00+00:00,Portland,Trail Blazers,1610612757,Oklahoma City,Thunder,1610612760,93,96,1610612760,Regular Season,15329.0,,,189,3
22100793,2022-02-04 21:00:00+00:00,Utah,Jazz,1610612762,Brooklyn,Nets,1610612751,125,102,1610612762,Regular Season,18306.0,,,227,23
22100794,2022-02-04 21:00:00+00:00,Denver,Nuggets,1610612743,New Orleans,Pelicans,1610612740,105,113,1610612740,Regular Season,16152.0,,,218,8
22100792,2022-02-04 20:30:00+00:00,San Antonio,Spurs,1610612759,Houston,Rockets,1610612745,131,106,1610612759,Regular Season,15344.0,,,237,25
22100790,2022-02-04 19:30:00+00:00,Toronto,Raptors,1610612761,Atlanta,Hawks,1610612737,125,114,1610612761,Regular Season,18024.0,,,239,11
22100788,2022-02-04 19:00:00+00:00,Detroit,Pistons,1610612765,Boston,Celtics,1610612738,93,102,1610612738,Regular Season,17584.0,,,195,9
22100787,2022-02-04 19:00:00+00:00,Charlotte,Hornets,1610612766,Cleveland,Cavaliers,1610612739,101,102,1610612739,Regular Season,17733.0,,,203,1
22100789,2022-02-04 19:00:00+00:00,Indiana,Pacers,1610612754,Chicago,Bulls,1610612741,115,122,1610612741,Regular Season,16355.0,,,237,7
22100785,2022-02-03 22:00:00+00:00,Golden State,Warriors,1610612744,Sacramento,Kings,1610612758,126,114,1610612744,Regular Season,18064.0,,,240,12
22100786,2022-02-03 22:00:00+00:00,Los Angeles,Clippers,1610612746,Los Angeles,Lakers,1610612747,111,110,1610612746,Regular Season,19068.0,,,221,1
22100783,2022-02-03 19:30:00+00:00,Atlanta,Hawks,1610612737,Phoenix,Suns,1610612756,124,115,1610612737,Regular Season,16958.0,,,239,9
22100430,2022-02-03 19:30:00+00:00,Toronto,Raptors,1610612761,Chicago,Bulls,1610612741,127,120,1610612761,Regular Season,18024.0,,,247,7
22100521,2022-02-03 19:00:00+00:00,San Antonio,Spurs,1610612759,Miami,Heat,1610612748,95,112,1610612748,Regular Season,14971.0,,,207,17
22100782,2022-02-03 19:00:00+00:00,Detroit,Pistons,1610612765,Minnesota,Timberwolves,1610612750,117,128,1610612750,Regular Season,15523.0,,,245,11
22100781,2022-02-02 22:30:00+00:00,Los Angeles,Lakers,1610612747,Portland,Trail Blazers,1610612757,99,94,1610612747,Regular Season,17259.0,,,193,5
22100780,2022-02-02 22:00:00+00:00,Sacramento,Kings,1610612758,Brooklyn,Nets,1610612751,112,101,1610612758,Regular Season,13153.0,,,213,11
22100779,2022-02-02 22:00:00+00:00,Utah,Jazz,1610612762,Denver,Nuggets,1610612743,108,104,1610612762,Regular Season,18306.0,,,212,4
22100778,2022-02-02 20:30:00+00:00,Dallas,Mavericks,1610612742,Oklahoma City,Thunder,1610612760,114,120,1610612760,Regular Season,19200.0,,,234,6
22100777,2022-02-02 20:00:00+00:00,Houston,Rockets,1610612745,Cleveland,Cavaliers,1610612739,115,104,1610612745,Regular Season,14163.0,,,219,11
22100775,2022-02-02 19:30:00+00:00,Boston,Celtics,1610612738,Charlotte,Hornets,1610612766,113,107,1610612738,Regular Season,19156.0,,,220,6
22100776,2022-02-02 19:30:00+00:00,New York,Knicks,1610612752,Memphis,Grizzlies,1610612763,108,120,1610612763,Regular Season,19812.0,,,228,12
22100773,2022-02-02 19:00:00+00:00,Indiana,Pacers,1610612754,Orlando,Magic,1610612753,118,119,1610612753,Regular Season,14528.0,,,237,1
22100774,2022-02-02 19:00:00+00:00,Philadelphia,76ers,1610612755,Washington,Wizards,1610612764,103,106,1610612764,Regular Season,20089.0,,,209,3
22100772,2022-02-01 22:00:00+00:00,Phoenix,Suns,1610612756,Brooklyn,Nets,1610612751,121,111,1610612756,Regular Season,17071.0,,,232,10
22100771,2022-02-01 20:30:00+00:00,San Antonio,Spurs,1610612759,Golden State,Warriors,1610612744,120,124,1610612744,Regular Season,17070.0,,,244,4
22100769,2022-02-01 20:00:00+00:00,Chicago,Bulls,1610612741,Orlando,Magic,1610612753,126,115,1610612741,Regular Season,20217.0,,,241,11
22100770,2022-02-01 20:00:00+00:00,Minnesota,Timberwolves,1610612750,Denver,Nuggets,1610612743,130,115,1610612750,Regular Season,15839.0,,,245,15
22100768,2022-02-01 19:30:00+00:00,Milwaukee,Bucks,1610612749,Washington,Wizards,1610612764,112,98,1610612749,Regular Season,17341.0,,,210,14
22100784,2022-02-01 19:30:00+00:00,Toronto,Raptors,1610612761,Miami,Heat,1610612748,110,106,1610612761,Regular Season,18024.0,,,216,4
22100766,2022-02-01 19:00:00+00:00,Detroit,Pistons,1610612765,New Orleans,Pelicans,1610612740,101,111,1610612740,Regular Season,15499.0,,,212,10
22100765,2022-01-31 20:00:00+00:00,Oklahoma City,Thunder,1610612760,Portland,Trail Blazers,1610612757,98,81,1610612760,Regular Season,13812.0,,,179,17
22100764,2022-01-31 20:00:00+00:00,Houston,Rockets,1610612745,Golden State,Warriors,1610612744,108,122,1610612744,Regular Season,16146.0,,,230,14
22100762,2022-01-31 19:30:00+00:00,Boston,Celtics,1610612738,Miami,Heat,1610612748,122,92,1610612738,Regular Season,19156.0,,,214,30
22100767,2022-01-31 19:30:00+00:00,Atlanta,Hawks,1610612737,Toronto,Raptors,1610612761,100,106,1610612761,Regular Season,14168.0,,,206,6
22100763,2022-01-31 19:30:00+00:00,New York,Knicks,1610612752,Sacramento,Kings,1610612758,116,96,1610612752,Regular Season,15925.0,,,212,20
22100761,2022-01-31 19:00:00+00:00,Philadelphia,76ers,1610612755,Memphis,Grizzlies,1610612763,122,119,1610612755,Regular Season,20424.0,,,241,3
22100759,2022-01-31 19:00:00+00:00,Cleveland,Cavaliers,1610612739,New Orleans,Pelicans,1610612740,93,90,1610612739,Regular Season,17637.0,,,183,3
22100760,2022-01-31 19:00:00+00:00,Indiana,Pacers,1610612754,Los Angeles,Clippers,1610612746,122,116,1610612754,Regular Season,14629.0,,,238,6
22100758,2022-01-30 20:00:00+00:00,Phoenix,Suns,1610612756,San Antonio,Spurs,1610612759,115,110,1610612756,Regular Season,17071.0,,,225,5
22100757,2022-01-30 20:00:00+00:00,Minnesota,Timberwolves,1610612750,Utah,Jazz,1610612762,126,106,1610612750,Regular Season,10407.0,,,232,20
22100755,2022-01-30 19:00:00+00:00,Orlando,Magic,1610612753,Dallas,Mavericks,1610612742,110,108,1610612753,Regular Season,13376.0,,,218,2
22100756,2022-01-30 19:00:00+00:00,Milwaukee,Bucks,1610612749,Denver,Nuggets,1610612743,100,136,1610612743,Regular Season,17341.0,,,236,36
22100754,2022-01-30 18:00:00+00:00,Detroit,Pistons,1610612765,Cleveland,Cavaliers,1610612739,115,105,1610612765,Regular Season,16811.0,,,220,10
22100753,2022-01-30 15:30:00+00:00,Chicago,Bulls,1610612741,Portland,Trail Blazers,1610612757,130,116,1610612741,Regular Season,19521.0,,,246,14
22100752,2022-01-30 13:00:00+00:00,Charlotte,Hornets,1610612766,Los Angeles,Clippers,1610612746,90,115,1610612746,Regular Season,18674.0,,,205,25
22100751,2022-01-30 13:00:00+00:00,Atlanta,Hawks,1610612737,Los Angeles,Lakers,1610612747,129,121,1610612737,Regular Season,17391.0,,,250,8
22100750,2022-01-29 20:30:00+00:00,Golden State,Warriors,1610612744,Brooklyn,Nets,1610612751,110,106,1610612744,Regular Season,18064.0,,,216,4
22100748,2022-01-29 20:00:00+00:00,Miami,Heat,1610612748,Toronto,Raptors,1610612761,120,124,1610612761,Regular Season,19600.0,,,244,4
22100749,2022-01-29 20:00:00+00:00,Memphis,Grizzlies,1610612763,Washington,Wizards,1610612764,115,95,1610612763,Regular Season,17135.0,,,210,20
22100747,2022-01-29 19:30:00+00:00,Philadelphia,76ers,1610612755,Sacramento,Kings,1610612758,103,101,1610612755,Regular Season,20380.0,,,204,2
22100746,2022-01-29 19:00:00+00:00,Dallas,Mavericks,1610612742,Indiana,Pacers,1610612754,132,105,1610612742,Regular Season,19831.0,,,237,27
22100745,2022-01-29 19:00:00+00:00,New Orleans,Pelicans,1610612740,Boston,Celtics,1610612738,97,107,1610612738,Regular Season,16168.0,,,204,10
22100744,2022-01-28 22:00:00+00:00,Milwaukee,Bucks,1610612749,New York,Knicks,1610612752,123,108,1610612749,Regular Season,17341.0,,,231,15
22100743,2022-01-28 21:00:00+00:00,Phoenix,Suns,1610612756,Minnesota,Timberwolves,1610612750,134,124,1610612756,Regular Season,17071.0,,,258,10
22100742,2022-01-28 20:30:00+00:00,San Antonio,Spurs,1610612759,Chicago,Bulls,1610612741,131,122,1610612759,Regular Season,18354.0,,,253,9
22100740,2022-01-28 20:00:00+00:00,Memphis,Grizzlies,1610612763,Utah,Jazz,1610612762,119,109,1610612763,Regular Season,16916.0,,,228,10
22100741,2022-01-28 20:00:00+00:00,Oklahoma City,Thunder,1610612760,Indiana,Pacers,1610612754,110,113,1610612754,Regular Season,15106.0,,,223,3
22100739,2022-01-28 20:00:00+00:00,Houston,Rockets,1610612745,Portland,Trail Blazers,1610612757,110,125,1610612757,Regular Season,16100.0,,,235,15
22100738,2022-01-28 20:00:00+00:00,Miami,Heat,1610612748,Los Angeles,Clippers,1610612746,121,114,1610612748,Regular Season,19600.0,,,235,7
22100729,2022-01-28 20:00:00+00:00,New Orleans,Pelicans,1610612740,Denver,Nuggets,1610612743,105,116,1610612743,Regular Season,15254.0,,,221,11
22100737,2022-01-28 19:30:00+00:00,Atlanta,Hawks,1610612737,Boston,Celtics,1610612738,108,92,1610612737,Regular Season,16932.0,,,200,16
22100735,2022-01-28 19:30:00+00:00,Charlotte,Hornets,1610612766,Los Angeles,Lakers,1610612747,117,114,1610612766,Regular Season,19469.0,,,231,3
22100736,2022-01-28 19:00:00+00:00,Orlando,Magic,1610612753,Detroit,Pistons,1610612765,119,103,1610612753,Regular Season,13156.0,,,222,16
22100734,2022-01-27 22:00:00+00:00,Golden State,Warriors,1610612744,Minnesota,Timberwolves,1610612750,124,115,1610612744,Regular Season,18064.0,,,239,9
22100733,2022-01-27 19:30:00+00:00,Philadelphia,76ers,1610612755,Los Angeles,Lakers,1610612747,105,87,1610612755,Regular Season,20953.0,,,192,18
22100731,2022-01-26 22:00:00+00:00,Utah,Jazz,1610612762,Phoenix,Suns,1610612756,97,105,1610612756,Regular Season,18306.0,,,202,8
22100732,2022-01-26 22:00:00+00:00,Portland,Trail Blazers,1610612757,Dallas,Mavericks,1610612742,112,132,1610612742,Regular Season,16334.0,,,244,20
22100728,2022-01-26 20:30:00+00:00,San Antonio,Spurs,1610612759,Memphis,Grizzlies,1610612763,110,118,1610612763,Regular Season,14662.0,,,228,8
22100453,2022-01-26 20:00:00+00:00,Brooklyn,Nets,1610612751,Denver,Nuggets,1610612743,118,124,1610612743,Regular Season,18011.0,,,242,6
22100472,2022-01-26 20:00:00+00:00,Chicago,Bulls,1610612741,Toronto,Raptors,1610612761,111,105,1610612741,Regular Season,20269.0,,,216,6
22100727,2022-01-26 19:30:00+00:00,Miami,Heat,1610612748,New York,Knicks,1610612752,110,96,1610612748,Regular Season,19600.0,,,206,14
22100725,2022-01-26 19:30:00+00:00,Atlanta,Hawks,1610612737,Sacramento,Kings,1610612758,121,104,1610612737,Regular Season,15080.0,,,225,17
22100723,2022-01-26 19:00:00+00:00,Indiana,Pacers,1610612754,Charlotte,Hornets,1610612766,126,158,1610612766,Regular Season,14116.0,,,284,32
22100722,2022-01-26 19:00:00+00:00,Cleveland,Cavaliers,1610612739,Milwaukee,Bucks,1610612749,115,99,1610612739,Regular Season,18904.0,,,214,16
22100724,2022-01-26 19:00:00+00:00,Orlando,Magic,1610612753,Los Angeles,Clippers,1610612746,102,111,1610612746,Regular Season,12448.0,,,213,9
22100721,2022-01-25 22:00:00+00:00,Portland,Trail Blazers,1610612757,Minnesota,Timberwolves,1610612750,107,109,1610612750,Regular Season,16422.0,,,216,2
22100720,2022-01-25 22:00:00+00:00,Golden State,Warriors,1610612744,Dallas,Mavericks,1610612742,130,92,1610612744,Regular Season,18064.0,,,222,38
22100719,2022-01-25 20:00:00+00:00,Houston,Rockets,1610612745,San Antonio,Spurs,1610612759,104,134,1610612759,Regular Season,15007.0,,,238,30
22100717,2022-01-25 19:30:00+00:00,Boston,Celtics,1610612738,Sacramento,Kings,1610612758,128,75,1610612738,Regular Season,19156.0,,,203,53
22100718,2022-01-25 19:30:00+00:00,Brooklyn,Nets,1610612751,Los Angeles,Lakers,1610612747,96,106,1610612747,Regular Season,18126.0,,,202,10
22100715,2022-01-25 19:00:00+00:00,Toronto,Raptors,1610612761,Charlotte,Hornets,1610612766,125,113,1610612761,Regular Season,18024.0,,,238,12
22100454,2022-01-25 19:00:00+00:00,Philadelphia,76ers,1610612755,New Orleans,Pelicans,1610612740,117,107,1610612755,Regular Season,20121.0,,,224,10
22100714,2022-01-25 19:00:00+00:00,Detroit,Pistons,1610612765,Denver,Nuggets,1610612743,105,110,1610612743,Regular Season,16023.0,,,215,5
22100716,2022-01-25 19:00:00+00:00,Washington,Wizards,1610612764,Los Angeles,Clippers,1610612746,115,116,1610612746,Regular Season,13544.0,,,231,1
22100713,2022-01-24 21:00:00+00:00,Phoenix,Suns,1610612756,Utah,Jazz,1610612762,115,109,1610612756,Regular Season,17071.0,,,224,6
22100712,2022-01-24 20:00:00+00:00,New Orleans,Pelicans,1610612740,Indiana,Pacers,1610612754,117,113,1610612740,Regular Season,15581.0,,,230,4
22100730,2022-01-24 20:00:00+00:00,Oklahoma City,Thunder,1610612760,Chicago,Bulls,1610612741,110,111,1610612741,Regular Season,14378.0,,,221,1
22100709,2022-01-24 19:00:00+00:00,Cleveland,Cavaliers,1610612739,New York,Knicks,1610612752,95,93,1610612739,Regular Season,17321.0,,,188,2
22100708,2022-01-23 20:30:00+00:00,Golden State,Warriors,1610612744,Utah,Jazz,1610612762,94,92,1610612744,Regular Season,18064.0,,,186,2
22100706,2022-01-23 20:00:00+00:00,Minnesota,Timberwolves,1610612750,Brooklyn,Nets,1610612751,136,125,1610612750,Regular Season,16475.0,,,261,11
22100707,2022-01-23 20:00:00+00:00,Denver,Nuggets,1610612743,Detroit,Pistons,1610612765,117,111,1610612743,Regular Season,14060.0,,,228,6
22100705,2022-01-23 19:30:00+00:00,Dallas,Mavericks,1610612742,Memphis,Grizzlies,1610612763,104,91,1610612742,Regular Season,19701.0,,,195,13
22100704,2022-01-23 19:00:00+00:00,San Antonio,Spurs,1610612759,Philadelphia,76ers,1610612755,109,115,1610612755,Regular Season,16437.0,,,224,6
22100703,2022-01-23 19:00:00+00:00,Charlotte,Hornets,1610612766,Atlanta,Hawks,1610612737,91,113,1610612737,Regular Season,15822.0,,,204,22
22100701,2022-01-23 18:00:00+00:00,Orlando,Magic,1610612753,Chicago,Bulls,1610612741,114,95,1610612753,Regular Season,18846.0,,,209,19
22100700,2022-01-23 18:00:00+00:00,Miami,Heat,1610612748,Los Angeles,Lakers,1610612747,113,107,1610612748,Regular Season,19973.0,,,220,6
22100702,2022-01-23 18:00:00+00:00,Toronto,Raptors,1610612761,Portland,Trail Blazers,1610612757,105,114,1610612757,Regular Season,18024.0,,,219,9
22100699,2022-01-23 15:30:00+00:00,Washington,Wizards,1610612764,Boston,Celtics,1610612738,87,116,1610612738,Regular Season,16371.0,,,203,29
22100698,2022-01-23 13:00:00+00:00,New York,Knicks,1610612752,Los Angeles,Clippers,1610612746,110,102,1610612752,Regular Season,19812.0,,,212,8
22100697,2022-01-22 21:00:00+00:00,Phoenix,Suns,1610612756,Indiana,Pacers,1610612754,113,103,1610612756,Regular Season,17071.0,,,216,10
22100695,2022-01-22 20:00:00+00:00,Cleveland,Cavaliers,1610612739,Oklahoma City,Thunder,1610612760,94,87,1610612739,Regular Season,19432.0,,,181,7
22100696,2022-01-22 19:00:00+00:00,Milwaukee,Bucks,1610612749,Sacramento,Kings,1610612758,133,127,1610612749,Regular Season,17341.0,,,260,6
22100694,2022-01-21 22:00:00+00:00,Golden State,Warriors,1610612744,Houston,Rockets,1610612745,105,103,1610612744,Regular Season,18064.0,,,208,2
22100692,2022-01-21 21:00:00+00:00,Denver,Nuggets,1610612743,Memphis,Grizzlies,1610612763,118,122,1610612763,Regular Season,17009.0,,,240,4
22100693,2022-01-21 21:00:00+00:00,Utah,Jazz,1610612762,Detroit,Pistons,1610612765,111,101,1610612762,Regular Season,18306.0,,,212,10
22100691,2022-01-21 20:30:00+00:00,San Antonio,Spurs,1610612759,Brooklyn,Nets,1610612751,102,117,1610612751,Regular Season,15068.0,,,219,15
22100690,2022-01-21 20:00:00+00:00,Milwaukee,Bucks,1610612749,Chicago,Bulls,1610612741,94,90,1610612749,Regular Season,18013.0,,,184,4
22100689,2022-01-21 20:00:00+00:00,Washington,Wizards,1610612764,Toronto,Raptors,1610612761,105,109,1610612761,Regular Season,14755.0,,,214,4
22100687,2022-01-21 19:30:00+00:00,Atlanta,Hawks,1610612737,Miami,Heat,1610612748,110,108,1610612737,Regular Season,16385.0,,,218,2
22100688,2022-01-21 19:30:00+00:00,Boston,Celtics,1610612738,Portland,Trail Blazers,1610612757,105,109,1610612757,Regular Season,19156.0,,,214,4
22100686,2022-01-21 19:00:00+00:00,Philadelphia,76ers,1610612755,Los Angeles,Clippers,1610612746,101,102,1610612746,Regular Season,20182.0,,,203,1
22100684,2022-01-21 19:00:00+00:00,Charlotte,Hornets,1610612766,Oklahoma City,Thunder,1610612760,121,98,1610612766,Regular Season,15835.0,,,219,23
22100685,2022-01-21 19:00:00+00:00,Orlando,Magic,1610612753,Los Angeles,Lakers,1610612747,105,116,1610612747,Regular Season,18846.0,,,221,11
22100683,2022-01-20 22:00:00+00:00,Golden State,Warriors,1610612744,Indiana,Pacers,1610612754,117,121,1610612754,Regular Season,18064.0,,,238,4
22100682,2022-01-20 19:30:00+00:00,Dallas,Mavericks,1610612742,Phoenix,Suns,1610612756,101,109,1610612756,Regular Season,19584.0,,,210,8
22100681,2022-01-20 19:30:00+00:00,New York,Knicks,1610612752,New Orleans,Pelicans,1610612740,91,102,1610612740,Regular Season,16168.0,,,193,11
22100680,2022-01-19 22:30:00+00:00,Los Angeles,Lakers,1610612747,Indiana,Pacers,1610612754,104,111,1610612754,Regular Season,17818.0,,,215,7
22100679,2022-01-19 22:00:00+00:00,Sacramento,Kings,1610612758,Detroit,Pistons,1610612765,131,133,1610612765,Regular Season,12907.0,,,264,2
22100678,2022-01-19 22:00:00+00:00,Denver,Nuggets,1610612743,Los Angeles,Clippers,1610612746,130,128,1610612743,Regular Season,14547.0,,,258,2
22100677,2022-01-19 21:00:00+00:00,Utah,Jazz,1610612762,Houston,Rockets,1610612745,111,116,1610612745,Regular Season,18306.0,,,227,5
22100676,2022-01-19 20:30:00+00:00,San Antonio,Spurs,1610612759,Oklahoma City,Thunder,1610612760,118,96,1610612759,Regular Season,11848.0,,,214,22
22100675,2022-01-19 20:30:00+00:00,Dallas,Mavericks,1610612742,Toronto,Raptors,1610612761,102,98,1610612742,Regular Season,19218.0,,,200,4
22100674,2022-01-19 20:00:00+00:00,Milwaukee,Bucks,1610612749,Memphis,Grizzlies,1610612763,126,114,1610612749,Regular Season,17341.0,,,240,12
22100673,2022-01-19 20:00:00+00:00,Chicago,Bulls,1610612741,Cleveland,Cavaliers,1610612739,117,104,1610612741,Regular Season,20824.0,,,221,13
22100670,2022-01-19 19:30:00+00:00,Atlanta,Hawks,1610612737,Minnesota,Timberwolves,1610612750,134,122,1610612737,Regular Season,15199.0,,,256,12
22100671,2022-01-19 19:30:00+00:00,Boston,Celtics,1610612738,Charlotte,Hornets,1610612766,102,111,1610612766,Regular Season,19156.0,,,213,9
22100672,2022-01-19 19:30:00+00:00,Miami,Heat,1610612748,Portland,Trail Blazers,1610612757,104,92,1610612748,Regular Season,19600.0,,,196,12
22100668,2022-01-19 19:00:00+00:00,Philadelphia,76ers,1610612755,Orlando,Magic,1610612753,123,110,1610612755,Regular Season,20081.0,,,233,13
22100669,2022-01-19 19:00:00+00:00,Washington,Wizards,1610612764,Brooklyn,Nets,1610612751,118,119,1610612751,Regular Season,15380.0,,,237,1
22100667,2022-01-18 22:00:00+00:00,Golden State,Warriors,1610612744,Detroit,Pistons,1610612765,102,86,1610612744,Regular Season,18064.0,,,188,16
22100666,2022-01-18 19:30:00+00:00,New York,Knicks,1610612752,Minnesota,Timberwolves,1610612750,110,112,1610612750,Regular Season,16071.0,,,222,2
22100665,2022-01-17 22:30:00+00:00,Los Angeles,Lakers,1610612747,Utah,Jazz,1610612762,101,95,1610612747,Regular Season,17238.0,,,196,6
22100664,2022-01-17 20:30:00+00:00,San Antonio,Spurs,1610612759,Phoenix,Suns,1610612756,107,121,1610612756,Regular Season,10422.0,,,228,14
22100663,2022-01-17 20:30:00+00:00,Dallas,Mavericks,1610612742,Oklahoma City,Thunder,1610612760,104,102,1610612742,Regular Season,19266.0,,,206,2
22100662,2022-01-17 19:30:00+00:00,Miami,Heat,1610612748,Toronto,Raptors,1610612761,104,99,1610612748,Regular Season,19600.0,,,203,5
22100661,2022-01-17 19:00:00+00:00,Orlando,Magic,1610612753,Portland,Trail Blazers,1610612757,88,98,1610612757,Regular Season,13648.0,,,186,10
22100660,2022-01-17 18:00:00+00:00,Atlanta,Hawks,1610612737,Milwaukee,Bucks,1610612749,121,114,1610612737,Regular Season,16903.0,,,235,7
22100658,2022-01-17 15:30:00+00:00,Memphis,Grizzlies,1610612763,Chicago,Bulls,1610612741,119,106,1610612763,Regular Season,17794.0,,,225,13
22100659,2022-01-17 15:30:00+00:00,Los Angeles,Clippers,1610612746,Indiana,Pacers,1610612754,139,133,1610612746,Regular Season,15080.0,,,272,6
22100657,2022-01-17 15:00:00+00:00,Cleveland,Cavaliers,1610612739,Brooklyn,Nets,1610612751,114,107,1610612739,Regular Season,18105.0,,,221,7
22100656,2022-01-17 14:00:00+00:00,Washington,Wizards,1610612764,Philadelphia,76ers,1610612755,117,98,1610612764,Regular Season,14581.0,,,215,19
22100655,2022-01-17 13:00:00+00:00,New York,Knicks,1610612752,Charlotte,Hornets,1610612766,87,97,1610612766,Regular Season,19812.0,,,184,10
22100654,2022-01-17 12:30:00+00:00,Boston,Celtics,1610612738,New Orleans,Pelicans,1610612740,104,92,1610612738,Regular Season,19156.0,,,196,12
22100653,2022-01-16 20:00:00+00:00,Denver,Nuggets,1610612743,Utah,Jazz,1610612762,102,125,1610612762,Regular Season,15647.0,,,227,23
22100652,2022-01-16 20:00:00+00:00,Minnesota,Timberwolves,1610612750,Golden State,Warriors,1610612744,119,99,1610612750,Regular Season,17136.0,,,218,20
22100651,2022-01-16 18:00:00+00:00,Sacramento,Kings,1610612758,Houston,Rockets,1610612745,112,118,1610612745,Regular Season,13601.0,,,230,6
22100617,2022-01-16 13:00:00+00:00,Detroit,Pistons,1610612765,Phoenix,Suns,1610612756,108,135,1610612756,Regular Season,18178.0,,,243,27
22100650,2022-01-15 21:30:00+00:00,Dallas,Mavericks,1610612742,Orlando,Magic,1610612753,108,92,1610612742,Regular Season,19816.0,,,200,16
22100649,2022-01-15 21:00:00+00:00,Denver,Nuggets,1610612743,Los Angeles,Lakers,1610612747,133,96,1610612743,Regular Season,19520.0,,,229,37
22100648,2022-01-15 20:30:00+00:00,San Antonio,Spurs,1610612759,Los Angeles,Clippers,1610612746,101,94,1610612759,Regular Season,13223.0,,,195,7
22100647,2022-01-15 20:30:00+00:00,Boston,Celtics,1610612738,Chicago,Bulls,1610612741,114,112,1610612738,Regular Season,19156.0,,,226,2
22100646,2022-01-15 20:00:00+00:00,Oklahoma City,Thunder,1610612760,Cleveland,Cavaliers,1610612739,102,107,1610612739,Regular Season,15284.0,,,209,5
22100645,2022-01-15 20:00:00+00:00,Miami,Heat,1610612748,Philadelphia,76ers,1610612755,98,109,1610612755,Regular Season,19600.0,,,207,11
22100644,2022-01-15 19:30:00+00:00,Brooklyn,Nets,1610612751,New Orleans,Pelicans,1610612740,120,105,1610612751,Regular Season,17034.0,,,225,15
22100643,2022-01-15 19:30:00+00:00,Atlanta,Hawks,1610612737,New York,Knicks,1610612752,108,117,1610612752,Regular Season,16414.0,,,225,9
22100642,2022-01-15 19:00:00+00:00,Washington,Wizards,1610612764,Portland,Trail Blazers,1610612757,110,115,1610612757,Regular Season,15124.0,,,225,5
22100641,2022-01-15 18:30:00+00:00,Milwaukee,Bucks,1610612749,Toronto,Raptors,1610612761,96,103,1610612761,Regular Season,17341.0,,,199,7
22100639,2022-01-14 22:00:00+00:00,Memphis,Grizzlies,1610612763,Dallas,Mavericks,1610612742,85,112,1610612742,Regular Season,16712.0,,,197,27
22100640,2022-01-14 22:00:00+00:00,Sacramento,Kings,1610612758,Houston,Rockets,1610612745,126,114,1610612758,Regular Season,12857.0,,,240,12
22100638,2022-01-14 20:30:00+00:00,San Antonio,Spurs,1610612759,Cleveland,Cavaliers,1610612739,109,114,1610612739,Regular Season,12160.0,,,223,5
22100636,2022-01-14 20:00:00+00:00,Miami,Heat,1610612748,Atlanta,Hawks,1610612737,124,118,1610612748,Regular Season,19600.0,,,242,6
22100637,2022-01-14 19:30:00+00:00,Chicago,Bulls,1610612741,Golden State,Warriors,1610612744,96,138,1610612744,Regular Season,21174.0,,,234,42
22100634,2022-01-14 19:00:00+00:00,Indiana,Pacers,1610612754,Phoenix,Suns,1610612756,94,112,1610612756,Regular Season,14019.0,,,206,18
22100633,2022-01-14 19:00:00+00:00,Detroit,Pistons,1610612765,Toronto,Raptors,1610612761,103,87,1610612765,Regular Season,18011.0,,,190,16
22100632,2022-01-14 19:00:00+00:00,Charlotte,Hornets,1610612766,Orlando,Magic,1610612753,109,116,1610612753,Regular Season,16011.0,,,225,7
22100635,2022-01-14 19:00:00+00:00,Philadelphia,76ers,1610612755,Boston,Celtics,1610612738,111,99,1610612755,Regular Season,20444.0,,,210,12
22100631,2022-01-13 22:00:00+00:00,Denver,Nuggets,1610612743,Portland,Trail Blazers,1610612757,140,108,1610612743,Regular Season,14972.0,,,248,32
22100630,2022-01-13 20:30:00+00:00,Brooklyn,Nets,1610612751,Oklahoma City,Thunder,1610612760,109,130,1610612760,Regular Season,16964.0,,,239,21
22100629,2022-01-13 20:00:00+00:00,New Orleans,Pelicans,1610612740,Los Angeles,Clippers,1610612746,113,89,1610612740,Regular Season,15406.0,,,202,24
22100628,2022-01-13 20:00:00+00:00,Memphis,Grizzlies,1610612763,Minnesota,Timberwolves,1610612750,116,108,1610612763,Regular Season,15881.0,,,224,8
22100627,2022-01-13 19:30:00+00:00,Milwaukee,Bucks,1610612749,Golden State,Warriors,1610612744,118,99,1610612749,Regular Season,17848.0,,,217,19
22100626,2022-01-12 22:00:00+00:00,Sacramento,Kings,1610612758,Los Angeles,Lakers,1610612747,125,116,1610612758,Regular Season,12199.0,,,241,9
22100625,2022-01-12 22:00:00+00:00,Chicago,Bulls,1610612741,Brooklyn,Nets,1610612751,112,138,1610612751,Regular Season,21698.0,,,250,26
22100624,2022-01-12 21:00:00+00:00,Utah,Jazz,1610612762,Cleveland,Cavaliers,1610612739,91,111,1610612739,Regular Season,18306.0,,,202,20
22100623,2022-01-12 20:30:00+00:00,San Antonio,Spurs,1610612759,Houston,Rockets,1610612745,124,128,1610612745,Regular Season,11314.0,,,252,4
22100621,2022-01-12 19:30:00+00:00,Atlanta,Hawks,1610612737,Miami,Heat,1610612748,91,115,1610612748,Regular Season,15355.0,,,206,24
22100622,2022-01-12 19:30:00+00:00,New York,Knicks,1610612752,Dallas,Mavericks,1610612742,108,85,1610612752,Regular Season,18215.0,,,193,23
22100620,2022-01-12 19:00:00+00:00,Washington,Wizards,1610612764,Orlando,Magic,1610612753,112,106,1610612764,Regular Season,13138.0,,,218,6
22100619,2022-01-12 19:00:00+00:00,Philadelphia,76ers,1610612755,Charlotte,Hornets,1610612766,98,109,1610612766,Regular Season,20317.0,,,207,11
22100618,2022-01-12 19:00:00+00:00,Indiana,Pacers,1610612754,Boston,Celtics,1610612738,100,119,1610612738,Regular Season,13560.0,,,219,19
22100616,2022-01-11 22:30:00+00:00,Los Angeles,Clippers,1610612746,Denver,Nuggets,1610612743,87,85,1610612746,Regular Season,15077.0,,,172,2
22100415,2022-01-11 20:00:00+00:00,Chicago,Bulls,1610612741,Detroit,Pistons,1610612765,133,87,1610612741,Regular Season,19886.0,,,220,46
22100615,2022-01-11 20:00:00+00:00,New Orleans,Pelicans,1610612740,Minnesota,Timberwolves,1610612750,128,125,1610612740,Regular Season,15155.0,,,253,3
22100614,2022-01-11 20:00:00+00:00,Memphis,Grizzlies,1610612763,Golden State,Warriors,1610612744,116,108,1610612763,Regular Season,17794.0,,,224,8
22100613,2022-01-11 19:30:00+00:00,Toronto,Raptors,1610612761,Phoenix,Suns,1610612756,95,99,1610612756,Regular Season,18024.0,,,194,4
22100612,2022-01-11 19:00:00+00:00,Washington,Wizards,1610612764,Oklahoma City,Thunder,1610612760,122,118,1610612764,Regular Season,13985.0,,,240,4
22100611,2022-01-10 22:00:00+00:00,Sacramento,Kings,1610612758,Cleveland,Cavaliers,1610612739,108,109,1610612739,Regular Season,12110.0,,,217,1
22100486,2022-01-10 22:00:00+00:00,Portland,Trail Blazers,1610612757,Brooklyn,Nets,1610612751,114,108,1610612757,Regular Season,16379.0,,,222,6
22100711,2022-01-10 20:00:00+00:00,Houston,Rockets,1610612745,Philadelphia,76ers,1610612755,91,111,1610612755,Regular Season,13593.0,,,202,20
22100610,2022-01-10 19:30:00+00:00,New York,Knicks,1610612752,San Antonio,Spurs,1610612759,111,96,1610612752,Regular Season,16569.0,,,207,15
22100609,2022-01-10 19:30:00+00:00,Boston,Celtics,1610612738,Indiana,Pacers,1610612754,101,98,1610612738,Regular Season,19156.0,,,199,3
22100607,2022-01-10 19:00:00+00:00,Charlotte,Hornets,1610612766,Milwaukee,Bucks,1610612749,103,99,1610612766,Regular Season,14253.0,,,202,4
22100608,2022-01-10 19:00:00+00:00,Detroit,Pistons,1610612765,Utah,Jazz,1610612762,126,116,1610612765,Regular Season,17834.0,,,242,10
22100606,2022-01-09 21:30:00+00:00,Los Angeles,Lakers,1610612747,Memphis,Grizzlies,1610612763,119,127,1610612763,Regular Season,18288.0,,,246,8
22100605,2022-01-09 21:00:00+00:00,Portland,Trail Blazers,1610612757,Sacramento,Kings,1610612758,103,88,1610612757,Regular Season,16408.0,,,191,15
22100604,2022-01-09 20:30:00+00:00,Golden State,Warriors,1610612744,Cleveland,Cavaliers,1610612739,96,82,1610612744,Regular Season,18064.0,,,178,14
22100603,2022-01-09 19:30:00+00:00,Dallas,Mavericks,1610612742,Chicago,Bulls,1610612741,113,99,1610612742,Regular Season,20041.0,,,212,14
22100601,2022-01-09 19:00:00+00:00,Oklahoma City,Thunder,1610612760,Denver,Nuggets,1610612743,95,99,1610612743,Regular Season,14772.0,,,194,4
22100600,2022-01-09 19:00:00+00:00,Houston,Rockets,1610612745,Minnesota,Timberwolves,1610612750,123,141,1610612750,Regular Season,15277.0,,,264,18
22100599,2022-01-09 18:00:00+00:00,Toronto,Raptors,1610612761,New Orleans,Pelicans,1610612740,105,101,1610612761,Regular Season,18024.0,,,206,4
22100598,2022-01-09 18:00:00+00:00,Orlando,Magic,1610612753,Washington,Wizards,1610612764,100,102,1610612764,Regular Season,13223.0,,,202,2
22100597,2022-01-09 15:30:00+00:00,Los Angeles,Clippers,1610612746,Atlanta,Hawks,1610612737,106,93,1610612746,Regular Season,14836.0,,,199,13
22100602,2022-01-09 12:00:00+00:00,Brooklyn,Nets,1610612751,San Antonio,Spurs,1610612759,121,119,1610612751,Regular Season,15606.0,,,240,2
22100596,2022-01-08 21:00:00+00:00,Phoenix,Suns,1610612756,Miami,Heat,1610612748,100,123,1610612748,Regular Season,17071.0,,,223,23
22100595,2022-01-08 19:30:00+00:00,Boston,Celtics,1610612738,New York,Knicks,1610612752,99,75,1610612738,Regular Season,19156.0,,,174,24
22100593,2022-01-08 19:00:00+00:00,Detroit,Pistons,1610612765,Orlando,Magic,1610612753,97,92,1610612765,Regular Season,18644.0,,,189,5
22100592,2022-01-08 19:00:00+00:00,Charlotte,Hornets,1610612766,Milwaukee,Bucks,1610612749,114,106,1610612766,Regular Season,19139.0,,,220,8
22100594,2022-01-08 19:00:00+00:00,Indiana,Pacers,1610612754,Utah,Jazz,1610612762,125,113,1610612754,Regular Season,13160.0,,,238,12
22100591,2022-01-08 15:30:00+00:00,Los Angeles,Clippers,1610612746,Memphis,Grizzlies,1610612763,108,123,1610612763,Regular Season,17936.0,,,231,15
22100590,2022-01-07 22:00:00+00:00,Portland,Trail Blazers,1610612757,Cleveland,Cavaliers,1610612739,101,114,1610612739,Regular Season,16708.0,,,215,13
22100589,2022-01-07 22:00:00+00:00,Los Angeles,Lakers,1610612747,Atlanta,Hawks,1610612737,134,118,1610612747,Regular Season,18997.0,,,252,16
22100588,2022-01-07 21:00:00+00:00,Denver,Nuggets,1610612743,Sacramento,Kings,1610612758,121,111,1610612743,Regular Season,15966.0,,,232,10
22100586,2022-01-07 20:00:00+00:00,Houston,Rockets,1610612745,Dallas,Mavericks,1610612742,106,130,1610612742,Regular Season,15238.0,,,236,24
22100585,2022-01-07 20:00:00+00:00,Chicago,Bulls,1610612741,Washington,Wizards,1610612764,130,122,1610612741,Regular Season,21700.0,,,252,8
22100587,2022-01-07 20:00:00+00:00,Oklahoma City,Thunder,1610612760,Minnesota,Timberwolves,1610612750,105,135,1610612750,Regular Season,14874.0,,,240,30
22100583,2022-01-07 19:30:00+00:00,Brooklyn,Nets,1610612751,Milwaukee,Bucks,1610612749,109,121,1610612749,Regular Season,17732.0,,,230,12
22100584,2022-01-07 19:30:00+00:00,Toronto,Raptors,1610612761,Utah,Jazz,1610612762,122,108,1610612761,Regular Season,18024.0,,,230,14
22100582,2022-01-07 19:00:00+00:00,Philadelphia,76ers,1610612755,San Antonio,Spurs,1610612759,119,100,1610612755,Regular Season,20265.0,,,219,19
22100581,2022-01-06 22:00:00+00:00,Phoenix,Suns,1610612756,Los Angeles,Clippers,1610612746,106,89,1610612756,Regular Season,17071.0,,,195,17
22100579,2022-01-06 20:00:00+00:00,Memphis,Grizzlies,1610612763,Detroit,Pistons,1610612765,118,88,1610612763,Regular Season,12983.0,,,206,30
22100580,2022-01-06 20:00:00+00:00,New Orleans,Pelicans,1610612740,Golden State,Warriors,1610612744,101,96,1610612740,Regular Season,15986.0,,,197,5
22100578,2022-01-06 19:30:00+00:00,New York,Knicks,1610612752,Boston,Celtics,1610612738,108,105,1610612752,Regular Season,17529.0,,,213,3
22100577,2022-01-05 22:00:00+00:00,Sacramento,Kings,1610612758,Atlanta,Hawks,1610612737,102,108,1610612737,Regular Season,13104.0,,,210,6
22100576,2022-01-05 22:00:00+00:00,Portland,Trail Blazers,1610612757,Miami,Heat,1610612748,109,115,1610612748,Regular Season,15773.0,,,224,6
22100575,2022-01-05 22:00:00+00:00,Denver,Nuggets,1610612743,Utah,Jazz,1610612762,109,115,1610612762,Regular Season,14056.0,,,224,6
22100574,2022-01-05 20:00:00+00:00,Minnesota,Timberwolves,1610612750,Oklahoma City,Thunder,1610612760,98,90,1610612750,Regular Season,14375.0,,,188,8
22100573,2022-01-05 20:00:00+00:00,Milwaukee,Bucks,1610612749,Toronto,Raptors,1610612761,111,117,1610612761,Regular Season,17341.0,,,228,6
22100571,2022-01-05 19:30:00+00:00,Indiana,Pacers,1610612754,Brooklyn,Nets,1610612751,121,129,1610612751,Regular Season,14176.0,,,250,8
22100570,2022-01-05 19:30:00+00:00,Boston,Celtics,1610612738,San Antonio,Spurs,1610612759,97,99,1610612759,Regular Season,19156.0,,,196,2
22100572,2022-01-05 19:30:00+00:00,Dallas,Mavericks,1610612742,Golden State,Warriors,1610612744,99,82,1610612742,Regular Season,20441.0,,,181,17
22100568,2022-01-05 19:00:00+00:00,Orlando,Magic,1610612753,Philadelphia,76ers,1610612755,106,116,1610612755,Regular Season,13116.0,,,222,10
22100567,2022-01-05 19:00:00+00:00,Charlotte,Hornets,1610612766,Detroit,Pistons,1610612765,140,111,1610612766,Regular Season,14427.0,,,251,29
22100569,2022-01-05 19:00:00+00:00,Washington,Wizards,1610612764,Houston,Rockets,1610612745,111,114,1610612745,Regular Season,13014.0,,,225,3
22100566,2022-01-04 22:30:00+00:00,Los Angeles,Lakers,1610612747,Sacramento,Kings,1610612758,122,114,1610612747,Regular Season,17919.0,,,236,8
22100565,2022-01-04 20:00:00+00:00,New Orleans,Pelicans,1610612740,Phoenix,Suns,1610612756,110,123,1610612756,Regular Season,15158.0,,,233,13
22100564,2022-01-04 19:30:00+00:00,New York,Knicks,1610612752,Indiana,Pacers,1610612754,104,94,1610612752,Regular Season,18449.0,,,198,10
22100563,2022-01-04 19:00:00+00:00,Toronto,Raptors,1610612761,San Antonio,Spurs,1610612759,129,104,1610612761,Regular Season,18024.0,,,233,25
22100562,2022-01-04 19:00:00+00:00,Cleveland,Cavaliers,1610612739,Memphis,Grizzlies,1610612763,106,110,1610612763,Regular Season,18178.0,,,216,4
22100561,2022-01-03 22:30:00+00:00,Los Angeles,Clippers,1610612746,Minnesota,Timberwolves,1610612750,104,122,1610612750,Regular Season,15959.0,,,226,18
22100560,2022-01-03 22:00:00+00:00,Portland,Trail Blazers,1610612757,Atlanta,Hawks,1610612737,136,131,1610612757,Regular Season,15091.0,,,267,5
22100559,2022-01-03 22:00:00+00:00,Golden State,Warriors,1610612744,Miami,Heat,1610612748,115,108,1610612744,Regular Season,18064.0,,,223,7
22100558,2022-01-03 20:30:00+00:00,Dallas,Mavericks,1610612742,Denver,Nuggets,1610612743,103,89,1610612742,Regular Season,19767.0,,,192,14
22100556,2022-01-03 20:00:00+00:00,Milwaukee,Bucks,1610612749,Detroit,Pistons,1610612765,106,115,1610612765,Regular Season,17341.0,,,221,9
22100555,2022-01-03 20:00:00+00:00,Chicago,Bulls,1610612741,Orlando,Magic,1610612753,102,98,1610612741,Regular Season,20502.0,,,200,4
22100557,2022-01-03 20:00:00+00:00,New Orleans,Pelicans,1610612740,Utah,Jazz,1610612762,104,115,1610612762,Regular Season,15057.0,,,219,11
22100554,2022-01-03 19:30:00+00:00,Brooklyn,Nets,1610612751,Memphis,Grizzlies,1610612763,104,118,1610612763,Regular Season,17089.0,,,222,14
22100553,2022-01-03 19:00:00+00:00,Washington,Wizards,1610612764,Charlotte,Hornets,1610612766,124,121,1610612764,Regular Season,8902.0,,,245,3
22100552,2022-01-03 19:00:00+00:00,Philadelphia,76ers,1610612755,Houston,Rockets,1610612745,133,113,1610612755,Regular Season,20026.0,,,246,20
22100551,2022-01-02 21:30:00+00:00,Los Angeles,Lakers,1610612747,Minnesota,Timberwolves,1610612750,108,103,1610612747,Regular Season,18343.0,,,211,5
22100550,2022-01-02 19:00:00+00:00,Oklahoma City,Thunder,1610612760,Dallas,Mavericks,1610612742,86,95,1610612742,Regular Season,14751.0,,,181,9
22100549,2022-01-02 19:00:00+00:00,Charlotte,Hornets,1610612766,Phoenix,Suns,1610612756,99,133,1610612756,Regular Season,19088.0,,,232,34
22100548,2022-01-02 18:00:00+00:00,Sacramento,Kings,1610612758,Miami,Heat,1610612748,115,113,1610612758,Regular Season,13699.0,,,228,2
22100546,2022-01-02 18:00:00+00:00,Boston,Celtics,1610612738,Orlando,Magic,1610612753,116,111,1610612738,Regular Season,19156.0,,,227,5
22100547,2022-01-02 18:00:00+00:00,Cleveland,Cavaliers,1610612739,Indiana,Pacers,1610612754,108,104,1610612739,Regular Season,17808.0,,,212,4
22100545,2022-01-02 15:30:00+00:00,Toronto,Raptors,1610612761,New York,Knicks,1610612752,120,105,1610612761,Regular Season,18024.0,,,225,15
22100544,2022-01-01 21:00:00+00:00,Utah,Jazz,1610612762,Golden State,Warriors,1610612744,116,123,1610612744,Regular Season,18306.0,,,239,7
22100543,2022-01-01 20:00:00+00:00,Houston,Rockets,1610612745,Denver,Nuggets,1610612743,111,124,1610612743,Regular Season,18055.0,,,235,13
22100542,2022-01-01 19:30:00+00:00,Brooklyn,Nets,1610612751,Los Angeles,Clippers,1610612746,116,120,1610612746,Regular Season,17732.0,,,236,4
22100541,2022-01-01 19:00:00+00:00,Washington,Wizards,1610612764,Chicago,Bulls,1610612741,119,120,1610612741,Regular Season,19043.0,,,239,1
22100540,2022-01-01 19:00:00+00:00,Detroit,Pistons,1610612765,San Antonio,Spurs,1610612759,117,116,1610612765,Regular Season,18911.0,,,233,1
22100539,2022-01-01 18:30:00+00:00,Milwaukee,Bucks,1610612749,New Orleans,Pelicans,1610612740,136,113,1610612749,Regular Season,17341.0,,,249,23
22100538,2021-12-31 22:30:00+00:00,Los Angeles,Lakers,1610612747,Portland,Trail Blazers,1610612757,139,106,1610612747,Regular Season,18997.0,,,245,33
22100537,2021-12-31 21:00:00+00:00,Utah,Jazz,1610612762,Minnesota,Timberwolves,1610612750,120,108,1610612762,Regular Season,18306.0,,,228,12
22100536,2021-12-31 20:00:00+00:00,Oklahoma City,Thunder,1610612760,New York,Knicks,1610612752,95,80,1610612760,Regular Season,16451.0,,,175,15
22100535,2021-12-31 20:00:00+00:00,Memphis,Grizzlies,1610612763,San Antonio,Spurs,1610612759,118,105,1610612763,Regular Season,15412.0,,,223,13
22100534,2021-12-31 19:30:00+00:00,Toronto,Raptors,1610612761,Los Angeles,Clippers,1610612746,116,108,1610612761,Regular Season,18024.0,,,224,8
22100533,2021-12-31 19:30:00+00:00,Cleveland,Cavaliers,1610612739,Atlanta,Hawks,1610612737,118,121,1610612737,Regular Season,17745.0,,,239,3
22100532,2021-12-31 19:00:00+00:00,Houston,Rockets,1610612745,Miami,Heat,1610612748,110,120,1610612748,Regular Season,16197.0,,,230,10
22100531,2021-12-31 18:00:00+00:00,Sacramento,Kings,1610612758,Dallas,Mavericks,1610612742,96,112,1610612742,Regular Season,15833.0,,,208,16
22100530,2021-12-31 15:00:00+00:00,Indiana,Pacers,1610612754,Chicago,Bulls,1610612741,106,108,1610612741,Regular Season,17515.0,,,214,2
22100529,2021-12-31 13:00:00+00:00,Boston,Celtics,1610612738,Phoenix,Suns,1610612756,123,108,1610612738,Regular Season,19156.0,,,231,15
22100527,2021-12-30 19:00:00+00:00,Washington,Wizards,1610612764,Cleveland,Cavaliers,1610612739,110,93,1610612764,Regular Season,15637.0,,,203,17
22100525,2021-12-30 19:00:00+00:00,Brooklyn,Nets,1610612751,Philadelphia,76ers,1610612755,102,110,1610612755,Regular Season,17920.0,,,212,8
22100526,2021-12-30 19:00:00+00:00,Orlando,Magic,1610612753,Milwaukee,Bucks,1610612749,118,136,1610612749,Regular Season,15855.0,,,254,18
22100524,2021-12-29 22:30:00+00:00,Sacramento,Kings,1610612758,Dallas,Mavericks,1610612742,95,94,1610612758,Regular Season,16071.0,,,189,1
22100523,2021-12-29 22:00:00+00:00,Portland,Trail Blazers,1610612757,Utah,Jazz,1610612762,105,120,1610612762,Regular Season,17828.0,,,225,15
22100522,2021-12-29 21:00:00+00:00,Phoenix,Suns,1610612756,Oklahoma City,Thunder,1610612760,115,97,1610612756,Regular Season,17071.0,,,212,18
22100519,2021-12-29 20:00:00+00:00,Chicago,Bulls,1610612741,Atlanta,Hawks,1610612737,131,117,1610612741,Regular Season,21372.0,,,248,14
22100520,2021-12-29 20:00:00+00:00,Memphis,Grizzlies,1610612763,Los Angeles,Lakers,1610612747,104,99,1610612763,Regular Season,17794.0,,,203,5
22100518,2021-12-29 19:30:00+00:00,Boston,Celtics,1610612738,Los Angeles,Clippers,1610612746,82,91,1610612746,Regular Season,19156.0,,,173,9
22100517,2021-12-29 19:00:00+00:00,Indiana,Pacers,1610612754,Charlotte,Hornets,1610612766,108,116,1610612766,Regular Season,17608.0,,,224,8
22100516,2021-12-29 19:00:00+00:00,Detroit,Pistons,1610612765,New York,Knicks,1610612752,85,94,1610612752,Regular Season,18312.0,,,179,9
22100515,2021-12-28 22:00:00+00:00,Sacramento,Kings,1610612758,Oklahoma City,Thunder,1610612760,117,111,1610612758,Regular Season,14750.0,,,228,6
22100514,2021-12-28 22:00:00+00:00,Golden State,Warriors,1610612744,Denver,Nuggets,1610612743,86,89,1610612743,Regular Season,18064.0,,,175,3
22100512,2021-12-28 20:00:00+00:00,Minnesota,Timberwolves,1610612750,New York,Knicks,1610612752,88,96,1610612752,Regular Season,16339.0,,,184,8
22100511,2021-12-28 20:00:00+00:00,Houston,Rockets,1610612745,Los Angeles,Lakers,1610612747,123,132,1610612747,Regular Season,18104.0,,,255,9
22100513,2021-12-28 20:00:00+00:00,New Orleans,Pelicans,1610612740,Cleveland,Cavaliers,1610612739,108,104,1610612740,Regular Season,15835.0,,,212,4
22100510,2021-12-28 19:30:00+00:00,Toronto,Raptors,1610612761,Philadelphia,76ers,1610612755,109,114,1610612755,Regular Season,6960.0,,,223,5
22100509,2021-12-28 19:30:00+00:00,Miami,Heat,1610612748,Washington,Wizards,1610612764,119,112,1610612748,Regular Season,19600.0,,,231,7
22100508,2021-12-28 19:00:00+00:00,Orlando,Magic,1610612753,Milwaukee,Bucks,1610612749,110,127,1610612749,Regular Season,16696.0,,,237,17
22100507,2021-12-27 22:30:00+00:00,Los Angeles,Clippers,1610612746,Brooklyn,Nets,1610612751,108,124,1610612751,Regular Season,17128.0,,,232,16
22100506,2021-12-27 22:00:00+00:00,Portland,Trail Blazers,1610612757,Dallas,Mavericks,1610612742,117,132,1610612742,Regular Season,18430.0,,,249,15
22100505,2021-12-27 21:00:00+00:00,Phoenix,Suns,1610612756,Memphis,Grizzlies,1610612763,113,114,1610612763,Regular Season,17071.0,,,227,1
22100504,2021-12-27 20:30:00+00:00,San Antonio,Spurs,1610612759,Utah,Jazz,1610612762,104,110,1610612762,Regular Season,16255.0,,,214,6
22100503,2021-12-27 20:00:00+00:00,Minnesota,Timberwolves,1610612750,Boston,Celtics,1610612738,108,103,1610612750,Regular Season,15962.0,,,211,5
22100502,2021-12-27 19:30:00+00:00,Atlanta,Hawks,1610612737,Chicago,Bulls,1610612741,118,130,1610612741,Regular Season,17049.0,,,248,12
22100501,2021-12-27 19:00:00+00:00,Charlotte,Hornets,1610612766,Houston,Rockets,1610612745,123,99,1610612766,Regular Season,19349.0,,,222,24
22100500,2021-12-26 21:00:00+00:00,Los Angeles,Clippers,1610612746,Denver,Nuggets,1610612743,100,103,1610612743,Regular Season,17759.0,,,203,3
22100499,2021-12-26 20:00:00+00:00,Chicago,Bulls,1610612741,Indiana,Pacers,1610612754,113,105,1610612741,Regular Season,20475.0,,,218,8
22100498,2021-12-26 19:00:00+00:00,San Antonio,Spurs,1610612759,Detroit,Pistons,1610612765,144,109,1610612759,Regular Season,14715.0,,,253,35
22100497,2021-12-26 19:00:00+00:00,Oklahoma City,Thunder,1610612760,New Orleans,Pelicans,1610612740,117,112,1610612760,Regular Season,15608.0,,,229,5
22100496,2021-12-26 18:00:00+00:00,Sacramento,Kings,1610612758,Memphis,Grizzlies,1610612763,102,127,1610612763,Regular Season,15685.0,,,229,25
22100494,2021-12-26 18:00:00+00:00,Cleveland,Cavaliers,1610612739,Toronto,Raptors,1610612761,144,99,1610612739,Regular Season,19432.0,,,243,45
22100495,2021-12-26 18:00:00+00:00,Washington,Wizards,1610612764,Philadelphia,76ers,1610612755,96,117,1610612755,Regular Season,16767.0,,,213,21
22100493,2021-12-26 15:30:00+00:00,Miami,Heat,1610612748,Orlando,Magic,1610612753,93,83,1610612748,Regular Season,19600.0,,,176,10
22100492,2021-12-25 22:30:00+00:00,Utah,Jazz,1610612762,Dallas,Mavericks,1610612742,120,116,1610612762,Regular Season,18306.0,,,236,4
22100491,2021-12-25 20:00:00+00:00,Los Angeles,Lakers,1610612747,Brooklyn,Nets,1610612751,115,122,1610612751,Regular Season,18997.0,,,237,7
22100490,2021-12-25 17:00:00+00:00,Phoenix,Suns,1610612756,Golden State,Warriors,1610612744,107,116,1610612744,Regular Season,17071.0,,,223,9
22100489,2021-12-25 14:30:00+00:00,Milwaukee,Bucks,1610612749,Boston,Celtics,1610612738,117,113,1610612749,Regular Season,17341.0,,,230,4
22100488,2021-12-25 12:00:00+00:00,New York,Knicks,1610612752,Atlanta,Hawks,1610612737,101,87,1610612752,Regular Season,19812.0,,,188,14
22100487,2021-12-23 22:30:00+00:00,Los Angeles,Lakers,1610612747,San Antonio,Spurs,1610612759,110,138,1610612759,Regular Season,18997.0,,,248,28
22100485,2021-12-23 22:00:00+00:00,Golden State,Warriors,1610612744,Memphis,Grizzlies,1610612763,113,104,1610612744,Regular Season,18064.0,,,217,9
22100482,2021-12-23 21:00:00+00:00,Denver,Nuggets,1610612743,Charlotte,Hornets,1610612766,107,115,1610612766,Regular Season,17003.0,,,222,8
22100483,2021-12-23 21:00:00+00:00,Phoenix,Suns,1610612756,Oklahoma City,Thunder,1610612760,113,101,1610612756,Regular Season,17071.0,,,214,12
22100484,2021-12-23 21:00:00+00:00,Utah,Jazz,1610612762,Minnesota,Timberwolves,1610612750,128,116,1610612762,Regular Season,18306.0,,,244,12
22100481,2021-12-23 20:30:00+00:00,Dallas,Mavericks,1610612742,Milwaukee,Bucks,1610612749,95,102,1610612749,Regular Season,19654.0,,,197,7
22100479,2021-12-23 19:30:00+00:00,Miami,Heat,1610612748,Detroit,Pistons,1610612765,115,112,1610612748,Regular Season,19600.0,,,227,3
22100480,2021-12-23 19:30:00+00:00,New York,Knicks,1610612752,Washington,Wizards,1610612764,117,124,1610612764,Regular Season,18208.0,,,241,7
22100478,2021-12-23 19:00:00+00:00,Philadelphia,76ers,1610612755,Atlanta,Hawks,1610612737,96,98,1610612737,Regular Season,20408.0,,,194,2
22100477,2021-12-23 19:00:00+00:00,Orlando,Magic,1610612753,New Orleans,Pelicans,1610612740,104,110,1610612740,Regular Season,13954.0,,,214,6
22100476,2021-12-23 19:00:00+00:00,Indiana,Pacers,1610612754,Houston,Rockets,1610612745,118,106,1610612754,Regular Season,15089.0,,,224,12
22100475,2021-12-22 22:00:00+00:00,Sacramento,Kings,1610612758,Los Angeles,Clippers,1610612746,89,105,1610612746,Regular Season,15386.0,,,194,16
22100474,2021-12-22 20:00:00+00:00,Oklahoma City,Thunder,1610612760,Denver,Nuggets,1610612743,108,94,1610612760,Regular Season,14932.0,,,202,14
22100473,2021-12-22 20:00:00+00:00,Milwaukee,Bucks,1610612749,Houston,Rockets,1610612745,126,106,1610612749,Regular Season,17341.0,,,232,20
22100470,2021-12-22 19:30:00+00:00,Atlanta,Hawks,1610612737,Orlando,Magic,1610612753,98,104,1610612753,Regular Season,15299.0,,,202,6
22100471,2021-12-22 19:30:00+00:00,Boston,Celtics,1610612738,Cleveland,Cavaliers,1610612739,111,101,1610612738,Regular Season,19156.0,,,212,10
22100469,2021-12-21 22:00:00+00:00,Los Angeles,Lakers,1610612747,Phoenix,Suns,1610612756,90,108,1610612756,Regular Season,18997.0,,,198,18
22100468,2021-12-21 20:30:00+00:00,Dallas,Mavericks,1610612742,Minnesota,Timberwolves,1610612750,114,102,1610612742,Regular Season,20056.0,,,216,12
22100467,2021-12-21 20:00:00+00:00,New Orleans,Pelicans,1610612740,Portland,Trail Blazers,1610612757,111,97,1610612740,Regular Season,15272.0,,,208,14
22100465,2021-12-21 19:30:00+00:00,Miami,Heat,1610612748,Indiana,Pacers,1610612754,125,96,1610612748,Regular Season,19600.0,,,221,29
22100466,2021-12-21 19:30:00+00:00,New York,Knicks,1610612752,Detroit,Pistons,1610612765,105,91,1610612752,Regular Season,17906.0,,,196,14
22100463,2021-12-20 22:30:00+00:00,Los Angeles,Clippers,1610612746,San Antonio,Spurs,1610612759,92,116,1610612759,Regular Season,18096.0,,,208,24
22100462,2021-12-20 22:00:00+00:00,Golden State,Warriors,1610612744,Sacramento,Kings,1610612758,113,98,1610612744,Regular Season,18064.0,,,211,15
22100461,2021-12-20 21:00:00+00:00,Utah,Jazz,1610612762,Charlotte,Hornets,1610612766,112,102,1610612762,Regular Season,18306.0,,,214,10
22100459,2021-12-20 20:00:00+00:00,Chicago,Bulls,1610612741,Houston,Rockets,1610612745,133,118,1610612741,Regular Season,21150.0,,,251,15
22100460,2021-12-20 20:00:00+00:00,Memphis,Grizzlies,1610612763,Oklahoma City,Thunder,1610612760,99,102,1610612760,Regular Season,15721.0,,,201,3
22100457,2021-12-20 19:30:00+00:00,Boston,Celtics,1610612738,Philadelphia,76ers,1610612755,103,108,1610612755,Regular Season,19156.0,,,211,5
22100456,2021-12-19 20:00:00+00:00,Phoenix,Suns,1610612756,Charlotte,Hornets,1610612766,137,106,1610612756,Regular Season,17071.0,,,243,31
22100448,2021-12-19 20:00:00+00:00,Chicago,Bulls,1610612741,Los Angeles,Lakers,1610612747,115,110,1610612741,Regular Season,21560.0,,,225,5
22100455,2021-12-19 20:00:00+00:00,Minnesota,Timberwolves,1610612750,Dallas,Mavericks,1610612742,111,105,1610612750,Regular Season,16127.0,,,216,6
22100450,2021-12-19 18:00:00+00:00,Memphis,Grizzlies,1610612763,Portland,Trail Blazers,1610612757,100,105,1610612757,Regular Season,15977.0,,,205,5
22100449,2021-12-19 18:00:00+00:00,Detroit,Pistons,1610612765,Miami,Heat,1610612748,100,90,1610612765,Regular Season,15188.0,,,190,10
22100451,2021-12-19 18:00:00+00:00,Sacramento,Kings,1610612758,San Antonio,Spurs,1610612759,121,114,1610612758,Regular Season,15091.0,,,235,7
22100446,2021-12-18 21:00:00+00:00,Milwaukee,Bucks,1610612749,Cleveland,Cavaliers,1610612739,90,119,1610612739,Regular Season,17341.0,,,209,29
22100447,2021-12-18 21:00:00+00:00,Utah,Jazz,1610612762,Washington,Wizards,1610612764,103,109,1610612764,Regular Season,18306.0,,,212,6
22100444,2021-12-18 20:00:00+00:00,Oklahoma City,Thunder,1610612760,Los Angeles,Clippers,1610612746,104,103,1610612760,Regular Season,15123.0,,,207,1
22100443,2021-12-18 19:30:00+00:00,Toronto,Raptors,1610612761,Golden State,Warriors,1610612744,119,100,1610612761,Regular Season,7988.0,,,219,19
22100442,2021-12-18 19:30:00+00:00,Brooklyn,Nets,1610612751,Orlando,Magic,1610612753,93,100,1610612753,Regular Season,16292.0,,,193,7
22100445,2021-12-18 19:00:00+00:00,Boston,Celtics,1610612738,New York,Knicks,1610612752,114,107,1610612738,Regular Season,19156.0,,,221,7
22100441,2021-12-18 12:00:00+00:00,Detroit,Pistons,1610612765,Houston,Rockets,1610612745,107,116,1610612745,Regular Season,13722.0,,,223,9
22100436,2021-12-17 22:00:00+00:00,Minnesota,Timberwolves,1610612750,Los Angeles,Lakers,1610612747,110,92,1610612750,Regular Season,17136.0,,,202,18
22100439,2021-12-17 22:00:00+00:00,Portland,Trail Blazers,1610612757,Charlotte,Hornets,1610612766,125,116,1610612757,Regular Season,18399.0,,,241,9
22100440,2021-12-17 22:00:00+00:00,Sacramento,Kings,1610612758,Memphis,Grizzlies,1610612763,105,124,1610612763,Regular Season,14659.0,,,229,19
22100437,2021-12-17 21:00:00+00:00,Utah,Jazz,1610612762,San Antonio,Spurs,1610612759,126,128,1610612759,Regular Season,18306.0,,,254,2
22100438,2021-12-17 20:00:00+00:00,New Orleans,Pelicans,1610612740,Milwaukee,Bucks,1610612749,116,112,1610612740,Regular Season,15504.0,,,228,4
22100435,2021-12-17 19:30:00+00:00,Boston,Celtics,1610612738,Golden State,Warriors,1610612744,107,111,1610612744,Regular Season,19156.0,,,218,4
22100434,2021-12-17 19:30:00+00:00,Atlanta,Hawks,1610612737,Denver,Nuggets,1610612743,115,133,1610612743,Regular Season,16114.0,,,248,18
22100433,2021-12-17 19:00:00+00:00,Orlando,Magic,1610612753,Miami,Heat,1610612748,105,115,1610612748,Regular Season,14103.0,,,220,10
22100432,2021-12-16 21:00:00+00:00,Phoenix,Suns,1610612756,Washington,Wizards,1610612764,118,98,1610612756,Regular Season,16177.0,,,216,20
22100431,2021-12-16 20:00:00+00:00,Houston,Rockets,1610612745,New York,Knicks,1610612752,103,116,1610612752,Regular Season,13857.0,,,219,13
22100429,2021-12-16 19:30:00+00:00,Brooklyn,Nets,1610612751,Philadelphia,76ers,1610612755,114,105,1610612751,Regular Season,17053.0,,,219,9
22100428,2021-12-16 19:00:00+00:00,Indiana,Pacers,1610612754,Detroit,Pistons,1610612765,122,113,1610612754,Regular Season,13596.0,,,235,9
22100427,2021-12-15 22:00:00+00:00,Sacramento,Kings,1610612758,Washington,Wizards,1610612764,119,105,1610612758,Regular Season,13806.0,,,224,14
22100425,2021-12-15 22:00:00+00:00,Utah,Jazz,1610612762,Los Angeles,Clippers,1610612746,124,103,1610612762,Regular Season,18306.0,,,227,21
22100426,2021-12-15 22:00:00+00:00,Portland,Trail Blazers,1610612757,Memphis,Grizzlies,1610612763,103,113,1610612763,Regular Season,15773.0,,,216,10
22100424,2021-12-15 21:00:00+00:00,Denver,Nuggets,1610612743,Minnesota,Timberwolves,1610612750,107,124,1610612750,Regular Season,15365.0,,,231,17
22100423,2021-12-15 20:30:00+00:00,San Antonio,Spurs,1610612759,Charlotte,Hornets,1610612766,115,131,1610612766,Regular Season,14354.0,,,246,16
22100421,2021-12-15 20:00:00+00:00,Milwaukee,Bucks,1610612749,Indiana,Pacers,1610612754,114,99,1610612749,Regular Season,17341.0,,,213,15
22100422,2021-12-15 20:00:00+00:00,Oklahoma City,Thunder,1610612760,New Orleans,Pelicans,1610612740,110,113,1610612740,Regular Season,13253.0,,,223,3
22100420,2021-12-15 19:30:00+00:00,Dallas,Mavericks,1610612742,Los Angeles,Lakers,1610612747,104,107,1610612747,Regular Season,20270.0,,,211,3
22100418,2021-12-15 19:00:00+00:00,Orlando,Magic,1610612753,Atlanta,Hawks,1610612737,99,111,1610612737,Regular Season,13576.0,,,210,12
22100417,2021-12-15 19:00:00+00:00,Cleveland,Cavaliers,1610612739,Houston,Rockets,1610612745,124,89,1610612739,Regular Season,17131.0,,,213,35
22100419,2021-12-15 19:00:00+00:00,Philadelphia,76ers,1610612755,Miami,Heat,1610612748,96,101,1610612748,Regular Season,20389.0,,,197,5
22100416,2021-12-14 22:00:00+00:00,Portland,Trail Blazers,1610612757,Phoenix,Suns,1610612756,107,111,1610612756,Regular Season,16184.0,,,218,4
22100414,2021-12-14 19:30:00+00:00,New York,Knicks,1610612752,Golden State,Warriors,1610612744,96,105,1610612744,Regular Season,19812.0,,,201,9
22100413,2021-12-14 19:30:00+00:00,Brooklyn,Nets,1610612751,Toronto,Raptors,1610612761,131,129,1610612751,Regular Season,17325.0,,,260,2
22100412,2021-12-13 22:30:00+00:00,Los Angeles,Clippers,1610612746,Phoenix,Suns,1610612756,111,95,1610612746,Regular Season,17909.0,,,206,16
22100411,2021-12-13 21:00:00+00:00,Denver,Nuggets,1610612743,Washington,Wizards,1610612764,113,107,1610612743,Regular Season,14632.0,,,220,6
22100410,2021-12-13 20:30:00+00:00,Dallas,Mavericks,1610612742,Charlotte,Hornets,1610612766,120,96,1610612742,Regular Season,19213.0,,,216,24
22100409,2021-12-13 20:00:00+00:00,Memphis,Grizzlies,1610612763,Philadelphia,76ers,1610612755,126,91,1610612763,Regular Season,13420.0,,,217,35
22100407,2021-12-13 19:30:00+00:00,Atlanta,Hawks,1610612737,Houston,Rockets,1610612745,126,132,1610612745,Regular Season,15456.0,,,258,6
22100408,2021-12-13 19:30:00+00:00,Boston,Celtics,1610612738,Milwaukee,Bucks,1610612749,117,103,1610612738,Regular Season,19156.0,,,220,14
22100406,2021-12-13 19:00:00+00:00,Toronto,Raptors,1610612761,Sacramento,Kings,1610612758,124,101,1610612761,Regular Season,19463.0,,,225,23
22100405,2021-12-13 19:00:00+00:00,Indiana,Pacers,1610612754,Golden State,Warriors,1610612744,100,102,1610612744,Regular Season,17018.0,,,202,2
22100404,2021-12-13 19:00:00+00:00,Cleveland,Cavaliers,1610612739,Miami,Heat,1610612748,105,94,1610612739,Regular Season,17401.0,,,199,11
22100403,2021-12-12 21:30:00+00:00,Los Angeles,Lakers,1610612747,Orlando,Magic,1610612753,106,94,1610612747,Regular Season,18997.0,,,200,12
22100402,2021-12-12 21:00:00+00:00,Portland,Trail Blazers,1610612757,Minnesota,Timberwolves,1610612750,111,116,1610612750,Regular Season,16591.0,,,227,5
22100400,2021-12-12 19:00:00+00:00,Oklahoma City,Thunder,1610612760,Dallas,Mavericks,1610612742,84,103,1610612742,Regular Season,15747.0,,,187,19
22100401,2021-12-12 19:00:00+00:00,San Antonio,Spurs,1610612759,New Orleans,Pelicans,1610612740,112,97,1610612759,Regular Season,14990.0,,,209,15
22100399,2021-12-12 18:00:00+00:00,Detroit,Pistons,1610612765,Brooklyn,Nets,1610612751,104,116,1610612751,Regular Season,15289.0,,,220,12
22100398,2021-12-12 12:00:00+00:00,New York,Knicks,1610612752,Milwaukee,Bucks,1610612749,97,112,1610612749,Regular Season,19812.0,,,209,15
22100396,2021-12-11 20:30:00+00:00,Philadelphia,76ers,1610612755,Golden State,Warriors,1610612744,102,93,1610612755,Regular Season,21016.0,,,195,9
22100397,2021-12-11 20:30:00+00:00,San Antonio,Spurs,1610612759,Denver,Nuggets,1610612743,112,127,1610612743,Regular Season,14607.0,,,239,15
22100393,2021-12-11 20:00:00+00:00,Cleveland,Cavaliers,1610612739,Sacramento,Kings,1610612758,117,103,1610612739,Regular Season,19432.0,,,220,14
22100394,2021-12-11 20:00:00+00:00,Miami,Heat,1610612748,Chicago,Bulls,1610612741,118,92,1610612748,Regular Season,19731.0,,,210,26
22100395,2021-12-11 20:00:00+00:00,Memphis,Grizzlies,1610612763,Houston,Rockets,1610612745,113,106,1610612763,Regular Season,17794.0,,,219,7
22100392,2021-12-11 19:00:00+00:00,Washington,Wizards,1610612764,Utah,Jazz,1610612762,98,123,1610612762,Regular Season,17575.0,,,221,25
22100391,2021-12-11 15:30:00+00:00,Los Angeles,Clippers,1610612746,Orlando,Magic,1610612753,106,104,1610612746,Regular Season,17156.0,,,210,2
22100390,2021-12-10 22:00:00+00:00,Phoenix,Suns,1610612756,Boston,Celtics,1610612738,111,90,1610612756,Regular Season,17071.0,,,201,21
22100386,2021-12-10 20:00:00+00:00,Houston,Rockets,1610612745,Milwaukee,Bucks,1610612749,114,123,1610612749,Regular Season,16319.0,,,237,9
22100388,2021-12-10 20:00:00+00:00,New Orleans,Pelicans,1610612740,Detroit,Pistons,1610612765,109,93,1610612740,Regular Season,15828.0,,,202,16
22100387,2021-12-10 20:00:00+00:00,Minnesota,Timberwolves,1610612750,Cleveland,Cavaliers,1610612739,106,123,1610612739,Regular Season,15694.0,,,229,17
22100389,2021-12-10 20:00:00+00:00,Oklahoma City,Thunder,1610612760,Los Angeles,Lakers,1610612747,95,116,1610612747,Regular Season,16523.0,,,211,21
22100385,2021-12-10 19:30:00+00:00,Toronto,Raptors,1610612761,New York,Knicks,1610612752,90,87,1610612761,Regular Season,19800.0,,,177,3
22100384,2021-12-10 19:30:00+00:00,Atlanta,Hawks,1610612737,Brooklyn,Nets,1610612751,105,113,1610612751,Regular Season,17074.0,,,218,8
22100382,2021-12-10 19:00:00+00:00,Charlotte,Hornets,1610612766,Sacramento,Kings,1610612758,124,123,1610612766,Regular Season,16335.0,,,247,1
22100383,2021-12-10 19:00:00+00:00,Indiana,Pacers,1610612754,Dallas,Mavericks,1610612742,106,93,1610612754,Regular Season,12618.0,,,199,13
22100381,2021-12-09 20:30:00+00:00,San Antonio,Spurs,1610612759,Denver,Nuggets,1610612743,123,111,1610612759,Regular Season,12855.0,,,234,12
22100380,2021-12-09 20:00:00+00:00,Memphis,Grizzlies,1610612763,Los Angeles,Lakers,1610612747,108,95,1610612763,Regular Season,16334.0,,,203,13
22100379,2021-12-09 19:00:00+00:00,Philadelphia,76ers,1610612755,Utah,Jazz,1610612762,96,118,1610612762,Regular Season,20272.0,,,214,22
22100378,2021-12-08 22:30:00+00:00,Los Angeles,Clippers,1610612746,Boston,Celtics,1610612738,114,111,1610612746,Regular Season,17064.0,,,225,3
22100377,2021-12-08 22:00:00+00:00,Sacramento,Kings,1610612758,Orlando,Magic,1610612753,142,130,1610612758,Regular Season,14364.0,,,272,12
22100376,2021-12-08 22:00:00+00:00,Golden State,Warriors,1610612744,Portland,Trail Blazers,1610612757,104,94,1610612744,Regular Season,18064.0,,,198,10
22100374,2021-12-08 20:00:00+00:00,Minnesota,Timberwolves,1610612750,Utah,Jazz,1610612762,104,136,1610612762,Regular Season,15181.0,,,240,32
22100375,2021-12-08 20:00:00+00:00,New Orleans,Pelicans,1610612740,Denver,Nuggets,1610612743,114,120,1610612743,Regular Season,15035.0,,,234,6
22100372,2021-12-08 20:00:00+00:00,Houston,Rockets,1610612745,Brooklyn,Nets,1610612751,114,104,1610612745,Regular Season,15834.0,,,218,10
22100373,2021-12-08 20:00:00+00:00,Memphis,Grizzlies,1610612763,Dallas,Mavericks,1610612742,96,104,1610612742,Regular Season,14025.0,,,200,8
22100370,2021-12-08 19:30:00+00:00,Miami,Heat,1610612748,Milwaukee,Bucks,1610612749,113,104,1610612748,Regular Season,19600.0,,,217,9
22100371,2021-12-08 19:30:00+00:00,Toronto,Raptors,1610612761,Oklahoma City,Thunder,1610612760,109,110,1610612760,Regular Season,19800.0,,,219,1
22100367,2021-12-08 19:00:00+00:00,Cleveland,Cavaliers,1610612739,Chicago,Bulls,1610612741,115,92,1610612739,Regular Season,17707.0,,,207,23
22100369,2021-12-08 19:00:00+00:00,Indiana,Pacers,1610612754,New York,Knicks,1610612752,122,102,1610612754,Regular Season,13167.0,,,224,20
22100368,2021-12-08 19:00:00+00:00,Detroit,Pistons,1610612765,Washington,Wizards,1610612764,116,119,1610612764,Regular Season,10499.0,,,235,3
22100366,2021-12-08 19:00:00+00:00,Charlotte,Hornets,1610612766,Philadelphia,76ers,1610612755,106,110,1610612755,Regular Season,15709.0,,,216,4
22100365,2021-12-07 22:00:00+00:00,Los Angeles,Lakers,1610612747,Boston,Celtics,1610612738,117,102,1610612747,Regular Season,18997.0,,,219,15
22100364,2021-12-07 20:30:00+00:00,San Antonio,Spurs,1610612759,New York,Knicks,1610612752,109,121,1610612752,Regular Season,14698.0,,,230,12
22100363,2021-12-07 19:30:00+00:00,Dallas,Mavericks,1610612742,Brooklyn,Nets,1610612751,99,102,1610612751,Regular Season,19559.0,,,201,3
22100361,2021-12-06 22:00:00+00:00,Golden State,Warriors,1610612744,Orlando,Magic,1610612753,126,95,1610612744,Regular Season,18064.0,,,221,31
22100362,2021-12-06 22:00:00+00:00,Portland,Trail Blazers,1610612757,Los Angeles,Clippers,1610612746,90,102,1610612746,Regular Season,15865.0,,,192,12
22100360,2021-12-06 21:00:00+00:00,Phoenix,Suns,1610612756,San Antonio,Spurs,1610612759,108,104,1610612756,Regular Season,15292.0,,,212,4
22100358,2021-12-06 20:00:00+00:00,Milwaukee,Bucks,1610612749,Cleveland,Cavaliers,1610612739,112,104,1610612749,Regular Season,17341.0,,,216,8
22100359,2021-12-06 20:00:00+00:00,Minnesota,Timberwolves,1610612750,Atlanta,Hawks,1610612737,110,121,1610612737,Regular Season,15736.0,,,231,11
22100357,2021-12-06 20:00:00+00:00,Chicago,Bulls,1610612741,Denver,Nuggets,1610612743,109,97,1610612741,Regular Season,21236.0,,,206,12
22100356,2021-12-06 19:30:00+00:00,Miami,Heat,1610612748,Memphis,Grizzlies,1610612763,90,105,1610612763,Regular Season,19600.0,,,195,15
22100354,2021-12-06 19:00:00+00:00,Detroit,Pistons,1610612765,Oklahoma City,Thunder,1610612760,103,114,1610612760,Regular Season,10522.0,,,217,11
22100355,2021-12-06 19:00:00+00:00,Indiana,Pacers,1610612754,Washington,Wizards,1610612764,116,110,1610612754,Regular Season,12581.0,,,226,6
22100353,2021-12-06 19:00:00+00:00,Charlotte,Hornets,1610612766,Philadelphia,76ers,1610612755,124,127,1610612755,Regular Season,14462.0,,,251,3
22100352,2021-12-05 19:00:00+00:00,Houston,Rockets,1610612745,New Orleans,Pelicans,1610612740,118,108,1610612745,Regular Season,14771.0,,,226,10
22100350,2021-12-05 18:00:00+00:00,Atlanta,Hawks,1610612737,Charlotte,Hornets,1610612766,127,130,1610612766,Regular Season,16383.0,,,257,3
22100351,2021-12-05 18:00:00+00:00,Toronto,Raptors,1610612761,Washington,Wizards,1610612764,102,90,1610612761,Regular Season,19800.0,,,192,12
22100349,2021-12-05 15:30:00+00:00,Cleveland,Cavaliers,1610612739,Utah,Jazz,1610612762,108,109,1610612762,Regular Season,18113.0,,,217,1
22100348,2021-12-04 22:00:00+00:00,Sacramento,Kings,1610612758,Los Angeles,Clippers,1610612746,104,99,1610612758,Regular Season,15004.0,,,203,5
22100347,2021-12-04 22:00:00+00:00,Portland,Trail Blazers,1610612757,Boston,Celtics,1610612738,117,145,1610612738,Regular Season,18193.0,,,262,28
22100346,2021-12-04 20:30:00+00:00,Golden State,Warriors,1610612744,San Antonio,Spurs,1610612759,107,112,1610612759,Regular Season,18064.0,,,219,5
22100345,2021-12-04 20:30:00+00:00,Dallas,Mavericks,1610612742,Memphis,Grizzlies,1610612763,90,97,1610612763,Regular Season,19396.0,,,187,7
22100344,2021-12-04 20:00:00+00:00,Milwaukee,Bucks,1610612749,Miami,Heat,1610612748,124,102,1610612749,Regular Season,17341.0,,,226,22
22100343,2021-12-04 20:00:00+00:00,Brooklyn,Nets,1610612751,Chicago,Bulls,1610612741,107,111,1610612741,Regular Season,18116.0,,,218,4
22100342,2021-12-04 13:00:00+00:00,New York,Knicks,1610612752,Denver,Nuggets,1610612743,99,113,1610612743,Regular Season,18272.0,,,212,14
22100341,2021-12-03 22:00:00+00:00,Los Angeles,Lakers,1610612747,Los Angeles,Clippers,1610612746,115,119,1610612746,Regular Season,18997.0,,,234,4
22100340,2021-12-03 22:00:00+00:00,Golden State,Warriors,1610612744,Phoenix,Suns,1610612756,118,96,1610612744,Regular Season,18064.0,,,214,22
22100339,2021-12-03 21:00:00+00:00,Utah,Jazz,1610612762,Boston,Celtics,1610612738,137,130,1610612762,Regular Season,18306.0,,,267,7
22100338,2021-12-03 20:30:00+00:00,Dallas,Mavericks,1610612742,New Orleans,Pelicans,1610612740,91,107,1610612740,Regular Season,19218.0,,,198,16
22100337,2021-12-03 20:00:00+00:00,Houston,Rockets,1610612745,Orlando,Magic,1610612753,118,116,1610612745,Regular Season,13697.0,,,234,2
22100335,2021-12-03 19:30:00+00:00,Atlanta,Hawks,1610612737,Philadelphia,76ers,1610612755,96,98,1610612755,Regular Season,17092.0,,,194,2
22100336,2021-12-03 19:30:00+00:00,Brooklyn,Nets,1610612751,Minnesota,Timberwolves,1610612750,110,105,1610612751,Regular Season,17732.0,,,215,5
22100333,2021-12-03 19:00:00+00:00,Indiana,Pacers,1610612754,Miami,Heat,1610612748,104,113,1610612748,Regular Season,13854.0,,,217,9
22100334,2021-12-03 19:00:00+00:00,Washington,Wizards,1610612764,Cleveland,Cavaliers,1610612739,101,116,1610612739,Regular Season,17227.0,,,217,15
22100332,2021-12-02 22:00:00+00:00,Portland,Trail Blazers,1610612757,San Antonio,Spurs,1610612759,83,114,1610612759,Regular Season,16143.0,,,197,31
22100331,2021-12-02 21:00:00+00:00,Phoenix,Suns,1610612756,Detroit,Pistons,1610612765,114,103,1610612756,Regular Season,16081.0,,,217,11
22100330,2021-12-02 20:00:00+00:00,Memphis,Grizzlies,1610612763,Oklahoma City,Thunder,1610612760,152,79,1610612763,Regular Season,13103.0,,,231,73
22100329,2021-12-02 19:30:00+00:00,Toronto,Raptors,1610612761,Milwaukee,Bucks,1610612749,97,93,1610612761,Regular Season,19800.0,,,190,4
22100328,2021-12-02 19:30:00+00:00,New York,Knicks,1610612752,Chicago,Bulls,1610612741,115,119,1610612741,Regular Season,19812.0,,,234,4
22100327,2021-12-01 22:30:00+00:00,Los Angeles,Clippers,1610612746,Sacramento,Kings,1610612758,115,124,1610612758,Regular Season,17217.0,,,239,9
22100326,2021-12-01 20:00:00+00:00,Oklahoma City,Thunder,1610612760,Houston,Rockets,1610612745,110,114,1610612745,Regular Season,13222.0,,,224,4
22100324,2021-12-01 20:00:00+00:00,Milwaukee,Bucks,1610612749,Charlotte,Hornets,1610612766,127,125,1610612749,Regular Season,17341.0,,,252,2
22100325,2021-12-01 20:00:00+00:00,New Orleans,Pelicans,1610612740,Dallas,Mavericks,1610612742,107,139,1610612742,Regular Season,15558.0,,,246,32
22100323,2021-12-01 19:30:00+00:00,Miami,Heat,1610612748,Cleveland,Cavaliers,1610612739,85,111,1610612739,Regular Season,19600.0,,,196,26
22100322,2021-12-01 19:30:00+00:00,Boston,Celtics,1610612738,Philadelphia,76ers,1610612755,88,87,1610612738,Regular Season,19156.0,,,175,1
22100319,2021-12-01 19:00:00+00:00,Indiana,Pacers,1610612754,Atlanta,Hawks,1610612737,111,114,1610612737,Regular Season,12656.0,,,225,3
22100320,2021-12-01 19:00:00+00:00,Orlando,Magic,1610612753,Denver,Nuggets,1610612743,108,103,1610612753,Regular Season,14191.0,,,211,5
22100321,2021-12-01 19:00:00+00:00,Washington,Wizards,1610612764,Minnesota,Timberwolves,1610612750,115,107,1610612764,Regular Season,15318.0,,,222,8
22100316,2021-11-30 22:00:00+00:00,Phoenix,Suns,1610612756,Golden State,Warriors,1610612744,104,96,1610612756,Regular Season,17071.0,,,200,8
22100317,2021-11-30 22:00:00+00:00,Portland,Trail Blazers,1610612757,Detroit,Pistons,1610612765,110,92,1610612757,Regular Season,16071.0,,,202,18
22100318,2021-11-30 22:00:00+00:00,Sacramento,Kings,1610612758,Los Angeles,Lakers,1610612747,92,117,1610612747,Regular Season,12459.0,,,209,25
22100315,2021-11-30 19:30:00+00:00,Toronto,Raptors,1610612761,Memphis,Grizzlies,1610612763,91,98,1610612763,Regular Season,19800.0,,,189,7
22100314,2021-11-30 19:30:00+00:00,Brooklyn,Nets,1610612751,New York,Knicks,1610612752,112,110,1610612751,Regular Season,18081.0,,,222,2
22100313,2021-11-29 22:30:00+00:00,Los Angeles,Clippers,1610612746,New Orleans,Pelicans,1610612740,104,123,1610612740,Regular Season,15691.0,,,227,19
22100312,2021-11-29 21:00:00+00:00,Utah,Jazz,1610612762,Portland,Trail Blazers,1610612757,129,107,1610612762,Regular Season,18306.0,,,236,22
22100311,2021-11-29 20:30:00+00:00,San Antonio,Spurs,1610612759,Washington,Wizards,1610612764,116,99,1610612759,Regular Season,12606.0,,,215,17
22100310,2021-11-29 20:30:00+00:00,Dallas,Mavericks,1610612742,Cleveland,Cavaliers,1610612739,96,114,1610612739,Regular Season,19229.0,,,210,18
22100307,2021-11-29 20:00:00+00:00,Chicago,Bulls,1610612741,Charlotte,Hornets,1610612766,133,119,1610612741,Regular Season,21366.0,,,252,14
22100309,2021-11-29 20:00:00+00:00,Minnesota,Timberwolves,1610612750,Indiana,Pacers,1610612754,100,98,1610612750,Regular Season,14191.0,,,198,2
22100308,2021-11-29 20:00:00+00:00,Houston,Rockets,1610612745,Oklahoma City,Thunder,1610612760,102,89,1610612745,Regular Season,12829.0,,,191,13
22100306,2021-11-29 19:30:00+00:00,Miami,Heat,1610612748,Denver,Nuggets,1610612743,111,120,1610612743,Regular Season,19600.0,,,231,9
22100305,2021-11-29 19:00:00+00:00,Philadelphia,76ers,1610612755,Orlando,Magic,1610612753,101,96,1610612755,Regular Season,20193.0,,,197,5
22100304,2021-11-28 21:30:00+00:00,Los Angeles,Lakers,1610612747,Detroit,Pistons,1610612765,110,106,1610612747,Regular Season,18997.0,,,216,4
22100302,2021-11-28 18:00:00+00:00,Toronto,Raptors,1610612761,Boston,Celtics,1610612738,97,109,1610612738,Regular Season,19800.0,,,206,12
22100303,2021-11-28 18:00:00+00:00,Memphis,Grizzlies,1610612763,Sacramento,Kings,1610612758,128,101,1610612763,Regular Season,12844.0,,,229,27
22100301,2021-11-28 17:00:00+00:00,Indiana,Pacers,1610612754,Milwaukee,Bucks,1610612749,100,118,1610612749,Regular Season,13130.0,,,218,18
22100300,2021-11-28 15:30:00+00:00,Los Angeles,Clippers,1610612746,Golden State,Warriors,1610612744,90,105,1610612744,Regular Season,19068.0,,,195,15
22100299,2021-11-27 21:00:00+00:00,Utah,Jazz,1610612762,New Orleans,Pelicans,1610612740,127,105,1610612762,Regular Season,18306.0,,,232,22
22100298,2021-11-27 20:30:00+00:00,Dallas,Mavericks,1610612742,Washington,Wizards,1610612764,114,120,1610612764,Regular Season,20223.0,,,234,6
22100296,2021-11-27 20:00:00+00:00,Chicago,Bulls,1610612741,Miami,Heat,1610612748,104,107,1610612748,Regular Season,21110.0,,,211,3
22100297,2021-11-27 20:00:00+00:00,Houston,Rockets,1610612745,Charlotte,Hornets,1610612766,146,143,1610612745,Regular Season,14687.0,,,289,3
22100295,2021-11-27 20:00:00+00:00,Cleveland,Cavaliers,1610612739,Orlando,Magic,1610612753,105,92,1610612739,Regular Season,18248.0,,,197,13
22100293,2021-11-27 19:30:00+00:00,Atlanta,Hawks,1610612737,New York,Knicks,1610612752,90,99,1610612752,Regular Season,17287.0,,,189,9
22100294,2021-11-27 19:30:00+00:00,Brooklyn,Nets,1610612751,Phoenix,Suns,1610612756,107,113,1610612756,Regular Season,18071.0,,,220,6
22100292,2021-11-27 18:00:00+00:00,Philadelphia,76ers,1610612755,Minnesota,Timberwolves,1610612750,120,121,1610612750,Regular Season,21011.0,,,241,1
22100291,2021-11-26 22:30:00+00:00,Los Angeles,Lakers,1610612747,Sacramento,Kings,1610612758,137,141,1610612758,Regular Season,18997.0,,,278,4
22100290,2021-11-26 22:00:00+00:00,Golden State,Warriors,1610612744,Portland,Trail Blazers,1610612757,118,103,1610612744,Regular Season,18064.0,,,221,15
22100288,2021-11-26 21:00:00+00:00,Denver,Nuggets,1610612743,Milwaukee,Bucks,1610612749,109,120,1610612749,Regular Season,19520.0,,,229,11
22100289,2021-11-26 21:00:00+00:00,Utah,Jazz,1610612762,New Orleans,Pelicans,1610612740,97,98,1610612740,Regular Season,18306.0,,,195,1
22100287,2021-11-26 20:30:00+00:00,San Antonio,Spurs,1610612759,Boston,Celtics,1610612738,96,88,1610612759,Regular Season,15360.0,,,184,8
22100285,2021-11-26 20:00:00+00:00,Memphis,Grizzlies,1610612763,Atlanta,Hawks,1610612737,100,132,1610612737,Regular Season,16622.0,,,232,32
22100284,2021-11-26 20:00:00+00:00,Indiana,Pacers,1610612754,Toronto,Raptors,1610612761,114,97,1610612754,Regular Season,13508.0,,,211,17
22100286,2021-11-26 20:00:00+00:00,Oklahoma City,Thunder,1610612760,Washington,Wizards,1610612764,99,101,1610612764,Regular Season,14579.0,,,200,2
22100283,2021-11-26 19:00:00+00:00,Orlando,Magic,1610612753,Chicago,Bulls,1610612741,88,123,1610612741,Regular Season,18236.0,,,211,35
22100281,2021-11-26 19:00:00+00:00,Charlotte,Hornets,1610612766,Minnesota,Timberwolves,1610612750,133,115,1610612766,Regular Season,19314.0,,,248,18
22100282,2021-11-26 19:00:00+00:00,New York,Knicks,1610612752,Phoenix,Suns,1610612756,97,118,1610612756,Regular Season,19812.0,,,215,21
22100280,2021-11-26 15:30:00+00:00,Los Angeles,Clippers,1610612746,Detroit,Pistons,1610612765,107,96,1610612746,Regular Season,18139.0,,,203,11
22100278,2021-11-24 22:00:00+00:00,Golden State,Warriors,1610612744,Philadelphia,76ers,1610612755,116,96,1610612744,Regular Season,18064.0,,,212,20
22100279,2021-11-24 22:00:00+00:00,Sacramento,Kings,1610612758,Portland,Trail Blazers,1610612757,125,121,1610612758,Regular Season,14997.0,,,246,4
22100277,2021-11-24 20:30:00+00:00,San Antonio,Spurs,1610612759,Atlanta,Hawks,1610612737,106,124,1610612737,Regular Season,13161.0,,,230,18
22100274,2021-11-24 20:00:00+00:00,Minnesota,Timberwolves,1610612750,Miami,Heat,1610612748,113,101,1610612750,Regular Season,17136.0,,,214,12
22100273,2021-11-24 20:00:00+00:00,Milwaukee,Bucks,1610612749,Detroit,Pistons,1610612765,114,93,1610612749,Regular Season,17341.0,,,207,21
22100276,2021-11-24 20:00:00+00:00,Oklahoma City,Thunder,1610612760,Utah,Jazz,1610612762,104,110,1610612762,Regular Season,14081.0,,,214,6
22100271,2021-11-24 20:00:00+00:00,Houston,Rockets,1610612745,Chicago,Bulls,1610612741,118,113,1610612745,Regular Season,16074.0,,,231,5
22100275,2021-11-24 20:00:00+00:00,New Orleans,Pelicans,1610612740,Washington,Wizards,1610612764,127,102,1610612740,Regular Season,14659.0,,,229,25
22100272,2021-11-24 20:00:00+00:00,Memphis,Grizzlies,1610612763,Toronto,Raptors,1610612761,113,126,1610612761,Regular Season,15409.0,,,239,13
22100270,2021-11-24 19:30:00+00:00,Boston,Celtics,1610612738,Brooklyn,Nets,1610612751,104,123,1610612751,Regular Season,19156.0,,,227,19
22100267,2021-11-24 19:00:00+00:00,Cleveland,Cavaliers,1610612739,Phoenix,Suns,1610612756,115,120,1610612756,Regular Season,18055.0,,,235,5
22100268,2021-11-24 19:00:00+00:00,Indiana,Pacers,1610612754,Los Angeles,Lakers,1610612747,116,124,1610612747,Regular Season,15572.0,,,240,8
22100269,2021-11-24 19:00:00+00:00,Orlando,Magic,1610612753,Charlotte,Hornets,1610612766,99,106,1610612766,Regular Season,16114.0,,,205,7
22100266,2021-11-23 22:30:00+00:00,Los Angeles,Clippers,1610612746,Dallas,Mavericks,1610612742,104,112,1610612742,Regular Season,17067.0,,,216,8
22100265,2021-11-23 22:00:00+00:00,Portland,Trail Blazers,1610612757,Denver,Nuggets,1610612743,119,100,1610612757,Regular Season,17052.0,,,219,19
22100264,2021-11-23 19:30:00+00:00,New York,Knicks,1610612752,Los Angeles,Lakers,1610612747,106,100,1610612752,Regular Season,19812.0,,,206,6
22100263,2021-11-23 19:00:00+00:00,Detroit,Pistons,1610612765,Miami,Heat,1610612748,92,100,1610612748,Regular Season,13123.0,,,192,8
22100262,2021-11-22 22:00:00+00:00,Sacramento,Kings,1610612758,Philadelphia,76ers,1610612755,94,102,1610612755,Regular Season,13948.0,,,196,8
22100261,2021-11-22 21:00:00+00:00,Utah,Jazz,1610612762,Memphis,Grizzlies,1610612763,118,119,1610612763,Regular Season,18306.0,,,237,1
22100260,2021-11-22 20:30:00+00:00,San Antonio,Spurs,1610612759,Phoenix,Suns,1610612756,111,115,1610612756,Regular Season,14715.0,,,226,4
22100259,2021-11-22 20:00:00+00:00,New Orleans,Pelicans,1610612740,Minnesota,Timberwolves,1610612750,96,110,1610612750,Regular Season,15689.0,,,206,14
22100258,2021-11-22 20:00:00+00:00,Milwaukee,Bucks,1610612749,Orlando,Magic,1610612753,123,92,1610612749,Regular Season,17341.0,,,215,31
22100257,2021-11-22 20:00:00+00:00,Chicago,Bulls,1610612741,Indiana,Pacers,1610612754,77,109,1610612754,Regular Season,21586.0,,,186,32
22100256,2021-11-22 19:30:00+00:00,Boston,Celtics,1610612738,Houston,Rockets,1610612745,108,90,1610612738,Regular Season,19156.0,,,198,18
22100255,2021-11-22 19:30:00+00:00,Atlanta,Hawks,1610612737,Oklahoma City,Thunder,1610612760,113,101,1610612737,Regular Season,15806.0,,,214,12
22100253,2021-11-22 19:00:00+00:00,Cleveland,Cavaliers,1610612739,Brooklyn,Nets,1610612751,112,117,1610612751,Regular Season,17387.0,,,229,5
22100254,2021-11-22 19:00:00+00:00,Washington,Wizards,1610612764,Charlotte,Hornets,1610612766,103,109,1610612766,Regular Season,16575.0,,,212,6
22100252,2021-11-21 20:30:00+00:00,Golden State,Warriors,1610612744,Toronto,Raptors,1610612761,119,104,1610612744,Regular Season,18064.0,,,223,15
22100251,2021-11-21 20:00:00+00:00,Phoenix,Suns,1610612756,Denver,Nuggets,1610612743,126,97,1610612756,Regular Season,16072.0,,,223,29
22100250,2021-11-21 20:00:00+00:00,Chicago,Bulls,1610612741,New York,Knicks,1610612752,109,103,1610612741,Regular Season,21813.0,,,212,6
22100249,2021-11-21 18:00:00+00:00,Detroit,Pistons,1610612765,Los Angeles,Lakers,1610612747,116,121,1610612747,Regular Season,15532.0,,,237,5
22100248,2021-11-21 15:30:00+00:00,Los Angeles,Clippers,1610612746,Dallas,Mavericks,1610612742,97,91,1610612746,Regular Season,17149.0,,,188,6
22100246,2021-11-20 22:00:00+00:00,Portland,Trail Blazers,1610612757,Philadelphia,76ers,1610612755,118,111,1610612757,Regular Season,17027.0,,,229,7
22100247,2021-11-20 22:00:00+00:00,Sacramento,Kings,1610612758,Utah,Jazz,1610612762,105,123,1610612762,Regular Season,13180.0,,,228,18
22100244,2021-11-20 20:00:00+00:00,Milwaukee,Bucks,1610612749,Orlando,Magic,1610612753,117,108,1610612749,Regular Season,17341.0,,,225,9
22100245,2021-11-20 20:00:00+00:00,Minnesota,Timberwolves,1610612750,Memphis,Grizzlies,1610612763,138,95,1610612750,Regular Season,17136.0,,,233,43
22100243,2021-11-20 19:30:00+00:00,Boston,Celtics,1610612738,Oklahoma City,Thunder,1610612760,111,105,1610612738,Regular Season,19156.0,,,216,6
22100242,2021-11-20 19:30:00+00:00,Atlanta,Hawks,1610612737,Charlotte,Hornets,1610612766,115,105,1610612737,Regular Season,17320.0,,,220,10
22100240,2021-11-20 19:00:00+00:00,Indiana,Pacers,1610612754,New Orleans,Pelicans,1610612740,111,94,1610612754,Regular Season,15081.0,,,205,17
22100241,2021-11-20 19:00:00+00:00,Washington,Wizards,1610612764,Miami,Heat,1610612748,103,100,1610612764,Regular Season,20476.0,,,203,3
22100239,2021-11-20 17:00:00+00:00,New York,Knicks,1610612752,Houston,Rockets,1610612745,106,99,1610612752,Regular Season,19812.0,,,205,7
22100237,2021-11-19 22:00:00+00:00,Phoenix,Suns,1610612756,Dallas,Mavericks,1610612742,112,104,1610612756,Regular Season,17071.0,,,216,8
22100238,2021-11-19 22:00:00+00:00,Sacramento,Kings,1610612758,Toronto,Raptors,1610612761,89,108,1610612761,Regular Season,13159.0,,,197,19
22100236,2021-11-19 21:00:00+00:00,Denver,Nuggets,1610612743,Chicago,Bulls,1610612741,108,114,1610612741,Regular Season,19520.0,,,222,6
22100235,2021-11-19 20:00:00+00:00,New Orleans,Pelicans,1610612740,Los Angeles,Clippers,1610612746,94,81,1610612740,Regular Season,15274.0,,,175,13
22100234,2021-11-19 20:00:00+00:00,Milwaukee,Bucks,1610612749,Oklahoma City,Thunder,1610612760,96,89,1610612749,Regular Season,17341.0,,,185,7
22100232,2021-11-19 19:30:00+00:00,Boston,Celtics,1610612738,Los Angeles,Lakers,1610612747,130,108,1610612738,Regular Season,19156.0,,,238,22
22100233,2021-11-19 19:30:00+00:00,Brooklyn,Nets,1610612751,Orlando,Magic,1610612753,115,113,1610612751,Regular Season,16966.0,,,228,2
22100231,2021-11-19 19:00:00+00:00,Detroit,Pistons,1610612765,Golden State,Warriors,1610612744,102,105,1610612744,Regular Season,20088.0,,,207,3
22100230,2021-11-19 19:00:00+00:00,Charlotte,Hornets,1610612766,Indiana,Pacers,1610612754,121,118,1610612766,Regular Season,16787.0,,,239,3
22100229,2021-11-18 21:00:00+00:00,Utah,Jazz,1610612762,Toronto,Raptors,1610612761,119,103,1610612762,Regular Season,18306.0,,,222,16
22100228,2021-11-18 21:00:00+00:00,Denver,Nuggets,1610612743,Philadelphia,76ers,1610612755,89,103,1610612755,Regular Season,14547.0,,,192,14
22100227,2021-11-18 20:00:00+00:00,Minnesota,Timberwolves,1610612750,San Antonio,Spurs,1610612759,115,90,1610612750,Regular Season,13572.0,,,205,25
22100226,2021-11-18 20:00:00+00:00,Memphis,Grizzlies,1610612763,Los Angeles,Clippers,1610612746,120,108,1610612763,Regular Season,13419.0,,,228,12
22100225,2021-11-18 19:30:00+00:00,Miami,Heat,1610612748,Washington,Wizards,1610612764,112,97,1610612748,Regular Season,19600.0,,,209,15
22100224,2021-11-18 19:30:00+00:00,Cleveland,Cavaliers,1610612739,Golden State,Warriors,1610612744,89,104,1610612744,Regular Season,19432.0,,,193,15
22100223,2021-11-17 22:00:00+00:00,Portland,Trail Blazers,1610612757,Chicago,Bulls,1610612741,112,107,1610612757,Regular Season,17492.0,,,219,5
22100222,2021-11-17 22:00:00+00:00,Phoenix,Suns,1610612756,Dallas,Mavericks,1610612742,105,98,1610612756,Regular Season,14838.0,,,203,7
22100220,2021-11-17 20:00:00+00:00,Minnesota,Timberwolves,1610612750,Sacramento,Kings,1610612758,107,97,1610612750,Regular Season,13108.0,,,204,10
22100221,2021-11-17 20:00:00+00:00,Oklahoma City,Thunder,1610612760,Houston,Rockets,1610612745,101,89,1610612760,Regular Season,12066.0,,,190,12
22100215,2021-11-17 19:30:00+00:00,Atlanta,Hawks,1610612737,Boston,Celtics,1610612738,110,99,1610612737,Regular Season,16445.0,,,209,11
22100218,2021-11-17 19:30:00+00:00,New York,Knicks,1610612752,Orlando,Magic,1610612753,98,104,1610612753,Regular Season,16680.0,,,202,6
22100219,2021-11-17 19:30:00+00:00,Milwaukee,Bucks,1610612749,Los Angeles,Lakers,1610612747,109,102,1610612749,Regular Season,17341.0,,,211,7
22100217,2021-11-17 19:30:00+00:00,Miami,Heat,1610612748,New Orleans,Pelicans,1610612740,113,98,1610612748,Regular Season,19600.0,,,211,15
22100216,2021-11-17 19:30:00+00:00,Brooklyn,Nets,1610612751,Cleveland,Cavaliers,1610612739,109,99,1610612751,Regular Season,16922.0,,,208,10
22100213,2021-11-17 19:00:00+00:00,Charlotte,Hornets,1610612766,Washington,Wizards,1610612764,97,87,1610612766,Regular Season,14402.0,,,184,10
22100214,2021-11-17 19:00:00+00:00,Detroit,Pistons,1610612765,Indiana,Pacers,1610612754,97,89,1610612765,Regular Season,11457.0,,,186,8
22100212,2021-11-16 22:30:00+00:00,Los Angeles,Clippers,1610612746,San Antonio,Spurs,1610612759,106,92,1610612746,Regular Season,13298.0,,,198,14
22100211,2021-11-16 22:00:00+00:00,Utah,Jazz,1610612762,Philadelphia,76ers,1610612755,120,85,1610612762,Regular Season,18306.0,,,205,35
22100210,2021-11-16 19:30:00+00:00,Brooklyn,Nets,1610612751,Golden State,Warriors,1610612744,99,117,1610612744,Regular Season,17732.0,,,216,18
22100209,2021-11-15 22:30:00+00:00,Los Angeles,Lakers,1610612747,Chicago,Bulls,1610612741,103,121,1610612741,Regular Season,18997.0,,,224,18
22100208,2021-11-15 22:00:00+00:00,Portland,Trail Blazers,1610612757,Toronto,Raptors,1610612761,118,113,1610612757,Regular Season,16142.0,,,231,5
22100207,2021-11-15 20:00:00+00:00,Oklahoma City,Thunder,1610612760,Miami,Heat,1610612748,90,103,1610612748,Regular Season,12330.0,,,193,13
22100206,2021-11-15 20:00:00+00:00,Minnesota,Timberwolves,1610612750,Phoenix,Suns,1610612756,96,99,1610612756,Regular Season,16274.0,,,195,3
22100205,2021-11-15 20:00:00+00:00,Memphis,Grizzlies,1610612763,Houston,Rockets,1610612745,136,102,1610612763,Regular Season,11482.0,,,238,34
22100204,2021-11-15 20:00:00+00:00,Dallas,Mavericks,1610612742,Denver,Nuggets,1610612743,111,101,1610612742,Regular Season,19797.0,,,212,10
22100203,2021-11-15 19:30:00+00:00,New York,Knicks,1610612752,Indiana,Pacers,1610612754,92,84,1610612752,Regular Season,16792.0,,,176,8
22100202,2021-11-15 19:30:00+00:00,Atlanta,Hawks,1610612737,Orlando,Magic,1610612753,129,111,1610612737,Regular Season,13061.0,,,240,18
22100201,2021-11-15 19:00:00+00:00,Washington,Wizards,1610612764,New Orleans,Pelicans,1610612740,105,100,1610612764,Regular Season,13914.0,,,205,5
22100199,2021-11-15 19:00:00+00:00,Cleveland,Cavaliers,1610612739,Boston,Celtics,1610612738,92,98,1610612738,Regular Season,17186.0,,,190,6
22100200,2021-11-15 19:00:00+00:00,Detroit,Pistons,1610612765,Sacramento,Kings,1610612758,107,129,1610612758,Regular Season,10092.0,,,236,22
22100198,2021-11-14 21:30:00+00:00,Los Angeles,Clippers,1610612746,Chicago,Bulls,1610612741,90,100,1610612741,Regular Season,17899.0,,,190,10
22100197,2021-11-14 20:00:00+00:00,Denver,Nuggets,1610612743,Portland,Trail Blazers,1610612757,124,95,1610612743,Regular Season,14583.0,,,219,29
22100195,2021-11-14 19:00:00+00:00,Houston,Rockets,1610612745,Phoenix,Suns,1610612756,89,115,1610612756,Regular Season,16088.0,,,204,26
22100194,2021-11-14 19:00:00+00:00,Charlotte,Hornets,1610612766,Golden State,Warriors,1610612744,106,102,1610612766,Regular Season,19559.0,,,208,4
22100196,2021-11-14 19:00:00+00:00,Oklahoma City,Thunder,1610612760,Brooklyn,Nets,1610612751,96,120,1610612751,Regular Season,15080.0,,,216,24
22100193,2021-11-14 18:00:00+00:00,Atlanta,Hawks,1610612737,Milwaukee,Bucks,1610612749,120,100,1610612737,Regular Season,16901.0,,,220,20
22100192,2021-11-14 15:30:00+00:00,Los Angeles,Lakers,1610612747,San Antonio,Spurs,1610612759,114,106,1610612747,Regular Season,18997.0,,,220,8
22100191,2021-11-13 22:30:00+00:00,Los Angeles,Clippers,1610612746,Minnesota,Timberwolves,1610612750,129,102,1610612746,Regular Season,15285.0,,,231,27
22100190,2021-11-13 20:00:00+00:00,Cleveland,Cavaliers,1610612739,Boston,Celtics,1610612738,91,89,1610612739,Regular Season,19432.0,,,180,2
22100189,2021-11-13 19:30:00+00:00,Toronto,Raptors,1610612761,Detroit,Pistons,1610612765,121,127,1610612765,Regular Season,19800.0,,,248,6
22100188,2021-11-13 19:00:00+00:00,New Orleans,Pelicans,1610612740,Memphis,Grizzlies,1610612763,112,101,1610612740,Regular Season,14358.0,,,213,11
22100186,2021-11-13 19:00:00+00:00,Indiana,Pacers,1610612754,Philadelphia,76ers,1610612755,118,113,1610612754,Regular Season,14483.0,,,231,5
22100187,2021-11-13 19:00:00+00:00,Orlando,Magic,1610612753,Washington,Wizards,1610612764,92,104,1610612764,Regular Season,17272.0,,,196,12
22100185,2021-11-13 17:00:00+00:00,Utah,Jazz,1610612762,Miami,Heat,1610612748,105,111,1610612748,Regular Season,18306.0,,,216,6
22100184,2021-11-12 22:30:00+00:00,Los Angeles,Lakers,1610612747,Minnesota,Timberwolves,1610612750,83,107,1610612750,Regular Season,18997.0,,,190,24
22100183,2021-11-12 22:00:00+00:00,Golden State,Warriors,1610612744,Chicago,Bulls,1610612741,119,93,1610612744,Regular Season,18064.0,,,212,26
22100182,2021-11-12 21:00:00+00:00,Denver,Nuggets,1610612743,Atlanta,Hawks,1610612737,105,96,1610612743,Regular Season,16849.0,,,201,9
22100181,2021-11-12 20:30:00+00:00,San Antonio,Spurs,1610612759,Dallas,Mavericks,1610612742,109,123,1610612742,Regular Season,13425.0,,,232,14
22100179,2021-11-12 20:00:00+00:00,New Orleans,Pelicans,1610612740,Brooklyn,Nets,1610612751,112,120,1610612751,Regular Season,14650.0,,,232,8
22100178,2021-11-12 20:00:00+00:00,Memphis,Grizzlies,1610612763,Phoenix,Suns,1610612756,94,119,1610612756,Regular Season,15886.0,,,213,25
22100180,2021-11-12 20:00:00+00:00,Oklahoma City,Thunder,1610612760,Sacramento,Kings,1610612758,105,103,1610612760,Regular Season,12881.0,,,208,2
22100177,2021-11-12 20:00:00+00:00,Houston,Rockets,1610612745,Portland,Trail Blazers,1610612757,92,104,1610612757,Regular Season,15468.0,,,196,12
22100176,2021-11-12 19:30:00+00:00,Cleveland,Cavaliers,1610612739,Detroit,Pistons,1610612765,98,78,1610612739,Regular Season,17095.0,,,176,20
22100175,2021-11-12 19:30:00+00:00,Boston,Celtics,1610612738,Milwaukee,Bucks,1610612749,122,113,1610612738,Regular Season,19156.0,,,235,9
22100174,2021-11-12 19:00:00+00:00,Charlotte,Hornets,1610612766,New York,Knicks,1610612752,104,96,1610612766,Regular Season,19257.0,,,200,8
22100173,2021-11-11 22:30:00+00:00,Los Angeles,Clippers,1610612746,Miami,Heat,1610612748,112,109,1610612746,Regular Season,16150.0,,,221,3
22100172,2021-11-11 21:00:00+00:00,Utah,Jazz,1610612762,Indiana,Pacers,1610612754,100,111,1610612754,Regular Season,18306.0,,,211,11
22100171,2021-11-11 19:00:00+00:00,Philadelphia,76ers,1610612755,Toronto,Raptors,1610612761,109,115,1610612761,Regular Season,20112.0,,,224,6
22100169,2021-11-10 22:00:00+00:00,Golden State,Warriors,1610612744,Minnesota,Timberwolves,1610612750,123,110,1610612744,Regular Season,18064.0,,,233,13
22100170,2021-11-10 22:00:00+00:00,Los Angeles,Lakers,1610612747,Miami,Heat,1610612748,120,117,1610612747,Regular Season,18997.0,,,237,3
22100167,2021-11-10 21:00:00+00:00,Denver,Nuggets,1610612743,Indiana,Pacers,1610612754,101,98,1610612743,Regular Season,15232.0,,,199,3
22100168,2021-11-10 21:00:00+00:00,Phoenix,Suns,1610612756,Portland,Trail Blazers,1610612757,119,109,1610612756,Regular Season,15672.0,,,228,10
22100166,2021-11-10 20:30:00+00:00,San Antonio,Spurs,1610612759,Sacramento,Kings,1610612758,136,117,1610612759,Regular Season,15065.0,,,253,19
22100165,2021-11-10 20:00:00+00:00,New Orleans,Pelicans,1610612740,Oklahoma City,Thunder,1610612760,100,108,1610612760,Regular Season,15355.0,,,208,8
22100163,2021-11-10 20:00:00+00:00,Chicago,Bulls,1610612741,Dallas,Mavericks,1610612742,117,107,1610612741,Regular Season,20910.0,,,224,10
22100164,2021-11-10 20:00:00+00:00,Memphis,Grizzlies,1610612763,Charlotte,Hornets,1610612766,108,118,1610612766,Regular Season,13880.0,,,226,10
22100160,2021-11-10 19:30:00+00:00,Boston,Celtics,1610612738,Toronto,Raptors,1610612761,104,88,1610612738,Regular Season,19156.0,,,192,16
22100161,2021-11-10 19:30:00+00:00,New York,Knicks,1610612752,Milwaukee,Bucks,1610612749,100,112,1610612749,Regular Season,18027.0,,,212,12
22100162,2021-11-10 19:30:00+00:00,Houston,Rockets,1610612745,Detroit,Pistons,1610612765,104,112,1610612765,Regular Season,15350.0,,,216,8
22100158,2021-11-10 19:00:00+00:00,Cleveland,Cavaliers,1610612739,Washington,Wizards,1610612764,94,97,1610612764,Regular Season,18056.0,,,191,3
22100159,2021-11-10 19:00:00+00:00,Orlando,Magic,1610612753,Brooklyn,Nets,1610612751,90,123,1610612751,Regular Season,13882.0,,,213,33
22100157,2021-11-09 22:00:00+00:00,Los Angeles,Clippers,1610612746,Portland,Trail Blazers,1610612757,117,109,1610612746,Regular Season,14131.0,,,226,8
22100156,2021-11-09 21:00:00+00:00,Utah,Jazz,1610612762,Atlanta,Hawks,1610612737,110,98,1610612762,Regular Season,18306.0,,,208,12
22100155,2021-11-09 19:30:00+00:00,Philadelphia,76ers,1610612755,Milwaukee,Bucks,1610612749,109,118,1610612749,Regular Season,20029.0,,,227,9
22100154,2021-11-08 22:30:00+00:00,Los Angeles,Lakers,1610612747,Charlotte,Hornets,1610612766,126,123,1610612747,Regular Season,18997.0,,,249,3
22100152,2021-11-08 22:00:00+00:00,Golden State,Warriors,1610612744,Atlanta,Hawks,1610612737,127,113,1610612744,Regular Season,18064.0,,,240,14
22100153,2021-11-08 22:00:00+00:00,Sacramento,Kings,1610612758,Phoenix,Suns,1610612756,104,109,1610612756,Regular Season,13566.0,,,213,5
22100151,2021-11-08 21:00:00+00:00,Denver,Nuggets,1610612743,Miami,Heat,1610612748,113,96,1610612743,Regular Season,15577.0,,,209,17
22100150,2021-11-08 20:30:00+00:00,Dallas,Mavericks,1610612742,New Orleans,Pelicans,1610612740,108,92,1610612742,Regular Season,19231.0,,,200,16
22100148,2021-11-08 20:00:00+00:00,Chicago,Bulls,1610612741,Brooklyn,Nets,1610612751,118,95,1610612741,Regular Season,19459.0,,,213,23
22100149,2021-11-08 20:00:00+00:00,Memphis,Grizzlies,1610612763,Minnesota,Timberwolves,1610612750,125,118,1610612763,Regular Season,12416.0,,,243,7
22100147,2021-11-08 19:00:00+00:00,Philadelphia,76ers,1610612755,New York,Knicks,1610612752,96,103,1610612752,Regular Season,20224.0,,,199,7
22100146,2021-11-07 21:00:00+00:00,Los Angeles,Clippers,1610612746,Charlotte,Hornets,1610612766,120,106,1610612746,Regular Season,15781.0,,,226,14
22100145,2021-11-07 20:30:00+00:00,Golden State,Warriors,1610612744,Houston,Rockets,1610612745,120,107,1610612744,Regular Season,18064.0,,,227,13
22100144,2021-11-07 19:00:00+00:00,Oklahoma City,Thunder,1610612760,San Antonio,Spurs,1610612759,99,94,1610612760,Regular Season,12972.0,,,193,5
22100142,2021-11-07 18:00:00+00:00,Washington,Wizards,1610612764,Milwaukee,Bucks,1610612749,101,94,1610612764,Regular Season,15570.0,,,195,7
22100140,2021-11-07 18:00:00+00:00,New York,Knicks,1610612752,Cleveland,Cavaliers,1610612739,109,126,1610612739,Regular Season,19040.0,,,235,17
22100141,2021-11-07 18:00:00+00:00,Orlando,Magic,1610612753,Utah,Jazz,1610612762,107,100,1610612753,Regular Season,13386.0,,,207,7
22100143,2021-11-07 18:00:00+00:00,Sacramento,Kings,1610612758,Indiana,Pacers,1610612754,91,94,1610612754,Regular Season,12993.0,,,185,3
22100139,2021-11-07 15:30:00+00:00,Toronto,Raptors,1610612761,Brooklyn,Nets,1610612751,103,116,1610612751,Regular Season,19800.0,,,219,13
22100138,2021-11-06 22:30:00+00:00,Portland,Trail Blazers,1610612757,Los Angeles,Lakers,1610612747,105,90,1610612757,Regular Season,19393.0,,,195,15
22100137,2021-11-06 22:00:00+00:00,Phoenix,Suns,1610612756,Atlanta,Hawks,1610612737,121,117,1610612756,Regular Season,15412.0,,,238,4
22100136,2021-11-06 20:30:00+00:00,Dallas,Mavericks,1610612742,Boston,Celtics,1610612738,107,104,1610612742,Regular Season,20052.0,,,211,3
22100135,2021-11-06 20:00:00+00:00,Chicago,Bulls,1610612741,Philadelphia,76ers,1610612755,105,114,1610612755,Regular Season,20936.0,,,219,9
22100134,2021-11-06 19:30:00+00:00,Miami,Heat,1610612748,Utah,Jazz,1610612762,118,115,1610612748,Regular Season,19600.0,,,233,3
22100133,2021-11-06 17:00:00+00:00,Denver,Nuggets,1610612743,Houston,Rockets,1610612745,95,94,1610612743,Regular Season,16046.0,,,189,1
22100131,2021-11-05 22:00:00+00:00,Portland,Trail Blazers,1610612757,Indiana,Pacers,1610612754,110,106,1610612757,Regular Season,16841.0,,,216,4
22100132,2021-11-05 22:00:00+00:00,Sacramento,Kings,1610612758,Charlotte,Hornets,1610612766,140,110,1610612758,Regular Season,14905.0,,,250,30
22100130,2021-11-05 22:00:00+00:00,Golden State,Warriors,1610612744,New Orleans,Pelicans,1610612740,126,85,1610612744,Regular Season,18064.0,,,211,41
22100129,2021-11-05 20:00:00+00:00,Minnesota,Timberwolves,1610612750,Los Angeles,Clippers,1610612746,84,104,1610612746,Regular Season,17136.0,,,188,20
22100128,2021-11-05 19:30:00+00:00,Milwaukee,Bucks,1610612749,New York,Knicks,1610612752,98,113,1610612752,Regular Season,17341.0,,,211,15
22100127,2021-11-05 19:30:00+00:00,Toronto,Raptors,1610612761,Cleveland,Cavaliers,1610612739,101,102,1610612739,Regular Season,19800.0,,,203,1
22100124,2021-11-05 19:00:00+00:00,Detroit,Pistons,1610612765,Brooklyn,Nets,1610612751,90,96,1610612751,Regular Season,14235.0,,,186,6
22100126,2021-11-05 19:00:00+00:00,Washington,Wizards,1610612764,Memphis,Grizzlies,1610612763,115,87,1610612764,Regular Season,16302.0,,,202,28
22100125,2021-11-05 19:00:00+00:00,Orlando,Magic,1610612753,San Antonio,Spurs,1610612759,89,102,1610612759,Regular Season,14101.0,,,191,13
22100123,2021-11-04 22:30:00+00:00,Los Angeles,Lakers,1610612747,Oklahoma City,Thunder,1610612760,104,107,1610612760,Regular Season,18997.0,,,211,3
22100122,2021-11-04 22:00:00+00:00,Phoenix,Suns,1610612756,Houston,Rockets,1610612745,123,111,1610612756,Regular Season,15058.0,,,234,12
22100121,2021-11-04 19:30:00+00:00,Miami,Heat,1610612748,Boston,Celtics,1610612738,78,95,1610612738,Regular Season,19600.0,,,173,17
22100120,2021-11-04 19:30:00+00:00,Atlanta,Hawks,1610612737,Utah,Jazz,1610612762,98,116,1610612762,Regular Season,16590.0,,,214,18
22100119,2021-11-04 19:00:00+00:00,Detroit,Pistons,1610612765,Philadelphia,76ers,1610612755,98,109,1610612755,Regular Season,8702.0,,,207,11
22100118,2021-11-03 22:00:00+00:00,Sacramento,Kings,1610612758,New Orleans,Pelicans,1610612740,112,99,1610612758,Regular Season,12480.0,,,211,13
22100117,2021-11-03 22:00:00+00:00,Golden State,Warriors,1610612744,Charlotte,Hornets,1610612766,114,92,1610612744,Regular Season,18064.0,,,206,22
22100116,2021-11-03 20:30:00+00:00,San Antonio,Spurs,1610612759,Dallas,Mavericks,1610612742,108,109,1610612742,Regular Season,16356.0,,,217,1
22100114,2021-11-03 20:00:00+00:00,Memphis,Grizzlies,1610612763,Denver,Nuggets,1610612743,108,106,1610612763,Regular Season,12977.0,,,214,2
22100115,2021-11-03 20:00:00+00:00,Minnesota,Timberwolves,1610612750,Los Angeles,Clippers,1610612746,115,126,1610612746,Regular Season,15386.0,,,241,11
22100113,2021-11-03 19:30:00+00:00,Brooklyn,Nets,1610612751,Atlanta,Hawks,1610612737,117,108,1610612751,Regular Season,17323.0,,,225,9
22100108,2021-11-03 19:00:00+00:00,Cleveland,Cavaliers,1610612739,Portland,Trail Blazers,1610612757,107,104,1610612739,Regular Season,16231.0,,,211,3
22100109,2021-11-03 19:00:00+00:00,Indiana,Pacers,1610612754,New York,Knicks,1610612752,111,98,1610612754,Regular Season,11607.0,,,209,13
22100112,2021-11-03 19:00:00+00:00,Washington,Wizards,1610612764,Toronto,Raptors,1610612761,100,109,1610612761,Regular Season,13538.0,,,209,9
22100110,2021-11-03 19:00:00+00:00,Orlando,Magic,1610612753,Boston,Celtics,1610612738,79,92,1610612738,Regular Season,12735.0,,,171,13
22100111,2021-11-03 19:00:00+00:00,Philadelphia,76ers,1610612755,Chicago,Bulls,1610612741,103,98,1610612755,Regular Season,20438.0,,,201,5
22100107,2021-11-02 22:30:00+00:00,Los Angeles,Lakers,1610612747,Houston,Rockets,1610612745,119,117,1610612747,Regular Season,18997.0,,,236,2
22100106,2021-11-02 22:00:00+00:00,Phoenix,Suns,1610612756,New Orleans,Pelicans,1610612740,112,100,1610612756,Regular Season,14323.0,,,212,12
22100105,2021-11-02 21:00:00+00:00,Utah,Jazz,1610612762,Sacramento,Kings,1610612758,119,113,1610612762,Regular Season,18306.0,,,232,6
22100104,2021-11-02 19:30:00+00:00,Dallas,Mavericks,1610612742,Miami,Heat,1610612748,110,125,1610612748,Regular Season,19255.0,,,235,15
22100103,2021-11-02 19:00:00+00:00,Detroit,Pistons,1610612765,Milwaukee,Bucks,1610612749,89,117,1610612749,Regular Season,9254.0,,,206,28
22100102,2021-11-01 22:30:00+00:00,Los Angeles,Clippers,1610612746,Oklahoma City,Thunder,1610612760,99,94,1610612746,Regular Season,13722.0,,,193,5
22100100,2021-11-01 20:00:00+00:00,Memphis,Grizzlies,1610612763,Denver,Nuggets,1610612743,106,97,1610612763,Regular Season,12683.0,,,203,9
22100101,2021-11-01 20:00:00+00:00,Minnesota,Timberwolves,1610612750,Orlando,Magic,1610612753,97,115,1610612753,Regular Season,14744.0,,,212,18
22100097,2021-11-01 19:30:00+00:00,Atlanta,Hawks,1610612737,Washington,Wizards,1610612764,118,111,1610612737,Regular Season,14632.0,,,229,7
22100098,2021-11-01 19:30:00+00:00,Boston,Celtics,1610612738,Chicago,Bulls,1610612741,114,128,1610612741,Regular Season,19156.0,,,242,14
22100099,2021-11-01 19:30:00+00:00,New York,Knicks,1610612752,Toronto,Raptors,1610612761,104,113,1610612761,Regular Season,16528.0,,,217,9
22100094,2021-11-01 19:00:00+00:00,Charlotte,Hornets,1610612766,Cleveland,Cavaliers,1610612739,110,113,1610612739,Regular Season,13889.0,,,223,3
22100096,2021-11-01 19:00:00+00:00,Philadelphia,76ers,1610612755,Portland,Trail Blazers,1610612757,113,103,1610612755,Regular Season,20115.0,,,216,10
22100095,2021-11-01 19:00:00+00:00,Indiana,Pacers,1610612754,San Antonio,Spurs,1610612759,131,118,1610612754,Regular Season,10227.0,,,249,13
22100093,2021-10-31 22:30:00+00:00,Los Angeles,Lakers,1610612747,Houston,Rockets,1610612745,95,85,1610612747,Regular Season,16448.0,,,180,10
22100092,2021-10-31 19:30:00+00:00,Brooklyn,Nets,1610612751,Detroit,Pistons,1610612765,117,91,1610612751,Regular Season,13507.0,,,208,26
22100091,2021-10-31 19:00:00+00:00,Milwaukee,Bucks,1610612749,Utah,Jazz,1610612762,95,107,1610612762,Regular Season,17341.0,,,202,12
22100090,2021-10-31 19:00:00+00:00,Charlotte,Hornets,1610612766,Portland,Trail Blazers,1610612757,125,113,1610612766,Regular Season,14960.0,,,238,12
22100089,2021-10-31 15:30:00+00:00,Dallas,Mavericks,1610612742,Sacramento,Kings,1610612758,105,99,1610612742,Regular Season,19231.0,,,204,6
22100088,2021-10-30 22:00:00+00:00,Phoenix,Suns,1610612756,Cleveland,Cavaliers,1610612739,101,92,1610612756,Regular Season,14516.0,,,193,9
22100087,2021-10-30 21:00:00+00:00,Minnesota,Timberwolves,1610612750,Denver,Nuggets,1610612743,91,93,1610612743,Regular Season,17136.0,,,184,2
22100086,2021-10-30 20:30:00+00:00,Golden State,Warriors,1610612744,Oklahoma City,Thunder,1610612760,103,82,1610612744,Regular Season,18064.0,,,185,21
22100085,2021-10-30 20:00:00+00:00,Milwaukee,Bucks,1610612749,San Antonio,Spurs,1610612759,93,102,1610612759,Regular Season,17341.0,,,195,9
22100083,2021-10-30 20:00:00+00:00,Chicago,Bulls,1610612741,Utah,Jazz,1610612762,107,99,1610612741,Regular Season,20668.0,,,206,8
22100084,2021-10-30 20:00:00+00:00,Memphis,Grizzlies,1610612763,Miami,Heat,1610612748,103,129,1610612748,Regular Season,15989.0,,,232,26
22100082,2021-10-30 19:30:00+00:00,Philadelphia,76ers,1610612755,Atlanta,Hawks,1610612737,122,94,1610612755,Regular Season,20031.0,,,216,28
22100081,2021-10-30 19:30:00+00:00,Indiana,Pacers,1610612754,Toronto,Raptors,1610612761,94,97,1610612761,Regular Season,10578.0,,,191,3
22100079,2021-10-30 19:00:00+00:00,Detroit,Pistons,1610612765,Orlando,Magic,1610612753,110,103,1610612765,Regular Season,11423.0,,,213,7
22100080,2021-10-30 19:00:00+00:00,New Orleans,Pelicans,1610612740,New York,Knicks,1610612752,117,123,1610612752,Regular Season,16508.0,,,240,6
22100078,2021-10-30 17:00:00+00:00,Washington,Wizards,1610612764,Boston,Celtics,1610612738,115,112,1610612764,Regular Season,15813.0,,,227,3
22100077,2021-10-29 22:30:00+00:00,Los Angeles,Lakers,1610612747,Cleveland,Cavaliers,1610612739,113,101,1610612747,Regular Season,18997.0,,,214,12
22100075,2021-10-29 22:00:00+00:00,Denver,Nuggets,1610612743,Dallas,Mavericks,1610612742,106,75,1610612743,Regular Season,18315.0,,,181,31
22100076,2021-10-29 22:00:00+00:00,Portland,Trail Blazers,1610612757,Los Angeles,Clippers,1610612746,111,92,1610612757,Regular Season,16510.0,,,203,19
22100074,2021-10-29 20:00:00+00:00,New Orleans,Pelicans,1610612740,Sacramento,Kings,1610612758,109,113,1610612758,Regular Season,17507.0,,,222,4
22100073,2021-10-29 19:30:00+00:00,Miami,Heat,1610612748,Charlotte,Hornets,1610612766,114,99,1610612748,Regular Season,19600.0,,,213,15
22100072,2021-10-29 19:30:00+00:00,Brooklyn,Nets,1610612751,Indiana,Pacers,1610612754,105,98,1610612751,Regular Season,16139.0,,,203,7
22100071,2021-10-29 19:00:00+00:00,Toronto,Raptors,1610612761,Orlando,Magic,1610612753,110,109,1610612761,Regular Season,19800.0,,,219,1
22100070,2021-10-28 22:00:00+00:00,Golden State,Warriors,1610612744,Memphis,Grizzlies,1610612763,101,104,1610612763,Regular Season,18064.0,,,205,3
22100069,2021-10-28 20:30:00+00:00,Dallas,Mavericks,1610612742,San Antonio,Spurs,1610612759,104,99,1610612742,Regular Season,19228.0,,,203,5
22100067,2021-10-28 20:00:00+00:00,Chicago,Bulls,1610612741,New York,Knicks,1610612752,103,104,1610612752,Regular Season,20972.0,,,207,1
22100068,2021-10-28 20:00:00+00:00,Houston,Rockets,1610612745,Utah,Jazz,1610612762,91,122,1610612762,Regular Season,15858.0,,,213,31
22100065,2021-10-28 19:00:00+00:00,Philadelphia,76ers,1610612755,Detroit,Pistons,1610612765,110,102,1610612755,Regular Season,20017.0,,,212,8
22100066,2021-10-28 19:00:00+00:00,Washington,Wizards,1610612764,Atlanta,Hawks,1610612737,122,111,1610612764,Regular Season,13653.0,,,233,11
22100064,2021-10-27 22:30:00+00:00,Los Angeles,Clippers,1610612746,Cleveland,Cavaliers,1610612739,79,92,1610612739,Regular Season,13276.0,,,171,13
22100062,2021-10-27 22:00:00+00:00,Phoenix,Suns,1610612756,Sacramento,Kings,1610612758,107,110,1610612758,Regular Season,14678.0,,,217,3
22100063,2021-10-27 22:00:00+00:00,Portland,Trail Blazers,1610612757,Memphis,Grizzlies,1610612763,116,96,1610612757,Regular Season,16241.0,,,212,20
22100060,2021-10-27 20:00:00+00:00,Milwaukee,Bucks,1610612749,Minnesota,Timberwolves,1610612750,108,113,1610612750,Regular Season,17341.0,,,221,5
22100061,2021-10-27 20:00:00+00:00,Oklahoma City,Thunder,1610612760,Los Angeles,Lakers,1610612747,123,115,1610612760,Regular Season,15783.0,,,238,8
22100059,2021-10-27 19:30:00+00:00,New Orleans,Pelicans,1610612740,Atlanta,Hawks,1610612737,99,102,1610612737,Regular Season,15541.0,,,201,3
22100056,2021-10-27 19:30:00+00:00,Boston,Celtics,1610612738,Washington,Wizards,1610612764,107,116,1610612764,Regular Season,19156.0,,,223,9
22100057,2021-10-27 19:30:00+00:00,Brooklyn,Nets,1610612751,Miami,Heat,1610612748,93,106,1610612748,Regular Season,17732.0,,,199,13
22100058,2021-10-27 19:30:00+00:00,Toronto,Raptors,1610612761,Indiana,Pacers,1610612754,118,100,1610612761,Regular Season,19800.0,,,218,18
22100055,2021-10-27 19:00:00+00:00,Orlando,Magic,1610612753,Charlotte,Hornets,1610612766,111,120,1610612766,Regular Season,14082.0,,,231,9
22100054,2021-10-26 22:00:00+00:00,Utah,Jazz,1610612762,Denver,Nuggets,1610612743,122,110,1610612762,Regular Season,18306.0,,,232,12
22100053,2021-10-26 20:30:00+00:00,San Antonio,Spurs,1610612759,Los Angeles,Lakers,1610612747,121,125,1610612747,Regular Season,18354.0,,,246,4
22100052,2021-10-26 20:30:00+00:00,Dallas,Mavericks,1610612742,Houston,Rockets,1610612745,116,106,1610612742,Regular Season,19337.0,,,222,10
22100051,2021-10-26 20:00:00+00:00,Oklahoma City,Thunder,1610612760,Golden State,Warriors,1610612744,98,106,1610612744,Regular Season,15717.0,,,204,8
22100050,2021-10-26 19:30:00+00:00,New York,Knicks,1610612752,Philadelphia,76ers,1610612755,112,99,1610612752,Regular Season,15218.0,,,211,13
22100049,2021-10-25 22:30:00+00:00,Los Angeles,Clippers,1610612746,Portland,Trail Blazers,1610612757,116,86,1610612746,Regular Season,15672.0,,,202,30
22100048,2021-10-25 21:00:00+00:00,Denver,Nuggets,1610612743,Cleveland,Cavaliers,1610612739,87,99,1610612739,Regular Season,14221.0,,,186,12
22100047,2021-10-25 20:00:00+00:00,Minnesota,Timberwolves,1610612750,New Orleans,Pelicans,1610612740,98,107,1610612740,Regular Season,14435.0,,,205,9
22100046,2021-10-25 19:30:00+00:00,Toronto,Raptors,1610612761,Chicago,Bulls,1610612741,108,111,1610612741,Regular Season,19800.0,,,219,3
22100043,2021-10-25 19:30:00+00:00,Atlanta,Hawks,1610612737,Detroit,Pistons,1610612765,122,104,1610612737,Regular Season,14209.0,,,226,18
22100044,2021-10-25 19:30:00+00:00,Brooklyn,Nets,1610612751,Washington,Wizards,1610612764,104,90,1610612751,Regular Season,14487.0,,,194,14
22100045,2021-10-25 19:30:00+00:00,Miami,Heat,1610612748,Orlando,Magic,1610612753,107,90,1610612748,Regular Season,19600.0,,,197,17
22100041,2021-10-25 19:00:00+00:00,Charlotte,Hornets,1610612766,Boston,Celtics,1610612738,129,140,1610612738,Regular Season,17238.0,,,269,11
22100042,2021-10-25 19:00:00+00:00,Indiana,Pacers,1610612754,Milwaukee,Bucks,1610612749,109,119,1610612749,Regular Season,10339.0,,,228,10
22100040,2021-10-24 21:30:00+00:00,Los Angeles,Lakers,1610612747,Memphis,Grizzlies,1610612763,121,118,1610612747,Regular Season,18997.0,,,239,3
22100039,2021-10-24 21:00:00+00:00,Sacramento,Kings,1610612758,Golden State,Warriors,1610612744,107,119,1610612744,Regular Season,13876.0,,,226,12
22100037,2021-10-24 19:00:00+00:00,Houston,Rockets,1610612745,Boston,Celtics,1610612738,97,107,1610612738,Regular Season,16069.0,,,204,10
22100038,2021-10-24 19:00:00+00:00,Oklahoma City,Thunder,1610612760,Philadelphia,76ers,1610612755,103,115,1610612755,Regular Season,14256.0,,,218,12
22100036,2021-10-24 19:00:00+00:00,New York,Knicks,1610612752,Orlando,Magic,1610612753,104,110,1610612753,Regular Season,16273.0,,,214,6
22100035,2021-10-24 16:00:00+00:00,Brooklyn,Nets,1610612751,Charlotte,Hornets,1610612766,95,111,1610612766,Regular Season,17732.0,,,206,16
22100034,2021-10-23 22:30:00+00:00,Los Angeles,Clippers,1610612746,Memphis,Grizzlies,1610612763,114,120,1610612763,Regular Season,16748.0,,,234,6
22100033,2021-10-23 22:00:00+00:00,Portland,Trail Blazers,1610612757,Phoenix,Suns,1610612756,134,105,1610612757,Regular Season,18558.0,,,239,29
22100032,2021-10-23 20:30:00+00:00,San Antonio,Spurs,1610612759,Milwaukee,Bucks,1610612749,111,121,1610612749,Regular Season,14353.0,,,232,10
22100030,2021-10-23 20:00:00+00:00,Chicago,Bulls,1610612741,Detroit,Pistons,1610612765,97,82,1610612741,Regular Season,18888.0,,,179,15
22100031,2021-10-23 20:00:00+00:00,Minnesota,Timberwolves,1610612750,New Orleans,Pelicans,1610612740,96,89,1610612750,Regular Season,15343.0,,,185,7
22100029,2021-10-23 19:30:00+00:00,Toronto,Raptors,1610612761,Dallas,Mavericks,1610612742,95,103,1610612742,Regular Season,19800.0,,,198,8
22100028,2021-10-23 19:00:00+00:00,Indiana,Pacers,1610612754,Miami,Heat,1610612748,102,91,1610612754,Regular Season,17147.0,,,193,11
22100027,2021-10-23 18:00:00+00:00,Cleveland,Cavaliers,1610612739,Atlanta,Hawks,1610612737,101,95,1610612739,Regular Season,16846.0,,,196,6
22100026,2021-10-22 22:00:00+00:00,Sacramento,Kings,1610612758,Utah,Jazz,1610612762,101,110,1610612762,Regular Season,17583.0,,,211,9
22100025,2021-10-22 22:00:00+00:00,Los Angeles,Lakers,1610612747,Phoenix,Suns,1610612756,105,115,1610612756,Regular Season,18997.0,,,220,10
22100024,2021-10-22 21:00:00+00:00,Denver,Nuggets,1610612743,San Antonio,Spurs,1610612759,102,96,1610612743,Regular Season,19520.0,,,198,6
22100023,2021-10-22 20:00:00+00:00,Houston,Rockets,1610612745,Oklahoma City,Thunder,1610612760,124,91,1610612745,Regular Season,15674.0,,,215,33
22100022,2021-10-22 20:00:00+00:00,Chicago,Bulls,1610612741,New Orleans,Pelicans,1610612740,128,112,1610612741,Regular Season,20995.0,,,240,16
22100020,2021-10-22 19:30:00+00:00,Boston,Celtics,1610612738,Toronto,Raptors,1610612761,83,115,1610612761,Regular Season,19156.0,,,198,32
22100021,2021-10-22 19:30:00+00:00,Philadelphia,76ers,1610612755,Brooklyn,Nets,1610612751,109,114,1610612751,Regular Season,20367.0,,,223,5
22100019,2021-10-22 19:00:00+00:00,Washington,Wizards,1610612764,Indiana,Pacers,1610612754,135,134,1610612764,Regular Season,15407.0,,,269,1
22100017,2021-10-22 19:00:00+00:00,Cleveland,Cavaliers,1610612739,Charlotte,Hornets,1610612766,112,123,1610612766,Regular Season,17116.0,,,235,11
22100018,2021-10-22 19:00:00+00:00,Orlando,Magic,1610612753,New York,Knicks,1610612752,96,121,1610612752,Regular Season,18846.0,,,217,25
22100016,2021-10-21 22:00:00+00:00,Golden State,Warriors,1610612744,Los Angeles,Clippers,1610612746,115,113,1610612744,Regular Season,18064.0,,,228,2
22100015,2021-10-21 20:00:00+00:00,Miami,Heat,1610612748,Milwaukee,Bucks,1610612749,137,95,1610612748,Regular Season,19600.0,,,232,42
22100014,2021-10-21 19:30:00+00:00,Atlanta,Hawks,1610612737,Dallas,Mavericks,1610612742,113,87,1610612737,Regular Season,17162.0,,,200,26
22100013,2021-10-20 22:00:00+00:00,Portland,Trail Blazers,1610612757,Sacramento,Kings,1610612758,121,124,1610612758,Regular Season,17467.0,,,245,3
22100012,2021-10-20 22:00:00+00:00,Phoenix,Suns,1610612756,Denver,Nuggets,1610612743,98,110,1610612743,Regular Season,16074.0,,,208,12
22100011,2021-10-20 21:00:00+00:00,Utah,Jazz,1610612762,Oklahoma City,Thunder,1610612760,107,86,1610612762,Regular Season,18306.0,,,193,21
22100010,2021-10-20 20:30:00+00:00,San Antonio,Spurs,1610612759,Orlando,Magic,1610612753,123,97,1610612759,Regular Season,16697.0,,,220,26
22100007,2021-10-20 20:00:00+00:00,Memphis,Grizzlies,1610612763,Cleveland,Cavaliers,1610612739,132,121,1610612763,Regular Season,15975.0,,,253,11
22100008,2021-10-20 20:00:00+00:00,Minnesota,Timberwolves,1610612750,Houston,Rockets,1610612745,124,106,1610612750,Regular Season,16079.0,,,230,18
22100009,2021-10-20 20:00:00+00:00,New Orleans,Pelicans,1610612740,Philadelphia,76ers,1610612755,97,117,1610612755,Regular Season,12845.0,,,214,20
22100006,2021-10-20 19:30:00+00:00,Toronto,Raptors,1610612761,Washington,Wizards,1610612764,83,98,1610612764,Regular Season,19800.0,,,181,15
22100005,2021-10-20 19:30:00+00:00,New York,Knicks,1610612752,Boston,Celtics,1610612738,138,134,1610612752,Regular Season,19812.0,,,272,4
22100004,2021-10-20 19:00:00+00:00,Detroit,Pistons,1610612765,Chicago,Bulls,1610612741,88,94,1610612741,Regular Season,20088.0,,,182,6
22100003,2021-10-20 19:00:00+00:00,Charlotte,Hornets,1610612766,Indiana,Pacers,1610612754,123,122,1610612766,Regular Season,15521.0,,,245,1
22100002,2021-10-19 22:00:00+00:00,Los Angeles,Lakers,1610612747,Golden State,Warriors,1610612744,114,121,1610612744,Regular Season,18997.0,,,235,7
22100001,2021-10-19 19:30:00+00:00,Milwaukee,Bucks,1610612749,Brooklyn,Nets,1610612751,127,104,1610612749,Regular Season,17341.0,,,231,23
22001077,2021-05-16 21:00:00+00:00,Sacramento,Kings,1610612758,Utah,Jazz,1610612762,99,121,1610612762,Regular Season,18024.0,,,220,22
22001071,2021-05-16 21:00:00+00:00,Minnesota,Timberwolves,1610612750,Dallas,Mavericks,1610612742,136,121,1610612750,Regular Season,1638.0,,,257,15
22001076,2021-05-16 21:00:00+00:00,Portland,Trail Blazers,1610612757,Denver,Nuggets,1610612743,132,116,1610612757,Regular Season,1939.0,,,248,16
22001074,2021-05-16 21:00:00+00:00,Oklahoma City,Thunder,1610612760,Los Angeles,Clippers,1610612746,117,112,1610612760,Regular Season,18024.0,,,229,5
22001072,2021-05-16 21:00:00+00:00,New Orleans,Pelicans,1610612740,Los Angeles,Lakers,1610612747,98,110,1610612747,Regular Season,3700.0,,,208,12
22001068,2021-05-16 21:00:00+00:00,Chicago,Bulls,1610612741,Milwaukee,Bucks,1610612749,118,112,1610612741,Regular Season,3427.0,,,230,6
22001069,2021-05-16 20:00:00+00:00,Detroit,Pistons,1610612765,Miami,Heat,1610612748,107,120,1610612748,Regular Season,750.0,,,227,13
22001075,2021-05-16 19:00:00+00:00,Philadelphia,76ers,1610612755,Orlando,Magic,1610612753,128,117,1610612755,Regular Season,5119.0,,,245,11
22001067,2021-05-16 19:00:00+00:00,Brooklyn,Nets,1610612751,Cleveland,Cavaliers,1610612739,123,109,1610612751,Regular Season,1773.0,,,232,14
22001066,2021-05-16 19:00:00+00:00,Atlanta,Hawks,1610612737,Houston,Rockets,1610612745,124,95,1610612737,Regular Season,3045.0,,,219,29
22001070,2021-05-16 15:30:00+00:00,Golden State,Warriors,1610612744,Memphis,Grizzlies,1610612763,113,101,1610612744,Regular Season,4416.0,,,214,12
22001078,2021-05-16 14:00:00+00:00,San Antonio,Spurs,1610612759,Phoenix,Suns,1610612756,121,123,1610612756,Regular Season,4738.0,,,244,2
22001073,2021-05-16 13:00:00+00:00,New York,Knicks,1610612752,Boston,Celtics,1610612738,96,92,1610612752,Regular Season,1981.0,,,188,4
22001079,2021-05-16 13:00:00+00:00,Toronto,Raptors,1610612761,Indiana,Pacers,1610612754,113,125,1610612754,Regular Season,18024.0,,,238,12
22001080,2021-05-16 13:00:00+00:00,Washington,Wizards,1610612764,Charlotte,Hornets,1610612766,115,110,1610612764,Regular Season,5333.0,,,225,5
22001062,2021-05-15 20:00:00+00:00,Milwaukee,Bucks,1610612749,Miami,Heat,1610612748,122,108,1610612749,Regular Season,3280.0,,,230,14
22001065,2021-05-15 14:00:00+00:00,San Antonio,Spurs,1610612759,Phoenix,Suns,1610612756,103,140,1610612756,Regular Season,4848.0,,,243,37
22001063,2021-05-15 14:00:00+00:00,Minnesota,Timberwolves,1610612750,Boston,Celtics,1610612738,108,124,1610612738,Regular Season,1638.0,,,232,16
22001060,2021-05-15 13:00:00+00:00,Brooklyn,Nets,1610612751,Chicago,Bulls,1610612741,105,91,1610612751,Regular Season,1773.0,,,196,14
22001061,2021-05-15 13:00:00+00:00,Indiana,Pacers,1610612754,Los Angeles,Lakers,1610612747,115,122,1610612747,Regular Season,18024.0,,,237,7
22001064,2021-05-15 13:00:00+00:00,New York,Knicks,1610612752,Charlotte,Hornets,1610612766,118,109,1610612752,Regular Season,1981.0,,,227,9
22001059,2021-05-14 21:30:00+00:00,Golden State,Warriors,1610612744,New Orleans,Pelicans,1610612740,125,122,1610612744,Regular Season,4155.0,,,247,3
22000263,2021-05-14 21:00:00+00:00,Memphis,Grizzlies,1610612763,Sacramento,Kings,1610612758,107,106,1610612763,Regular Season,3502.0,,,213,1
22001058,2021-05-14 21:00:00+00:00,Houston,Rockets,1610612745,Los Angeles,Clippers,1610612746,122,115,1610612745,Regular Season,3803.0,,,237,7
22001057,2021-05-14 21:00:00+00:00,Dallas,Mavericks,1610612742,Toronto,Raptors,1610612761,114,110,1610612742,Regular Season,4493.0,,,224,4
22001054,2021-05-14 20:00:00+00:00,Detroit,Pistons,1610612765,Denver,Nuggets,1610612743,91,104,1610612743,Regular Season,750.0,,,195,13
22001056,2021-05-14 20:00:00+00:00,Oklahoma City,Thunder,1610612760,Utah,Jazz,1610612762,93,109,1610612762,Regular Season,18024.0,,,202,16
22001055,2021-05-14 20:00:00+00:00,Philadelphia,76ers,1610612755,Orlando,Magic,1610612753,122,97,1610612755,Regular Season,5119.0,,,219,25
22000204,2021-05-14 19:00:00+00:00,Washington,Wizards,1610612764,Cleveland,Cavaliers,1610612739,120,105,1610612764,Regular Season,5333.0,,,225,15
22001053,2021-05-13 22:00:00+00:00,Phoenix,Suns,1610612756,Portland,Trail Blazers,1610612757,118,117,1610612756,Regular Season,8359.0,,,235,1
22001052,2021-05-13 20:00:00+00:00,Minnesota,Timberwolves,1610612750,Denver,Nuggets,1610612743,103,114,1610612743,Regular Season,1638.0,,,217,11
22001051,2021-05-13 20:00:00+00:00,Chicago,Bulls,1610612741,Toronto,Raptors,1610612761,114,102,1610612741,Regular Season,3395.0,,,216,12
22000255,2021-05-13 20:00:00+00:00,Memphis,Grizzlies,1610612763,Sacramento,Kings,1610612758,116,110,1610612763,Regular Season,2876.0,,,226,6
22000458,2021-05-13 19:30:00+00:00,New York,Knicks,1610612752,San Antonio,Spurs,1610612759,102,98,1610612752,Regular Season,1981.0,,,200,4
22001049,2021-05-13 19:30:00+00:00,Atlanta,Hawks,1610612737,Orlando,Magic,1610612753,116,93,1610612737,Regular Season,2910.0,,,209,23
22001050,2021-05-13 19:30:00+00:00,Miami,Heat,1610612748,Philadelphia,76ers,1610612755,106,94,1610612748,Regular Season,18024.0,,,200,12
22001048,2021-05-13 19:00:00+00:00,Indiana,Pacers,1610612754,Milwaukee,Bucks,1610612749,133,142,1610612749,Regular Season,18024.0,,,275,9
22001047,2021-05-13 19:00:00+00:00,Charlotte,Hornets,1610612766,Los Angeles,Clippers,1610612746,90,113,1610612746,Regular Season,4442.0,,,203,23
22001046,2021-05-12 22:30:00+00:00,Los Angeles,Lakers,1610612747,Houston,Rockets,1610612745,124,122,1610612747,Regular Season,4087.0,,,246,2
22001045,2021-05-12 21:30:00+00:00,Utah,Jazz,1610612762,Portland,Trail Blazers,1610612757,98,105,1610612757,Regular Season,6506.0,,,203,7
22000154,2021-05-12 21:00:00+00:00,Dallas,Mavericks,1610612742,New Orleans,Pelicans,1610612740,125,107,1610612742,Regular Season,4373.0,,,232,18
22001043,2021-05-12 20:00:00+00:00,Brooklyn,Nets,1610612751,San Antonio,Spurs,1610612759,128,116,1610612751,Regular Season,1773.0,,,244,12
22001044,2021-05-12 20:00:00+00:00,Cleveland,Cavaliers,1610612739,Boston,Celtics,1610612738,102,94,1610612739,Regular Season,4148.0,,,196,8
22001042,2021-05-12 19:00:00+00:00,Atlanta,Hawks,1610612737,Washington,Wizards,1610612764,120,116,1610612737,Regular Season,3120.0,,,236,4
22001040,2021-05-11 22:00:00+00:00,Sacramento,Kings,1610612758,Oklahoma City,Thunder,1610612760,122,106,1610612758,Regular Season,18024.0,,,228,16
22001039,2021-05-11 22:00:00+00:00,Golden State,Warriors,1610612744,Phoenix,Suns,1610612756,122,116,1610612744,Regular Season,4155.0,,,238,6
22001041,2021-05-11 22:00:00+00:00,Los Angeles,Lakers,1610612747,New York,Knicks,1610612752,101,99,1610612747,Regular Season,3550.0,,,200,2
22001038,2021-05-11 21:00:00+00:00,Milwaukee,Bucks,1610612749,Orlando,Magic,1610612753,114,102,1610612749,Regular Season,3280.0,,,216,12
22001037,2021-05-11 20:00:00+00:00,Memphis,Grizzlies,1610612763,Dallas,Mavericks,1610612742,133,104,1610612763,Regular Season,2684.0,,,237,29
22001036,2021-05-11 20:00:00+00:00,Chicago,Bulls,1610612741,Brooklyn,Nets,1610612751,107,115,1610612751,Regular Season,3434.0,,,222,8
22001035,2021-05-11 20:00:00+00:00,Indiana,Pacers,1610612754,Philadelphia,76ers,1610612755,103,94,1610612754,Regular Season,18024.0,,,197,9
22001032,2021-05-11 19:30:00+00:00,Boston,Celtics,1610612738,Miami,Heat,1610612748,121,129,1610612748,Regular Season,4789.0,,,250,8
22001034,2021-05-11 19:30:00+00:00,Toronto,Raptors,1610612761,Los Angeles,Clippers,1610612746,96,115,1610612746,Regular Season,18024.0,,,211,19
22001033,2021-05-11 19:00:00+00:00,Detroit,Pistons,1610612765,Minnesota,Timberwolves,1610612750,100,119,1610612750,Regular Season,750.0,,,219,19
22000448,2021-05-11 19:00:00+00:00,Charlotte,Hornets,1610612766,Denver,Nuggets,1610612743,112,117,1610612743,Regular Season,3997.0,,,229,5
22001031,2021-05-10 22:00:00+00:00,Portland,Trail Blazers,1610612757,Houston,Rockets,1610612745,140,129,1610612757,Regular Season,1939.0,,,269,11
22001030,2021-05-10 22:00:00+00:00,Golden State,Warriors,1610612744,Utah,Jazz,1610612762,119,116,1610612744,Regular Season,4155.0,,,235,3
22001029,2021-05-10 20:30:00+00:00,San Antonio,Spurs,1610612759,Milwaukee,Bucks,1610612749,146,125,1610612759,Regular Season,3992.0,,,271,21
22001028,2021-05-10 20:00:00+00:00,Memphis,Grizzlies,1610612763,New Orleans,Pelicans,1610612740,115,110,1610612763,Regular Season,2507.0,,,225,5
22001026,2021-05-10 19:30:00+00:00,Atlanta,Hawks,1610612737,Washington,Wizards,1610612764,125,124,1610612737,Regular Season,3054.0,,,249,1
22001027,2021-05-10 19:30:00+00:00,Cleveland,Cavaliers,1610612739,Indiana,Pacers,1610612754,102,111,1610612754,Regular Season,4148.0,,,213,9
22001025,2021-05-09 22:00:00+00:00,Sacramento,Kings,1610612758,Oklahoma City,Thunder,1610612760,126,98,1610612758,Regular Season,18024.0,,,224,28
22001024,2021-05-09 22:00:00+00:00,Los Angeles,Lakers,1610612747,Phoenix,Suns,1610612756,123,110,1610612747,Regular Season,3144.0,,,233,13
22001023,2021-05-09 20:00:00+00:00,Detroit,Pistons,1610612765,Chicago,Bulls,1610612741,96,108,1610612741,Regular Season,750.0,,,204,12
22001022,2021-05-09 19:00:00+00:00,Orlando,Magic,1610612753,Minnesota,Timberwolves,1610612750,96,128,1610612750,Regular Season,4086.0,,,224,32
22001021,2021-05-09 19:00:00+00:00,Cleveland,Cavaliers,1610612739,Dallas,Mavericks,1610612742,97,124,1610612742,Regular Season,4148.0,,,221,27
22001020,2021-05-09 19:00:00+00:00,Charlotte,Hornets,1610612766,New Orleans,Pelicans,1610612740,110,112,1610612740,Regular Season,4196.0,,,222,2
22001019,2021-05-09 15:30:00+00:00,Los Angeles,Clippers,1610612746,New York,Knicks,1610612752,100,106,1610612752,Regular Season,2578.0,,,206,6
22000145,2021-05-09 13:00:00+00:00,Boston,Celtics,1610612738,Miami,Heat,1610612748,124,130,1610612748,Regular Season,2298.0,,,254,6
22001016,2021-05-08 22:00:00+00:00,Utah,Jazz,1610612762,Houston,Rockets,1610612745,124,116,1610612762,Regular Season,6506.0,,,240,8
22001017,2021-05-08 22:00:00+00:00,Golden State,Warriors,1610612744,Oklahoma City,Thunder,1610612760,136,97,1610612744,Regular Season,4155.0,,,233,39
22001015,2021-05-08 22:00:00+00:00,Denver,Nuggets,1610612743,Brooklyn,Nets,1610612751,119,125,1610612751,Regular Season,4044.0,,,244,6
22001018,2021-05-08 22:00:00+00:00,Portland,Trail Blazers,1610612757,San Antonio,Spurs,1610612759,124,102,1610612757,Regular Season,1939.0,,,226,22
22001014,2021-05-08 19:30:00+00:00,Toronto,Raptors,1610612761,Memphis,Grizzlies,1610612763,99,109,1610612763,Regular Season,18024.0,,,208,10
22001013,2021-05-08 19:00:00+00:00,Philadelphia,76ers,1610612755,Detroit,Pistons,1610612765,118,104,1610612755,Regular Season,5119.0,,,222,14
22001012,2021-05-08 19:00:00+00:00,Indiana,Pacers,1610612754,Washington,Wizards,1610612764,132,133,1610612764,Regular Season,18024.0,,,265,1
22001009,2021-05-07 22:00:00+00:00,Phoenix,Suns,1610612756,New York,Knicks,1610612752,128,105,1610612756,Regular Season,8063.0,,,233,23
22001011,2021-05-07 22:00:00+00:00,Sacramento,Kings,1610612758,San Antonio,Spurs,1610612759,104,113,1610612759,Regular Season,18024.0,,,217,9
22001010,2021-05-07 22:00:00+00:00,Portland,Trail Blazers,1610612757,Los Angeles,Lakers,1610612747,106,101,1610612757,Regular Season,1939.0,,,207,5
22001008,2021-05-07 21:00:00+00:00,Utah,Jazz,1610612762,Denver,Nuggets,1610612743,127,120,1610612762,Regular Season,6506.0,,,247,7
22001007,2021-05-07 20:30:00+00:00,Dallas,Mavericks,1610612742,Cleveland,Cavaliers,1610612739,110,90,1610612742,Regular Season,4220.0,,,200,20
22001005,2021-05-07 20:00:00+00:00,Miami,Heat,1610612748,Minnesota,Timberwolves,1610612750,121,112,1610612748,Regular Season,18024.0,,,233,9
22001006,2021-05-07 20:00:00+00:00,Milwaukee,Bucks,1610612749,Houston,Rockets,1610612745,141,133,1610612749,Regular Season,3280.0,,,274,8
22001004,2021-05-07 20:00:00+00:00,Charlotte,Hornets,1610612766,Orlando,Magic,1610612753,122,112,1610612766,Regular Season,3751.0,,,234,10
22000160,2021-05-07 19:30:00+00:00,Chicago,Bulls,1610612741,Boston,Celtics,1610612738,121,99,1610612741,Regular Season,3399.0,,,220,22
22001003,2021-05-07 19:00:00+00:00,Philadelphia,76ers,1610612755,New Orleans,Pelicans,1610612740,109,107,1610612755,Regular Season,5119.0,,,216,2
22001001,2021-05-06 22:00:00+00:00,Golden State,Warriors,1610612744,Oklahoma City,Thunder,1610612760,118,97,1610612744,Regular Season,3621.0,,,215,21
22001002,2021-05-06 22:00:00+00:00,Los Angeles,Clippers,1610612746,Los Angeles,Lakers,1610612747,118,94,1610612746,Regular Season,3275.0,,,212,24
22001000,2021-05-06 20:00:00+00:00,Indiana,Pacers,1610612754,Atlanta,Hawks,1610612737,133,126,1610612754,Regular Season,18024.0,,,259,7
22000999,2021-05-06 20:00:00+00:00,Detroit,Pistons,1610612765,Memphis,Grizzlies,1610612763,111,97,1610612765,Regular Season,750.0,,,208,14
22000997,2021-05-06 19:30:00+00:00,Toronto,Raptors,1610612761,Washington,Wizards,1610612764,129,131,1610612764,Regular Season,2494.0,,,260,2
22000998,2021-05-06 19:30:00+00:00,Dallas,Mavericks,1610612742,Brooklyn,Nets,1610612751,113,109,1610612742,Regular Season,4602.0,,,222,4
22000434,2021-05-06 19:00:00+00:00,Charlotte,Hornets,1610612766,Chicago,Bulls,1610612741,99,120,1610612741,Regular Season,3769.0,,,219,21
22000996,2021-05-05 21:00:00+00:00,Utah,Jazz,1610612762,San Antonio,Spurs,1610612759,126,94,1610612762,Regular Season,6506.0,,,220,32
22000995,2021-05-05 21:00:00+00:00,Denver,Nuggets,1610612743,New York,Knicks,1610612752,113,97,1610612743,Regular Season,4038.0,,,210,16
22000183,2021-05-05 20:00:00+00:00,Minnesota,Timberwolves,1610612750,Memphis,Grizzlies,1610612763,135,139,1610612763,Regular Season,1436.0,,,274,4
22000994,2021-05-05 20:00:00+00:00,Houston,Rockets,1610612745,Philadelphia,76ers,1610612755,115,135,1610612755,Regular Season,3583.0,,,250,20
22000993,2021-05-05 20:00:00+00:00,Indiana,Pacers,1610612754,Sacramento,Kings,1610612758,93,104,1610612758,Regular Season,18024.0,,,197,11
22000235,2021-05-05 20:00:00+00:00,Milwaukee,Bucks,1610612749,Washington,Wizards,1610612764,135,134,1610612749,Regular Season,3280.0,,,269,1
22000992,2021-05-05 20:00:00+00:00,Atlanta,Hawks,1610612737,Phoenix,Suns,1610612756,135,103,1610612737,Regular Season,3205.0,,,238,32
22000991,2021-05-05 19:30:00+00:00,Cleveland,Cavaliers,1610612739,Portland,Trail Blazers,1610612757,105,141,1610612757,Regular Season,4148.0,,,246,36
22000990,2021-05-05 19:00:00+00:00,Orlando,Magic,1610612753,Boston,Celtics,1610612738,96,132,1610612738,Regular Season,4249.0,,,228,36
22000989,2021-05-04 22:00:00+00:00,Los Angeles,Clippers,1610612746,Toronto,Raptors,1610612761,105,100,1610612746,Regular Season,1714.0,,,205,5
22000987,2021-05-04 20:00:00+00:00,New Orleans,Pelicans,1610612740,Golden State,Warriors,1610612744,108,103,1610612740,Regular Season,3700.0,,,211,5
22000988,2021-05-04 20:00:00+00:00,Oklahoma City,Thunder,1610612760,Sacramento,Kings,1610612758,99,103,1610612758,Regular Season,18024.0,,,202,4
22000986,2021-05-04 20:00:00+00:00,Miami,Heat,1610612748,Dallas,Mavericks,1610612742,113,127,1610612742,Regular Season,18024.0,,,240,14
22000985,2021-05-04 19:30:00+00:00,Milwaukee,Bucks,1610612749,Brooklyn,Nets,1610612751,124,118,1610612749,Regular Season,3280.0,,,242,6
22000984,2021-05-04 19:00:00+00:00,Detroit,Pistons,1610612765,Charlotte,Hornets,1610612766,99,102,1610612766,Regular Season,750.0,,,201,3
22000983,2021-05-04 19:00:00+00:00,Cleveland,Cavaliers,1610612739,Phoenix,Suns,1610612756,118,134,1610612756,Regular Season,4148.0,,,252,16
22000982,2021-05-03 22:00:00+00:00,Los Angeles,Lakers,1610612747,Denver,Nuggets,1610612743,93,89,1610612747,Regular Season,2454.0,,,182,4
22000981,2021-05-03 22:00:00+00:00,Utah,Jazz,1610612762,San Antonio,Spurs,1610612759,110,99,1610612762,Regular Season,6506.0,,,209,11
22000979,2021-05-03 21:00:00+00:00,Chicago,Bulls,1610612741,Philadelphia,76ers,1610612755,94,106,1610612755,Regular Season,18024.0,,,200,12
22000980,2021-05-03 21:00:00+00:00,Memphis,Grizzlies,1610612763,New York,Knicks,1610612752,104,118,1610612752,Regular Season,2789.0,,,222,14
22000978,2021-05-03 20:00:00+00:00,Atlanta,Hawks,1610612737,Portland,Trail Blazers,1610612757,123,114,1610612737,Regular Season,3091.0,,,237,9
22000977,2021-05-03 19:30:00+00:00,New Orleans,Pelicans,1610612740,Golden State,Warriors,1610612744,108,123,1610612744,Regular Season,3700.0,,,231,15
22000975,2021-05-03 19:00:00+00:00,Detroit,Pistons,1610612765,Orlando,Magic,1610612753,112,119,1610612753,Regular Season,750.0,,,231,7
22000976,2021-05-03 19:00:00+00:00,Washington,Wizards,1610612764,Indiana,Pacers,1610612754,154,141,1610612764,Regular Season,2133.0,,,295,13
22000974,2021-05-02 22:00:00+00:00,Los Angeles,Lakers,1610612747,Toronto,Raptors,1610612761,114,121,1610612761,Regular Season,2053.0,,,235,7
22000972,2021-05-02 20:00:00+00:00,Oklahoma City,Thunder,1610612760,Phoenix,Suns,1610612756,120,123,1610612756,Regular Season,18024.0,,,243,3
22000969,2021-05-02 20:00:00+00:00,Charlotte,Hornets,1610612766,Miami,Heat,1610612748,111,121,1610612748,Regular Season,4095.0,,,232,10
22000971,2021-05-02 20:00:00+00:00,Houston,Rockets,1610612745,New York,Knicks,1610612752,97,122,1610612752,Regular Season,3431.0,,,219,25
22000970,2021-05-02 20:00:00+00:00,Dallas,Mavericks,1610612742,Sacramento,Kings,1610612758,99,111,1610612758,Regular Season,4268.0,,,210,12
22000973,2021-05-02 20:00:00+00:00,San Antonio,Spurs,1610612759,Philadelphia,76ers,1610612755,111,113,1610612755,Regular Season,3978.0,,,224,2
22000968,2021-05-02 19:30:00+00:00,Boston,Celtics,1610612738,Portland,Trail Blazers,1610612757,119,129,1610612757,Regular Season,18024.0,,,248,10
22000967,2021-05-02 15:30:00+00:00,Milwaukee,Bucks,1610612749,Brooklyn,Nets,1610612751,117,114,1610612749,Regular Season,3280.0,,,231,3
22000965,2021-05-01 22:00:00+00:00,Utah,Jazz,1610612762,Toronto,Raptors,1610612761,106,102,1610612762,Regular Season,6506.0,,,208,4
22000966,2021-05-01 22:00:00+00:00,Los Angeles,Clippers,1610612746,Denver,Nuggets,1610612743,104,110,1610612743,Regular Season,2818.0,,,214,6
22000964,2021-05-01 21:00:00+00:00,Dallas,Mavericks,1610612742,Washington,Wizards,1610612764,125,124,1610612742,Regular Season,4351.0,,,249,1
22000960,2021-05-01 20:00:00+00:00,Cleveland,Cavaliers,1610612739,Miami,Heat,1610612748,107,124,1610612748,Regular Season,4148.0,,,231,17
22000961,2021-05-01 20:00:00+00:00,Orlando,Magic,1610612753,Memphis,Grizzlies,1610612763,112,111,1610612753,Regular Season,3924.0,,,223,1
22000959,2021-05-01 20:00:00+00:00,Atlanta,Hawks,1610612737,Chicago,Bulls,1610612741,108,97,1610612737,Regular Season,3053.0,,,205,11
22000962,2021-05-01 20:00:00+00:00,Minnesota,Timberwolves,1610612750,New Orleans,Pelicans,1610612740,136,140,1610612740,Regular Season,1638.0,,,276,4
22000963,2021-05-01 20:00:00+00:00,Oklahoma City,Thunder,1610612760,Indiana,Pacers,1610612754,95,152,1610612754,Regular Season,18024.0,,,247,57
22000958,2021-05-01 19:30:00+00:00,Houston,Rockets,1610612745,Golden State,Warriors,1610612744,87,113,1610612744,Regular Season,3702.0,,,200,26
22000957,2021-05-01 19:00:00+00:00,Charlotte,Hornets,1610612766,Detroit,Pistons,1610612765,107,94,1610612766,Regular Season,3766.0,,,201,13
22000956,2021-04-30 22:30:00+00:00,Los Angeles,Lakers,1610612747,Sacramento,Kings,1610612758,106,110,1610612758,Regular Season,2691.0,,,216,4
22000955,2021-04-30 22:00:00+00:00,Phoenix,Suns,1610612756,Utah,Jazz,1610612762,121,100,1610612756,Regular Season,6065.0,,,221,21
22000954,2021-04-30 21:00:00+00:00,Chicago,Bulls,1610612741,Milwaukee,Bucks,1610612749,98,108,1610612749,Regular Season,18024.0,,,206,10
22000952,2021-04-30 20:00:00+00:00,Brooklyn,Nets,1610612751,Portland,Trail Blazers,1610612757,109,128,1610612757,Regular Season,1773.0,,,237,19
22000953,2021-04-30 20:00:00+00:00,Memphis,Grizzlies,1610612763,Orlando,Magic,1610612753,92,75,1610612763,Regular Season,2850.0,,,167,17
22000950,2021-04-30 19:30:00+00:00,Boston,Celtics,1610612738,San Antonio,Spurs,1610612759,143,140,1610612738,Regular Season,2298.0,,,283,3
22000951,2021-04-30 19:30:00+00:00,Cleveland,Cavaliers,1610612739,Washington,Wizards,1610612764,93,122,1610612764,Regular Season,4148.0,,,215,29
22000949,2021-04-30 19:00:00+00:00,Philadelphia,76ers,1610612755,Atlanta,Hawks,1610612737,126,104,1610612755,Regular Season,4094.0,,,230,22
22000948,2021-04-29 21:00:00+00:00,Denver,Nuggets,1610612743,Toronto,Raptors,1610612761,121,111,1610612743,Regular Season,4025.0,,,232,10
22000947,2021-04-29 21:00:00+00:00,Oklahoma City,Thunder,1610612760,New Orleans,Pelicans,1610612740,95,109,1610612740,Regular Season,18024.0,,,204,14
22000946,2021-04-29 20:00:00+00:00,Minnesota,Timberwolves,1610612750,Golden State,Warriors,1610612744,126,114,1610612750,Regular Season,1638.0,,,240,12
22000945,2021-04-29 20:00:00+00:00,Houston,Rockets,1610612745,Milwaukee,Bucks,1610612749,143,136,1610612745,Regular Season,3232.0,,,279,7
22000943,2021-04-29 19:00:00+00:00,Detroit,Pistons,1610612765,Dallas,Mavericks,1610612742,105,115,1610612742,Regular Season,750.0,,,220,10
22000944,2021-04-29 19:00:00+00:00,Indiana,Pacers,1610612754,Brooklyn,Nets,1610612751,113,130,1610612751,Regular Season,18024.0,,,243,17
22000941,2021-04-28 22:00:00+00:00,Phoenix,Suns,1610612756,Los Angeles,Clippers,1610612746,109,101,1610612756,Regular Season,5917.0,,,210,8
22000942,2021-04-28 22:00:00+00:00,Sacramento,Kings,1610612758,Utah,Jazz,1610612762,105,154,1610612762,Regular Season,18024.0,,,259,49
22000940,2021-04-28 21:00:00+00:00,Denver,Nuggets,1610612743,New Orleans,Pelicans,1610612740,114,112,1610612743,Regular Season,4022.0,,,226,2
22000939,2021-04-28 21:00:00+00:00,Memphis,Grizzlies,1610612763,Portland,Trail Blazers,1610612757,109,130,1610612757,Regular Season,3427.0,,,239,21
22000938,2021-04-28 20:00:00+00:00,Miami,Heat,1610612748,San Antonio,Spurs,1610612759,116,111,1610612748,Regular Season,18024.0,,,227,5
22000935,2021-04-28 19:30:00+00:00,Washington,Wizards,1610612764,Los Angeles,Lakers,1610612747,116,107,1610612764,Regular Season,2133.0,,,223,9
22000936,2021-04-28 19:30:00+00:00,Boston,Celtics,1610612738,Charlotte,Hornets,1610612766,120,111,1610612738,Regular Season,2298.0,,,231,9
22000937,2021-04-28 19:30:00+00:00,New York,Knicks,1610612752,Chicago,Bulls,1610612741,113,94,1610612752,Regular Season,1981.0,,,207,19
22000934,2021-04-28 19:00:00+00:00,Philadelphia,76ers,1610612755,Atlanta,Hawks,1610612737,127,83,1610612755,Regular Season,4094.0,,,210,44
22000933,2021-04-28 19:00:00+00:00,Cleveland,Cavaliers,1610612739,Orlando,Magic,1610612753,104,109,1610612753,Regular Season,4148.0,,,213,5
22000932,2021-04-27 21:30:00+00:00,Golden State,Warriors,1610612744,Dallas,Mavericks,1610612742,103,133,1610612742,Regular Season,3613.0,,,236,30
22000931,2021-04-27 21:00:00+00:00,Houston,Rockets,1610612745,Minnesota,Timberwolves,1610612750,107,114,1610612750,Regular Season,3225.0,,,221,7
22000930,2021-04-27 19:30:00+00:00,Toronto,Raptors,1610612761,Brooklyn,Nets,1610612751,103,116,1610612751,Regular Season,18024.0,,,219,13
22000927,2021-04-27 19:00:00+00:00,Boston,Celtics,1610612738,Oklahoma City,Thunder,1610612760,115,119,1610612760,Regular Season,2298.0,,,234,4
22000928,2021-04-27 19:00:00+00:00,Charlotte,Hornets,1610612766,Milwaukee,Bucks,1610612749,104,114,1610612749,Regular Season,3240.0,,,218,10
22000929,2021-04-27 19:00:00+00:00,Indiana,Pacers,1610612754,Portland,Trail Blazers,1610612757,112,133,1610612757,Regular Season,18024.0,,,245,21
22000926,2021-04-26 22:00:00+00:00,Sacramento,Kings,1610612758,Dallas,Mavericks,1610612742,113,106,1610612758,Regular Season,18024.0,,,219,7
22000925,2021-04-26 21:00:00+00:00,Denver,Nuggets,1610612743,Memphis,Grizzlies,1610612763,120,96,1610612743,Regular Season,3823.0,,,216,24
22000923,2021-04-26 20:00:00+00:00,Minnesota,Timberwolves,1610612750,Utah,Jazz,1610612762,105,104,1610612750,Regular Season,1638.0,,,209,1
22000924,2021-04-26 20:00:00+00:00,New Orleans,Pelicans,1610612740,Los Angeles,Clippers,1610612746,120,103,1610612740,Regular Season,3700.0,,,223,17
22000922,2021-04-26 20:00:00+00:00,Miami,Heat,1610612748,Chicago,Bulls,1610612741,102,110,1610612741,Regular Season,18024.0,,,212,8
22000920,2021-04-26 19:30:00+00:00,New York,Knicks,1610612752,Phoenix,Suns,1610612756,110,118,1610612756,Regular Season,1981.0,,,228,8
22000921,2021-04-26 19:30:00+00:00,Toronto,Raptors,1610612761,Cleveland,Cavaliers,1610612739,112,96,1610612761,Regular Season,1626.0,,,208,16
22000917,2021-04-26 19:00:00+00:00,Orlando,Magic,1610612753,Los Angeles,Lakers,1610612747,103,114,1610612747,Regular Season,4099.0,,,217,11
22000918,2021-04-26 19:00:00+00:00,Philadelphia,76ers,1610612755,Oklahoma City,Thunder,1610612760,121,90,1610612755,Regular Season,4094.0,,,211,31
22000919,2021-04-26 19:00:00+00:00,Washington,Wizards,1610612764,San Antonio,Spurs,1610612759,143,146,1610612759,Regular Season,2133.0,,,289,3
22000916,2021-04-26 19:00:00+00:00,Detroit,Pistons,1610612765,Atlanta,Hawks,1610612737,100,86,1610612765,Regular Season,750.0,,,186,14
22000915,2021-04-25 22:00:00+00:00,Golden State,Warriors,1610612744,Sacramento,Kings,1610612758,117,113,1610612744,Regular Season,3252.0,,,230,4
22000914,2021-04-25 20:00:00+00:00,Orlando,Magic,1610612753,Indiana,Pacers,1610612754,112,131,1610612754,Regular Season,3519.0,,,243,19
22000913,2021-04-25 19:30:00+00:00,Atlanta,Hawks,1610612737,Milwaukee,Bucks,1610612749,111,104,1610612737,Regular Season,3010.0,,,215,7
22000197,2021-04-25 19:00:00+00:00,Washington,Wizards,1610612764,Cleveland,Cavaliers,1610612739,119,110,1610612764,Regular Season,2133.0,,,229,9
22000240,2021-04-25 16:00:00+00:00,Portland,Trail Blazers,1610612757,Memphis,Grizzlies,1610612763,113,120,1610612763,Regular Season,18024.0,,,233,7
22000912,2021-04-25 15:30:00+00:00,Brooklyn,Nets,1610612751,Phoenix,Suns,1610612756,128,119,1610612751,Regular Season,1773.0,,,247,9
22000911,2021-04-25 13:00:00+00:00,Charlotte,Hornets,1610612766,Boston,Celtics,1610612738,125,104,1610612766,Regular Season,4493.0,,,229,21
22000910,2021-04-24 22:00:00+00:00,Denver,Nuggets,1610612743,Houston,Rockets,1610612745,129,116,1610612743,Regular Season,4035.0,,,245,13
22000909,2021-04-24 21:00:00+00:00,Utah,Jazz,1610612762,Minnesota,Timberwolves,1610612750,96,101,1610612750,Regular Season,18024.0,,,197,5
22000908,2021-04-24 20:30:00+00:00,Dallas,Mavericks,1610612742,Los Angeles,Lakers,1610612747,108,93,1610612742,Regular Season,4561.0,,,201,15
22000907,2021-04-24 20:00:00+00:00,Miami,Heat,1610612748,Chicago,Bulls,1610612741,106,101,1610612748,Regular Season,18024.0,,,207,5
22000264,2021-04-24 20:00:00+00:00,New Orleans,Pelicans,1610612740,San Antonio,Spurs,1610612759,108,110,1610612759,Regular Season,3700.0,,,218,2
22000906,2021-04-24 19:00:00+00:00,Indiana,Pacers,1610612754,Detroit,Pistons,1610612765,115,109,1610612754,Regular Season,18024.0,,,224,6
22000905,2021-04-24 15:30:00+00:00,Milwaukee,Bucks,1610612749,Philadelphia,76ers,1610612755,132,94,1610612749,Regular Season,3280.0,,,226,38
22000904,2021-04-24 13:00:00+00:00,New York,Knicks,1610612752,Toronto,Raptors,1610612761,120,103,1610612752,Regular Season,1981.0,,,223,17
22000225,2021-04-23 22:00:00+00:00,Portland,Trail Blazers,1610612757,Memphis,Grizzlies,1610612763,128,130,1610612763,Regular Season,18024.0,,,258,2
22000903,2021-04-23 22:00:00+00:00,Golden State,Warriors,1610612744,Denver,Nuggets,1610612743,118,97,1610612744,Regular Season,1935.0,,,215,21
22000901,2021-04-23 20:00:00+00:00,Houston,Rockets,1610612745,Los Angeles,Clippers,1610612746,104,109,1610612746,Regular Season,3313.0,,,213,5
22000902,2021-04-23 20:00:00+00:00,Oklahoma City,Thunder,1610612760,Washington,Wizards,1610612764,109,129,1610612764,Regular Season,18024.0,,,238,20
22000900,2021-04-23 20:00:00+00:00,Charlotte,Hornets,1610612766,Cleveland,Cavaliers,1610612739,108,102,1610612766,Regular Season,4060.0,,,210,6
22000899,2021-04-23 19:30:00+00:00,Brooklyn,Nets,1610612751,Boston,Celtics,1610612738,109,104,1610612751,Regular Season,1773.0,,,213,5
22000898,2021-04-23 19:30:00+00:00,Atlanta,Hawks,1610612737,Miami,Heat,1610612748,118,103,1610612737,Regular Season,2985.0,,,221,15
22000897,2021-04-22 21:30:00+00:00,Dallas,Mavericks,1610612742,Los Angeles,Lakers,1610612747,115,110,1610612742,Regular Season,4443.0,,,225,5
22000896,2021-04-22 21:00:00+00:00,Chicago,Bulls,1610612741,Charlotte,Hornets,1610612766,108,91,1610612741,Regular Season,18024.0,,,199,17
22000895,2021-04-22 20:30:00+00:00,San Antonio,Spurs,1610612759,Detroit,Pistons,1610612765,106,91,1610612759,Regular Season,3334.0,,,197,15
22000893,2021-04-22 19:00:00+00:00,Orlando,Magic,1610612753,New Orleans,Pelicans,1610612740,100,135,1610612740,Regular Season,3411.0,,,235,35
22000892,2021-04-22 19:00:00+00:00,Boston,Celtics,1610612738,Phoenix,Suns,1610612756,99,86,1610612738,Regular Season,2298.0,,,185,13
22000894,2021-04-22 19:00:00+00:00,Milwaukee,Bucks,1610612749,Philadelphia,76ers,1610612755,124,117,1610612749,Regular Season,3280.0,,,241,7
22000891,2021-04-21 22:00:00+00:00,Sacramento,Kings,1610612758,Minnesota,Timberwolves,1610612750,128,125,1610612758,Regular Season,18024.0,,,253,3
22000889,2021-04-21 22:00:00+00:00,Los Angeles,Clippers,1610612746,Memphis,Grizzlies,1610612763,117,105,1610612746,Regular Season,1782.0,,,222,12
22000890,2021-04-21 22:00:00+00:00,Portland,Trail Blazers,1610612757,Denver,Nuggets,1610612743,105,106,1610612743,Regular Season,18024.0,,,211,1
22000442,2021-04-21 20:30:00+00:00,Dallas,Mavericks,1610612742,Detroit,Pistons,1610612765,127,117,1610612742,Regular Season,4043.0,,,244,10
22000888,2021-04-21 20:30:00+00:00,San Antonio,Spurs,1610612759,Miami,Heat,1610612748,87,107,1610612748,Regular Season,4229.0,,,194,20
22000887,2021-04-21 20:00:00+00:00,Houston,Rockets,1610612745,Utah,Jazz,1610612762,89,112,1610612762,Regular Season,3253.0,,,201,23
22000886,2021-04-21 20:00:00+00:00,New York,Knicks,1610612752,Atlanta,Hawks,1610612737,137,127,1610612752,Regular Season,1981.0,,,264,10
22000881,2021-04-21 19:00:00+00:00,Cleveland,Cavaliers,1610612739,Chicago,Bulls,1610612741,121,105,1610612739,Regular Season,18024.0,,,226,16
22000884,2021-04-21 19:00:00+00:00,Toronto,Raptors,1610612761,Brooklyn,Nets,1610612751,114,103,1610612761,Regular Season,18024.0,,,217,11
22000885,2021-04-21 19:00:00+00:00,Washington,Wizards,1610612764,Golden State,Warriors,1610612744,118,114,1610612764,Regular Season,2133.0,,,232,4
22000882,2021-04-21 19:00:00+00:00,Indiana,Pacers,1610612754,Oklahoma City,Thunder,1610612760,122,116,1610612754,Regular Season,18024.0,,,238,6
22000883,2021-04-21 19:00:00+00:00,Philadelphia,76ers,1610612755,Phoenix,Suns,1610612756,113,116,1610612756,Regular Season,4094.0,,,229,3
22000880,2021-04-20 22:00:00+00:00,Sacramento,Kings,1610612758,Minnesota,Timberwolves,1610612750,120,134,1610612750,Regular Season,18024.0,,,254,14
22000879,2021-04-20 22:00:00+00:00,Portland,Trail Blazers,1610612757,Los Angeles,Clippers,1610612746,112,113,1610612746,Regular Season,18024.0,,,225,1
22000877,2021-04-20 19:30:00+00:00,New York,Knicks,1610612752,Charlotte,Hornets,1610612766,109,97,1610612752,Regular Season,1753.0,,,206,12
22000878,2021-04-20 19:30:00+00:00,New Orleans,Pelicans,1610612740,Brooklyn,Nets,1610612751,129,134,1610612751,Regular Season,3700.0,,,263,5
22000876,2021-04-20 19:30:00+00:00,Atlanta,Hawks,1610612737,Orlando,Magic,1610612753,112,96,1610612737,Regular Season,2219.0,,,208,16
22000875,2021-04-19 22:00:00+00:00,Los Angeles,Lakers,1610612747,Utah,Jazz,1610612762,97,111,1610612762,Regular Season,1709.0,,,208,14
22000874,2021-04-19 21:00:00+00:00,Denver,Nuggets,1610612743,Memphis,Grizzlies,1610612763,139,137,1610612743,Regular Season,4005.0,,,276,2
22000872,2021-04-19 20:00:00+00:00,Washington,Wizards,1610612764,Oklahoma City,Thunder,1610612760,119,107,1610612764,Regular Season,18024.0,,,226,12
22000873,2021-04-19 20:00:00+00:00,Milwaukee,Bucks,1610612749,Phoenix,Suns,1610612756,127,128,1610612756,Regular Season,3280.0,,,255,1
22000871,2021-04-19 20:00:00+00:00,Miami,Heat,1610612748,Houston,Rockets,1610612745,113,91,1610612748,Regular Season,18024.0,,,204,22
22000473,2021-04-19 20:00:00+00:00,Indiana,Pacers,1610612754,San Antonio,Spurs,1610612759,94,109,1610612759,Regular Season,18024.0,,,203,15
22000870,2021-04-19 19:30:00+00:00,Philadelphia,76ers,1610612755,Golden State,Warriors,1610612744,96,107,1610612744,Regular Season,4094.0,,,203,11
22000869,2021-04-19 19:30:00+00:00,Boston,Celtics,1610612738,Chicago,Bulls,1610612741,96,102,1610612741,Regular Season,18024.0,,,198,6
22000868,2021-04-19 19:00:00+00:00,Detroit,Pistons,1610612765,Cleveland,Cavaliers,1610612739,109,105,1610612765,Regular Season,750.0,,,214,4
22000867,2021-04-18 22:00:00+00:00,Los Angeles,Clippers,1610612746,Minnesota,Timberwolves,1610612750,124,105,1610612746,Regular Season,1734.0,,,229,19
22000866,2021-04-18 19:30:00+00:00,Dallas,Mavericks,1610612742,Sacramento,Kings,1610612758,107,121,1610612758,Regular Season,4193.0,,,228,14
22000865,2021-04-18 19:00:00+00:00,Toronto,Raptors,1610612761,Oklahoma City,Thunder,1610612760,112,106,1610612761,Regular Season,18024.0,,,218,6
22000864,2021-04-18 19:00:00+00:00,Orlando,Magic,1610612753,Houston,Rockets,1610612745,110,114,1610612745,Regular Season,3772.0,,,224,4
22000362,2021-04-18 19:00:00+00:00,Charlotte,Hornets,1610612766,Portland,Trail Blazers,1610612757,109,101,1610612766,Regular Season,3880.0,,,210,8
22000863,2021-04-18 15:30:00+00:00,Miami,Heat,1610612748,Brooklyn,Nets,1610612751,109,107,1610612748,Regular Season,18024.0,,,216,2
22000862,2021-04-18 13:00:00+00:00,New York,Knicks,1610612752,New Orleans,Pelicans,1610612740,122,112,1610612752,Regular Season,1981.0,,,234,10
22000861,2021-04-18 13:00:00+00:00,Atlanta,Hawks,1610612737,Indiana,Pacers,1610612754,129,117,1610612737,Regular Season,18024.0,,,246,12
22000860,2021-04-17 22:00:00+00:00,Phoenix,Suns,1610612756,San Antonio,Spurs,1610612759,85,111,1610612759,Regular Season,5078.0,,,196,26
22000859,2021-04-17 21:00:00+00:00,Milwaukee,Bucks,1610612749,Memphis,Grizzlies,1610612763,115,128,1610612763,Regular Season,3280.0,,,243,13
22000858,2021-04-17 20:30:00+00:00,Boston,Celtics,1610612738,Golden State,Warriors,1610612744,119,114,1610612738,Regular Season,2298.0,,,233,5
22000856,2021-04-17 20:00:00+00:00,Washington,Wizards,1610612764,Detroit,Pistons,1610612765,121,100,1610612764,Regular Season,18024.0,,,221,21
22000857,2021-04-17 20:00:00+00:00,Chicago,Bulls,1610612741,Cleveland,Cavaliers,1610612739,106,96,1610612741,Regular Season,18024.0,,,202,10
22000855,2021-04-17 16:30:00+00:00,Los Angeles,Lakers,1610612747,Utah,Jazz,1610612762,127,115,1610612747,Regular Season,1710.0,,,242,12
22000854,2021-04-16 21:30:00+00:00,Dallas,Mavericks,1610612742,New York,Knicks,1610612752,109,117,1610612752,Regular Season,4246.0,,,226,8
22000853,2021-04-16 20:30:00+00:00,San Antonio,Spurs,1610612759,Portland,Trail Blazers,1610612757,106,107,1610612757,Regular Season,4303.0,,,213,1
22000851,2021-04-16 20:00:00+00:00,Houston,Rockets,1610612745,Denver,Nuggets,1610612743,99,128,1610612743,Regular Season,3342.0,,,227,29
22000852,2021-04-16 20:00:00+00:00,Minnesota,Timberwolves,1610612750,Miami,Heat,1610612748,119,111,1610612750,Regular Season,1638.0,,,230,8
22000850,2021-04-16 20:00:00+00:00,Chicago,Bulls,1610612741,Memphis,Grizzlies,1610612763,115,126,1610612763,Regular Season,18024.0,,,241,11
22000848,2021-04-16 19:30:00+00:00,Brooklyn,Nets,1610612751,Charlotte,Hornets,1610612766,130,115,1610612751,Regular Season,1773.0,,,245,15
22000849,2021-04-16 19:30:00+00:00,Toronto,Raptors,1610612761,Orlando,Magic,1610612753,113,102,1610612761,Regular Season,18024.0,,,215,11
22000847,2021-04-16 19:00:00+00:00,Washington,Wizards,1610612764,New Orleans,Pelicans,1610612740,117,115,1610612764,Regular Season,18024.0,,,232,2
22000845,2021-04-16 19:00:00+00:00,Detroit,Pistons,1610612765,Oklahoma City,Thunder,1610612760,110,104,1610612765,Regular Season,750.0,,,214,6
22000846,2021-04-16 19:00:00+00:00,Philadelphia,76ers,1610612755,Los Angeles,Clippers,1610612746,106,103,1610612755,Regular Season,4094.0,,,209,3
22000844,2021-04-16 15:00:00+00:00,Utah,Jazz,1610612762,Indiana,Pacers,1610612754,119,111,1610612762,Regular Season,5546.0,,,230,8
22000843,2021-04-15 22:00:00+00:00,Phoenix,Suns,1610612756,Sacramento,Kings,1610612758,122,114,1610612756,Regular Season,4568.0,,,236,8
22000842,2021-04-15 22:00:00+00:00,Los Angeles,Lakers,1610612747,Boston,Celtics,1610612738,113,121,1610612738,Regular Season,1915.0,,,234,8
22000841,2021-04-15 20:00:00+00:00,Cleveland,Cavaliers,1610612739,Golden State,Warriors,1610612744,101,119,1610612744,Regular Season,4148.0,,,220,18
22000840,2021-04-15 19:30:00+00:00,Atlanta,Hawks,1610612737,Milwaukee,Bucks,1610612749,109,120,1610612749,Regular Season,18024.0,,,229,11
22000838,2021-04-14 22:00:00+00:00,Denver,Nuggets,1610612743,Miami,Heat,1610612748,123,106,1610612743,Regular Season,4017.0,,,229,17
22000839,2021-04-14 22:00:00+00:00,Sacramento,Kings,1610612758,Washington,Wizards,1610612764,111,123,1610612764,Regular Season,18024.0,,,234,12
22000837,2021-04-14 21:30:00+00:00,Memphis,Grizzlies,1610612763,Dallas,Mavericks,1610612742,113,114,1610612742,Regular Season,2141.0,,,227,1
22000461,2021-04-14 21:00:00+00:00,Houston,Rockets,1610612745,Indiana,Pacers,1610612754,124,132,1610612754,Regular Season,3293.0,,,256,8
22000836,2021-04-14 21:00:00+00:00,Oklahoma City,Thunder,1610612760,Golden State,Warriors,1610612744,109,147,1610612744,Regular Season,18024.0,,,256,38
22000835,2021-04-14 20:00:00+00:00,New Orleans,Pelicans,1610612740,New York,Knicks,1610612752,106,116,1610612752,Regular Season,3700.0,,,222,10
22000833,2021-04-14 20:00:00+00:00,Chicago,Bulls,1610612741,Orlando,Magic,1610612753,106,115,1610612753,Regular Season,18024.0,,,221,9
22000832,2021-04-14 20:00:00+00:00,Detroit,Pistons,1610612765,Los Angeles,Clippers,1610612746,98,100,1610612746,Regular Season,750.0,,,198,2
22000831,2021-04-14 19:30:00+00:00,Toronto,Raptors,1610612761,San Antonio,Spurs,1610612759,117,112,1610612761,Regular Season,1184.0,,,229,5
22000829,2021-04-14 19:00:00+00:00,Charlotte,Hornets,1610612766,Cleveland,Cavaliers,1610612739,90,103,1610612739,Regular Season,2955.0,,,193,13
22000830,2021-04-14 19:00:00+00:00,Philadelphia,76ers,1610612755,Brooklyn,Nets,1610612751,123,117,1610612755,Regular Season,4094.0,,,240,6
22000834,2021-04-14 16:30:00+00:00,Minnesota,Timberwolves,1610612750,Milwaukee,Bucks,1610612749,105,130,1610612749,Regular Season,18024.0,,,235,25
22000827,2021-04-13 22:00:00+00:00,Phoenix,Suns,1610612756,Miami,Heat,1610612748,106,86,1610612756,Regular Season,5024.0,,,192,20
22000828,2021-04-13 22:00:00+00:00,Portland,Trail Blazers,1610612757,Boston,Celtics,1610612738,115,116,1610612738,Regular Season,18024.0,,,231,1
22000826,2021-04-13 21:00:00+00:00,Utah,Jazz,1610612762,Oklahoma City,Thunder,1610612760,106,96,1610612762,Regular Season,5546.0,,,202,10
22000825,2021-04-13 20:00:00+00:00,Charlotte,Hornets,1610612766,Los Angeles,Lakers,1610612747,93,101,1610612747,Regular Season,3676.0,,,194,8
22000823,2021-04-13 19:30:00+00:00,Indiana,Pacers,1610612754,Los Angeles,Clippers,1610612746,115,126,1610612746,Regular Season,18024.0,,,241,11
22000824,2021-04-13 19:30:00+00:00,Toronto,Raptors,1610612761,Atlanta,Hawks,1610612737,103,108,1610612737,Regular Season,1427.0,,,211,5
22000817,2021-04-13 16:00:00+00:00,Minnesota,Timberwolves,1610612750,Brooklyn,Nets,1610612751,97,127,1610612751,Regular Season,18024.0,,,224,30
22000822,2021-04-12 22:00:00+00:00,Phoenix,Suns,1610612756,Houston,Rockets,1610612745,126,120,1610612756,Regular Season,4145.0,,,246,6
22000821,2021-04-12 22:00:00+00:00,Golden State,Warriors,1610612744,Denver,Nuggets,1610612743,116,107,1610612744,Regular Season,18024.0,,,223,9
22000819,2021-04-12 21:00:00+00:00,New Orleans,Pelicans,1610612740,Sacramento,Kings,1610612758,117,110,1610612740,Regular Season,3700.0,,,227,7
22000278,2021-04-12 21:00:00+00:00,Memphis,Grizzlies,1610612763,Chicago,Bulls,1610612741,101,90,1610612763,Regular Season,2194.0,,,191,11
22000820,2021-04-12 21:00:00+00:00,Utah,Jazz,1610612762,Washington,Wizards,1610612764,121,125,1610612764,Regular Season,5546.0,,,246,4
22000816,2021-04-12 20:00:00+00:00,Orlando,Magic,1610612753,San Antonio,Spurs,1610612759,97,120,1610612759,Regular Season,3107.0,,,217,23
22000815,2021-04-12 19:30:00+00:00,New York,Knicks,1610612752,Los Angeles,Lakers,1610612747,111,96,1610612752,Regular Season,1981.0,,,207,15
22000818,2021-04-12 19:30:00+00:00,Dallas,Mavericks,1610612742,Philadelphia,76ers,1610612755,95,113,1610612755,Regular Season,4016.0,,,208,18
22000813,2021-04-11 22:00:00+00:00,Los Angeles,Clippers,1610612746,Detroit,Pistons,1610612765,131,124,1610612746,Regular Season,18024.0,,,255,7
22000814,2021-04-11 22:00:00+00:00,Portland,Trail Blazers,1610612757,Miami,Heat,1610612748,98,107,1610612748,Regular Season,18024.0,,,205,9
22000811,2021-04-11 20:00:00+00:00,Memphis,Grizzlies,1610612763,Indiana,Pacers,1610612754,125,132,1610612754,Regular Season,2341.0,,,257,7
22000809,2021-04-11 20:00:00+00:00,New York,Knicks,1610612752,Toronto,Raptors,1610612761,102,96,1610612752,Regular Season,1833.0,,,198,6
22000810,2021-04-11 20:00:00+00:00,Dallas,Mavericks,1610612742,San Antonio,Spurs,1610612759,117,119,1610612759,Regular Season,4054.0,,,236,2
22000812,2021-04-11 20:00:00+00:00,Minnesota,Timberwolves,1610612750,Chicago,Bulls,1610612741,121,117,1610612750,Regular Season,1436.0,,,238,4
22000808,2021-04-11 19:00:00+00:00,Orlando,Magic,1610612753,Milwaukee,Bucks,1610612749,87,124,1610612749,Regular Season,3316.0,,,211,37
22000807,2021-04-11 19:00:00+00:00,Cleveland,Cavaliers,1610612739,New Orleans,Pelicans,1610612740,109,116,1610612740,Regular Season,4148.0,,,225,7
22000806,2021-04-11 15:00:00+00:00,Denver,Nuggets,1610612743,Boston,Celtics,1610612738,87,105,1610612738,Regular Season,4032.0,,,192,18
22000805,2021-04-11 13:00:00+00:00,Charlotte,Hornets,1610612766,Atlanta,Hawks,1610612737,101,105,1610612737,Regular Season,4148.0,,,206,4
22000804,2021-04-10 22:00:00+00:00,Portland,Trail Blazers,1610612757,Detroit,Pistons,1610612765,118,103,1610612757,Regular Season,18024.0,,,221,15
22000802,2021-04-10 22:00:00+00:00,Golden State,Warriors,1610612744,Houston,Rockets,1610612745,125,109,1610612744,Regular Season,18024.0,,,234,16
22000803,2021-04-10 22:00:00+00:00,Phoenix,Suns,1610612756,Washington,Wizards,1610612764,134,106,1610612756,Regular Season,5028.0,,,240,28
22000199,2021-04-10 21:00:00+00:00,Oklahoma City,Thunder,1610612760,Philadelphia,76ers,1610612755,93,117,1610612755,Regular Season,18024.0,,,210,24
22000801,2021-04-10 21:00:00+00:00,Utah,Jazz,1610612762,Sacramento,Kings,1610612758,128,112,1610612762,Regular Season,5546.0,,,240,16
22000800,2021-04-10 20:30:00+00:00,Brooklyn,Nets,1610612751,Los Angeles,Lakers,1610612747,101,126,1610612747,Regular Season,1773.0,,,227,25
22000794,2021-04-10 19:30:00+00:00,Cleveland,Cavaliers,1610612739,Toronto,Raptors,1610612761,115,135,1610612761,Regular Season,4148.0,,,250,20
22000799,2021-04-09 22:00:00+00:00,Los Angeles,Clippers,1610612746,Houston,Rockets,1610612745,126,109,1610612746,Regular Season,18024.0,,,235,17
22000798,2021-04-09 22:00:00+00:00,Golden State,Warriors,1610612744,Washington,Wizards,1610612764,107,110,1610612764,Regular Season,18024.0,,,217,3
22000797,2021-04-09 21:00:00+00:00,Denver,Nuggets,1610612743,San Antonio,Spurs,1610612759,121,119,1610612743,Regular Season,3750.0,,,240,2
22000796,2021-04-09 21:00:00+00:00,Milwaukee,Bucks,1610612749,Charlotte,Hornets,1610612766,119,127,1610612766,Regular Season,3280.0,,,246,8
22000795,2021-04-09 20:00:00+00:00,New Orleans,Pelicans,1610612740,Philadelphia,76ers,1610612755,101,94,1610612740,Regular Season,3700.0,,,195,7
22000791,2021-04-09 20:00:00+00:00,Atlanta,Hawks,1610612737,Chicago,Bulls,1610612741,120,108,1610612737,Regular Season,996.0,,,228,12
22000792,2021-04-09 19:30:00+00:00,Boston,Celtics,1610612738,Minnesota,Timberwolves,1610612750,145,136,1610612738,Regular Season,2298.0,,,281,9
22000793,2021-04-09 19:30:00+00:00,New York,Knicks,1610612752,Memphis,Grizzlies,1610612763,133,129,1610612752,Regular Season,1912.0,,,262,4
22000790,2021-04-09 19:00:00+00:00,Orlando,Magic,1610612753,Indiana,Pacers,1610612754,106,111,1610612754,Regular Season,3777.0,,,217,5
22000787,2021-04-08 22:00:00+00:00,Utah,Jazz,1610612762,Portland,Trail Blazers,1610612757,122,103,1610612762,Regular Season,5546.0,,,225,19
22000789,2021-04-08 22:00:00+00:00,Sacramento,Kings,1610612758,Detroit,Pistons,1610612765,101,113,1610612765,Regular Season,18024.0,,,214,12
22000788,2021-04-08 22:00:00+00:00,Los Angeles,Clippers,1610612746,Phoenix,Suns,1610612756,113,103,1610612746,Regular Season,18024.0,,,216,10
22000786,2021-04-08 21:00:00+00:00,Dallas,Mavericks,1610612742,Milwaukee,Bucks,1610612749,116,101,1610612742,Regular Season,4190.0,,,217,15
22000785,2021-04-08 20:00:00+00:00,Oklahoma City,Thunder,1610612760,Cleveland,Cavaliers,1610612739,102,129,1610612739,Regular Season,18024.0,,,231,27
22000523,2021-04-08 19:30:00+00:00,Toronto,Raptors,1610612761,Chicago,Bulls,1610612741,113,122,1610612741,Regular Season,18024.0,,,235,9
22000784,2021-04-08 19:30:00+00:00,Miami,Heat,1610612748,Los Angeles,Lakers,1610612747,110,104,1610612748,Regular Season,18024.0,,,214,6
22000783,2021-04-07 22:00:00+00:00,Phoenix,Suns,1610612756,Utah,Jazz,1610612762,117,113,1610612756,Regular Season,5110.0,,,230,4
22000782,2021-04-07 21:00:00+00:00,Denver,Nuggets,1610612743,San Antonio,Spurs,1610612759,106,96,1610612743,Regular Season,3715.0,,,202,10
22000781,2021-04-07 20:00:00+00:00,Oklahoma City,Thunder,1610612760,Charlotte,Hornets,1610612766,102,113,1610612766,Regular Season,18024.0,,,215,11
22000456,2021-04-07 20:00:00+00:00,Houston,Rockets,1610612745,Dallas,Mavericks,1610612742,102,93,1610612745,Regular Season,3399.0,,,195,9
22000780,2021-04-07 20:00:00+00:00,Atlanta,Hawks,1610612737,Memphis,Grizzlies,1610612763,113,131,1610612763,Regular Season,2774.0,,,244,18
22000778,2021-04-07 19:30:00+00:00,Boston,Celtics,1610612738,New York,Knicks,1610612752,101,99,1610612738,Regular Season,2298.0,,,200,2
22000779,2021-04-07 19:30:00+00:00,Brooklyn,Nets,1610612751,New Orleans,Pelicans,1610612740,139,111,1610612751,Regular Season,1773.0,,,250,28
22000776,2021-04-07 19:00:00+00:00,Indiana,Pacers,1610612754,Minnesota,Timberwolves,1610612750,141,137,1610612754,Regular Season,18024.0,,,278,4
22000777,2021-04-07 19:00:00+00:00,Orlando,Magic,1610612753,Washington,Wizards,1610612764,116,131,1610612764,Regular Season,3991.0,,,247,15
22000775,2021-04-06 22:00:00+00:00,Los Angeles,Clippers,1610612746,Portland,Trail Blazers,1610612757,133,116,1610612746,Regular Season,18024.0,,,249,17
22000774,2021-04-06 22:00:00+00:00,Golden State,Warriors,1610612744,Milwaukee,Bucks,1610612749,122,121,1610612744,Regular Season,18024.0,,,243,1
22000321,2021-04-06 21:00:00+00:00,Denver,Nuggets,1610612743,Detroit,Pistons,1610612765,134,119,1610612743,Regular Season,3556.0,,,253,15
22000773,2021-04-06 20:00:00+00:00,Miami,Heat,1610612748,Memphis,Grizzlies,1610612763,112,124,1610612763,Regular Season,18024.0,,,236,12
22000771,2021-04-06 19:30:00+00:00,Boston,Celtics,1610612738,Philadelphia,76ers,1610612755,96,106,1610612755,Regular Season,2298.0,,,202,10
22000770,2021-04-06 19:30:00+00:00,Atlanta,Hawks,1610612737,New Orleans,Pelicans,1610612740,123,107,1610612737,Regular Season,2816.0,,,230,16
22000772,2021-04-06 19:30:00+00:00,Toronto,Raptors,1610612761,Los Angeles,Lakers,1610612747,101,110,1610612747,Regular Season,18024.0,,,211,9
22000769,2021-04-06 19:00:00+00:00,Indiana,Pacers,1610612754,Chicago,Bulls,1610612741,97,113,1610612741,Regular Season,18024.0,,,210,16
22000768,2021-04-05 20:00:00+00:00,Houston,Rockets,1610612745,Phoenix,Suns,1610612756,130,133,1610612756,Regular Season,3093.0,,,263,3
22000764,2021-04-05 19:00:00+00:00,Dallas,Mavericks,1610612742,Utah,Jazz,1610612762,111,103,1610612742,Regular Season,4261.0,,,214,8
22000765,2021-04-05 19:00:00+00:00,Minnesota,Timberwolves,1610612750,Sacramento,Kings,1610612758,116,106,1610612750,Regular Season,1436.0,,,222,10
22000763,2021-04-05 19:00:00+00:00,Toronto,Raptors,1610612761,Washington,Wizards,1610612764,103,101,1610612761,Regular Season,1620.0,,,204,2
22000767,2021-04-05 19:00:00+00:00,San Antonio,Spurs,1610612759,Cleveland,Cavaliers,1610612739,101,125,1610612739,Regular Season,2482.0,,,226,24
22000762,2021-04-05 19:00:00+00:00,Brooklyn,Nets,1610612751,New York,Knicks,1610612752,114,112,1610612751,Regular Season,1773.0,,,226,2
22000766,2021-04-05 19:00:00+00:00,Oklahoma City,Thunder,1610612760,Detroit,Pistons,1610612765,108,132,1610612765,Regular Season,18024.0,,,240,24
22000761,2021-04-04 22:00:00+00:00,Denver,Nuggets,1610612743,Orlando,Magic,1610612753,119,109,1610612743,Regular Season,3927.0,,,228,10
22000760,2021-04-04 20:00:00+00:00,Houston,Rockets,1610612745,New Orleans,Pelicans,1610612740,115,122,1610612740,Regular Season,3268.0,,,237,7
22000759,2021-04-04 19:30:00+00:00,Atlanta,Hawks,1610612737,Golden State,Warriors,1610612744,117,111,1610612737,Regular Season,2937.0,,,228,6
22000758,2021-04-04 19:00:00+00:00,Philadelphia,76ers,1610612755,Memphis,Grizzlies,1610612763,100,116,1610612763,Regular Season,4094.0,,,216,16
22000757,2021-04-04 18:00:00+00:00,Boston,Celtics,1610612738,Charlotte,Hornets,1610612766,116,86,1610612738,Regular Season,18024.0,,,202,30
22000756,2021-04-04 15:30:00+00:00,Los Angeles,Clippers,1610612746,Los Angeles,Lakers,1610612747,104,86,1610612746,Regular Season,18024.0,,,190,18
22000755,2021-04-04 14:00:00+00:00,Chicago,Bulls,1610612741,Brooklyn,Nets,1610612751,115,107,1610612741,Regular Season,18024.0,,,222,8
22000753,2021-04-03 22:00:00+00:00,Portland,Trail Blazers,1610612757,Oklahoma City,Thunder,1610612760,133,85,1610612757,Regular Season,18024.0,,,218,48
22000754,2021-04-03 22:00:00+00:00,Sacramento,Kings,1610612758,Milwaukee,Bucks,1610612749,128,129,1610612749,Regular Season,18024.0,,,257,1
22000751,2021-04-03 21:00:00+00:00,San Antonio,Spurs,1610612759,Indiana,Pacers,1610612754,133,139,1610612754,Regular Season,3276.0,,,272,6
22000752,2021-04-03 21:00:00+00:00,Utah,Jazz,1610612762,Orlando,Magic,1610612753,137,91,1610612762,Regular Season,5546.0,,,228,46
22000750,2021-04-03 20:00:00+00:00,Philadelphia,76ers,1610612755,Minnesota,Timberwolves,1610612750,122,113,1610612755,Regular Season,3071.0,,,235,9
22000748,2021-04-03 20:00:00+00:00,Detroit,Pistons,1610612765,New York,Knicks,1610612752,81,125,1610612752,Regular Season,750.0,,,206,44
22000749,2021-04-03 20:00:00+00:00,Miami,Heat,1610612748,Cleveland,Cavaliers,1610612739,115,101,1610612748,Regular Season,18024.0,,,216,14
22000747,2021-04-03 19:00:00+00:00,Washington,Wizards,1610612764,Dallas,Mavericks,1610612742,87,109,1610612742,Regular Season,18024.0,,,196,22
22000745,2021-04-02 22:00:00+00:00,Portland,Trail Blazers,1610612757,Milwaukee,Bucks,1610612749,109,127,1610612749,Regular Season,18024.0,,,236,18
22000746,2021-04-02 22:00:00+00:00,Sacramento,Kings,1610612758,Los Angeles,Lakers,1610612747,94,115,1610612747,Regular Season,18024.0,,,209,21
22000744,2021-04-02 22:00:00+00:00,Phoenix,Suns,1610612756,Oklahoma City,Thunder,1610612760,140,103,1610612756,Regular Season,3422.0,,,243,37
22000743,2021-04-02 21:00:00+00:00,Utah,Jazz,1610612762,Chicago,Bulls,1610612741,113,106,1610612762,Regular Season,5546.0,,,219,7
22000742,2021-04-02 21:00:00+00:00,New Orleans,Pelicans,1610612740,Atlanta,Hawks,1610612737,103,126,1610612737,Regular Season,3700.0,,,229,23
22000741,2021-04-02 20:00:00+00:00,Memphis,Grizzlies,1610612763,Minnesota,Timberwolves,1610612750,120,108,1610612763,Regular Season,2987.0,,,228,12
22000740,2021-04-02 20:00:00+00:00,Indiana,Pacers,1610612754,Charlotte,Hornets,1610612766,97,114,1610612766,Regular Season,18024.0,,,211,17
22000738,2021-04-02 19:30:00+00:00,Boston,Celtics,1610612738,Houston,Rockets,1610612745,118,102,1610612738,Regular Season,18024.0,,,220,16
22000739,2021-04-02 19:30:00+00:00,New York,Knicks,1610612752,Dallas,Mavericks,1610612742,86,99,1610612742,Regular Season,1981.0,,,185,13
22000737,2021-04-02 19:00:00+00:00,Toronto,Raptors,1610612761,Golden State,Warriors,1610612744,130,77,1610612761,Regular Season,3085.0,,,207,53
22000736,2021-04-01 22:00:00+00:00,Los Angeles,Clippers,1610612746,Denver,Nuggets,1610612743,94,101,1610612743,Regular Season,18024.0,,,195,7
22000735,2021-04-01 20:30:00+00:00,San Antonio,Spurs,1610612759,Atlanta,Hawks,1610612737,129,134,1610612737,Regular Season,2949.0,,,263,5
22000733,2021-04-01 20:00:00+00:00,Miami,Heat,1610612748,Golden State,Warriors,1610612744,116,109,1610612748,Regular Season,18024.0,,,225,7
22000734,2021-04-01 20:00:00+00:00,New Orleans,Pelicans,1610612740,Orlando,Magic,1610612753,110,115,1610612753,Regular Season,3700.0,,,225,5
22000732,2021-04-01 19:30:00+00:00,Brooklyn,Nets,1610612751,Charlotte,Hornets,1610612766,111,89,1610612751,Regular Season,1773.0,,,200,22
22000179,2021-04-01 19:00:00+00:00,Detroit,Pistons,1610612765,Washington,Wizards,1610612764,120,91,1610612765,Regular Season,750.0,,,211,29
22000731,2021-04-01 19:00:00+00:00,Cleveland,Cavaliers,1610612739,Philadelphia,76ers,1610612755,94,114,1610612755,Regular Season,4100.0,,,208,20
22000729,2021-03-31 22:00:00+00:00,Los Angeles,Lakers,1610612747,Milwaukee,Bucks,1610612749,97,112,1610612749,Regular Season,18024.0,,,209,15
22000730,2021-03-31 22:00:00+00:00,Phoenix,Suns,1610612756,Chicago,Bulls,1610612741,121,116,1610612756,Regular Season,3459.0,,,237,5
22000728,2021-03-31 20:30:00+00:00,San Antonio,Spurs,1610612759,Sacramento,Kings,1610612758,120,106,1610612759,Regular Season,2802.0,,,226,14
22000727,2021-03-31 20:00:00+00:00,Oklahoma City,Thunder,1610612760,Toronto,Raptors,1610612761,113,103,1610612760,Regular Season,18024.0,,,216,10
22000726,2021-03-31 20:00:00+00:00,Minnesota,Timberwolves,1610612750,New York,Knicks,1610612752,102,101,1610612750,Regular Season,18024.0,,,203,1
22000725,2021-03-31 20:00:00+00:00,Memphis,Grizzlies,1610612763,Utah,Jazz,1610612762,107,111,1610612762,Regular Season,2314.0,,,218,4
22000723,2021-03-31 19:30:00+00:00,Boston,Celtics,1610612738,Dallas,Mavericks,1610612742,108,113,1610612742,Regular Season,2298.0,,,221,5
22000724,2021-03-31 19:30:00+00:00,Brooklyn,Nets,1610612751,Houston,Rockets,1610612745,120,108,1610612751,Regular Season,1773.0,,,228,12
22000721,2021-03-31 19:00:00+00:00,Detroit,Pistons,1610612765,Portland,Trail Blazers,1610612757,101,124,1610612757,Regular Season,750.0,,,225,23
22000722,2021-03-31 19:00:00+00:00,Indiana,Pacers,1610612754,Miami,Heat,1610612748,87,92,1610612748,Regular Season,18024.0,,,179,5
22000171,2021-03-30 22:00:00+00:00,Phoenix,Suns,1610612756,Atlanta,Hawks,1610612737,117,110,1610612756,Regular Season,3173.0,,,227,7
22000720,2021-03-30 22:00:00+00:00,Los Angeles,Clippers,1610612746,Orlando,Magic,1610612753,96,103,1610612753,Regular Season,18024.0,,,199,7
22000719,2021-03-30 21:00:00+00:00,Denver,Nuggets,1610612743,Philadelphia,76ers,1610612755,104,95,1610612743,Regular Season,3574.0,,,199,9
22000718,2021-03-30 19:00:00+00:00,Washington,Wizards,1610612764,Charlotte,Hornets,1610612766,104,114,1610612766,Regular Season,18024.0,,,218,10
22000716,2021-03-29 22:00:00+00:00,Golden State,Warriors,1610612744,Chicago,Bulls,1610612741,116,102,1610612744,Regular Season,18024.0,,,218,14
22000717,2021-03-29 22:00:00+00:00,Los Angeles,Clippers,1610612746,Milwaukee,Bucks,1610612749,129,105,1610612746,Regular Season,18024.0,,,234,24
22000715,2021-03-29 21:00:00+00:00,Utah,Jazz,1610612762,Cleveland,Cavaliers,1610612739,114,75,1610612762,Regular Season,5546.0,,,189,39
22000714,2021-03-29 20:30:00+00:00,San Antonio,Spurs,1610612759,Sacramento,Kings,1610612758,115,132,1610612758,Regular Season,2876.0,,,247,17
22000713,2021-03-29 20:00:00+00:00,Oklahoma City,Thunder,1610612760,Dallas,Mavericks,1610612742,106,127,1610612742,Regular Season,18024.0,,,233,21
22000711,2021-03-29 20:00:00+00:00,Detroit,Pistons,1610612765,Toronto,Raptors,1610612761,118,104,1610612765,Regular Season,750.0,,,222,14
22000712,2021-03-29 20:00:00+00:00,Houston,Rockets,1610612745,Memphis,Grizzlies,1610612763,110,120,1610612763,Regular Season,3319.0,,,230,10
22000708,2021-03-29 19:30:00+00:00,Boston,Celtics,1610612738,New Orleans,Pelicans,1610612740,109,115,1610612740,Regular Season,2298.0,,,224,6
22000709,2021-03-29 19:30:00+00:00,Brooklyn,Nets,1610612751,Minnesota,Timberwolves,1610612750,112,107,1610612751,Regular Season,1732.0,,,219,5
22000710,2021-03-29 19:30:00+00:00,New York,Knicks,1610612752,Miami,Heat,1610612748,88,98,1610612748,Regular Season,1981.0,,,186,10
22000707,2021-03-29 19:00:00+00:00,Washington,Wizards,1610612764,Indiana,Pacers,1610612754,132,124,1610612764,Regular Season,18024.0,,,256,8
22000706,2021-03-28 22:00:00+00:00,Los Angeles,Lakers,1610612747,Orlando,Magic,1610612753,96,93,1610612747,Regular Season,18024.0,,,189,3
22000705,2021-03-28 21:00:00+00:00,Denver,Nuggets,1610612743,Atlanta,Hawks,1610612737,126,102,1610612743,Regular Season,18024.0,,,228,24
22000704,2021-03-28 19:00:00+00:00,Toronto,Raptors,1610612761,Portland,Trail Blazers,1610612757,117,122,1610612757,Regular Season,2021.0,,,239,5
22000703,2021-03-28 13:00:00+00:00,Charlotte,Hornets,1610612766,Phoenix,Suns,1610612756,97,101,1610612756,Regular Season,3850.0,,,198,4
22000702,2021-03-27 22:00:00+00:00,Sacramento,Kings,1610612758,Cleveland,Cavaliers,1610612739,100,98,1610612758,Regular Season,18024.0,,,198,2
22000701,2021-03-27 22:00:00+00:00,Los Angeles,Clippers,1610612746,Philadelphia,76ers,1610612755,122,112,1610612746,Regular Season,18024.0,,,234,10
22000700,2021-03-27 21:00:00+00:00,Utah,Jazz,1610612762,Memphis,Grizzlies,1610612763,126,110,1610612762,Regular Season,5546.0,,,236,16
22000698,2021-03-27 21:00:00+00:00,New Orleans,Pelicans,1610612740,Dallas,Mavericks,1610612742,112,103,1610612740,Regular Season,3700.0,,,215,9
22000699,2021-03-27 21:00:00+00:00,Oklahoma City,Thunder,1610612760,Boston,Celtics,1610612738,94,111,1610612738,Regular Season,18024.0,,,205,17
22000697,2021-03-27 20:30:00+00:00,San Antonio,Spurs,1610612759,Chicago,Bulls,1610612741,120,104,1610612759,Regular Season,3334.0,,,224,16
22000694,2021-03-27 20:00:00+00:00,Washington,Wizards,1610612764,Detroit,Pistons,1610612765,106,92,1610612764,Regular Season,18024.0,,,198,14
22000695,2021-03-27 20:00:00+00:00,Milwaukee,Bucks,1610612749,New York,Knicks,1610612752,96,102,1610612752,Regular Season,3280.0,,,198,6
22000696,2021-03-27 20:00:00+00:00,Minnesota,Timberwolves,1610612750,Houston,Rockets,1610612745,107,129,1610612745,Regular Season,18024.0,,,236,22
22000693,2021-03-26 22:30:00+00:00,Los Angeles,Lakers,1610612747,Cleveland,Cavaliers,1610612739,100,86,1610612747,Regular Season,18024.0,,,186,14
22000692,2021-03-26 22:00:00+00:00,Golden State,Warriors,1610612744,Atlanta,Hawks,1610612737,108,124,1610612737,Regular Season,18024.0,,,232,16
22000691,2021-03-26 21:00:00+00:00,Utah,Jazz,1610612762,Memphis,Grizzlies,1610612763,117,114,1610612762,Regular Season,5546.0,,,231,3
22000690,2021-03-26 20:30:00+00:00,Dallas,Mavericks,1610612742,Indiana,Pacers,1610612754,94,109,1610612754,Regular Season,4132.0,,,203,15
22000687,2021-03-26 20:00:00+00:00,Orlando,Magic,1610612753,Portland,Trail Blazers,1610612757,105,112,1610612757,Regular Season,3827.0,,,217,7
22000689,2021-03-26 20:00:00+00:00,New Orleans,Pelicans,1610612740,Denver,Nuggets,1610612743,108,113,1610612743,Regular Season,3700.0,,,221,5
22000686,2021-03-26 20:00:00+00:00,Charlotte,Hornets,1610612766,Miami,Heat,1610612748,110,105,1610612766,Regular Season,4215.0,,,215,5
22000688,2021-03-26 20:00:00+00:00,Minnesota,Timberwolves,1610612750,Houston,Rockets,1610612745,107,101,1610612750,Regular Season,18024.0,,,208,6
22000685,2021-03-26 19:30:00+00:00,Milwaukee,Bucks,1610612749,Boston,Celtics,1610612738,114,122,1610612738,Regular Season,3280.0,,,236,8
22000684,2021-03-26 19:30:00+00:00,Toronto,Raptors,1610612761,Phoenix,Suns,1610612756,100,104,1610612756,Regular Season,18024.0,,,204,4
22000683,2021-03-26 19:00:00+00:00,Detroit,Pistons,1610612765,Brooklyn,Nets,1610612751,111,113,1610612751,Regular Season,750.0,,,224,2
22000681,2021-03-25 22:00:00+00:00,Los Angeles,Lakers,1610612747,Philadelphia,76ers,1610612755,101,109,1610612755,Regular Season,18024.0,,,210,8
22000682,2021-03-25 22:00:00+00:00,Sacramento,Kings,1610612758,Golden State,Warriors,1610612744,141,119,1610612758,Regular Season,18024.0,,,260,22
22000680,2021-03-25 20:30:00+00:00,San Antonio,Spurs,1610612759,Los Angeles,Clippers,1610612746,85,98,1610612746,Regular Season,3225.0,,,183,13
22000679,2021-03-25 19:30:00+00:00,New York,Knicks,1610612752,Washington,Wizards,1610612764,106,102,1610612752,Regular Season,1817.0,,,208,4
22000678,2021-03-25 19:30:00+00:00,Miami,Heat,1610612748,Portland,Trail Blazers,1610612757,122,125,1610612757,Regular Season,18024.0,,,247,3
22000677,2021-03-24 22:00:00+00:00,Sacramento,Kings,1610612758,Atlanta,Hawks,1610612737,110,108,1610612758,Regular Season,18024.0,,,218,2
22000676,2021-03-24 22:00:00+00:00,Utah,Jazz,1610612762,Brooklyn,Nets,1610612751,118,88,1610612762,Regular Season,5546.0,,,206,30
22000675,2021-03-24 20:30:00+00:00,San Antonio,Spurs,1610612759,Los Angeles,Clippers,1610612746,101,134,1610612746,Regular Season,3224.0,,,235,33
22000670,2021-03-24 20:00:00+00:00,Orlando,Magic,1610612753,Phoenix,Suns,1610612756,112,111,1610612753,Regular Season,3891.0,,,223,1
22000672,2021-03-24 20:00:00+00:00,Houston,Rockets,1610612745,Charlotte,Hornets,1610612766,97,122,1610612766,Regular Season,3163.0,,,219,25
22000671,2021-03-24 20:00:00+00:00,Chicago,Bulls,1610612741,Cleveland,Cavaliers,1610612739,94,103,1610612739,Regular Season,18024.0,,,197,9
22000674,2021-03-24 20:00:00+00:00,Oklahoma City,Thunder,1610612760,Memphis,Grizzlies,1610612763,107,116,1610612763,Regular Season,18024.0,,,223,9
22000673,2021-03-24 20:00:00+00:00,Minnesota,Timberwolves,1610612750,Dallas,Mavericks,1610612742,108,128,1610612742,Regular Season,18024.0,,,236,20
22000669,2021-03-24 19:30:00+00:00,Milwaukee,Bucks,1610612749,Boston,Celtics,1610612738,121,119,1610612749,Regular Season,3280.0,,,240,2
22000668,2021-03-24 19:30:00+00:00,Toronto,Raptors,1610612761,Denver,Nuggets,1610612743,135,111,1610612761,Regular Season,1578.0,,,246,24
22000667,2021-03-24 19:00:00+00:00,Indiana,Pacers,1610612754,Detroit,Pistons,1610612765,116,111,1610612754,Regular Season,18024.0,,,227,5
22000665,2021-03-23 22:00:00+00:00,Golden State,Warriors,1610612744,Philadelphia,76ers,1610612755,98,108,1610612755,Regular Season,18024.0,,,206,10
22000666,2021-03-23 22:00:00+00:00,Portland,Trail Blazers,1610612757,Brooklyn,Nets,1610612751,112,116,1610612751,Regular Season,18024.0,,,228,4
22000664,2021-03-23 20:00:00+00:00,Miami,Heat,1610612748,Phoenix,Suns,1610612756,100,110,1610612756,Regular Season,18024.0,,,210,10
22000663,2021-03-23 19:30:00+00:00,New Orleans,Pelicans,1610612740,Los Angeles,Lakers,1610612747,128,111,1610612740,Regular Season,3700.0,,,239,17
22000662,2021-03-23 19:30:00+00:00,New York,Knicks,1610612752,Washington,Wizards,1610612764,131,113,1610612752,Regular Season,1589.0,,,244,18
22000661,2021-03-23 19:00:00+00:00,Orlando,Magic,1610612753,Denver,Nuggets,1610612743,99,110,1610612743,Regular Season,3485.0,,,209,11
22000660,2021-03-22 22:00:00+00:00,Los Angeles,Clippers,1610612746,Atlanta,Hawks,1610612737,119,110,1610612746,Regular Season,18024.0,,,229,9
22000657,2021-03-22 21:00:00+00:00,Houston,Rockets,1610612745,Toronto,Raptors,1610612761,117,99,1610612745,Regular Season,2965.0,,,216,18
22000658,2021-03-22 21:00:00+00:00,Memphis,Grizzlies,1610612763,Boston,Celtics,1610612738,132,126,1610612763,Regular Season,2319.0,,,258,6
22000656,2021-03-22 21:00:00+00:00,Chicago,Bulls,1610612741,Utah,Jazz,1610612762,95,120,1610612762,Regular Season,18024.0,,,215,25
22000659,2021-03-22 21:00:00+00:00,Milwaukee,Bucks,1610612749,Indiana,Pacers,1610612754,140,113,1610612749,Regular Season,3280.0,,,253,27
22000655,2021-03-22 20:30:00+00:00,San Antonio,Spurs,1610612759,Charlotte,Hornets,1610612766,97,100,1610612766,Regular Season,3222.0,,,197,3
22000654,2021-03-22 20:00:00+00:00,Minnesota,Timberwolves,1610612750,Oklahoma City,Thunder,1610612760,103,112,1610612760,Regular Season,18024.0,,,215,9
22000653,2021-03-22 19:30:00+00:00,Cleveland,Cavaliers,1610612739,Sacramento,Kings,1610612758,105,119,1610612758,Regular Season,4100.0,,,224,14
22000652,2021-03-21 22:00:00+00:00,Portland,Trail Blazers,1610612757,Dallas,Mavericks,1610612742,92,132,1610612742,Regular Season,18024.0,,,224,40
22000651,2021-03-21 22:00:00+00:00,Phoenix,Suns,1610612756,Los Angeles,Lakers,1610612747,111,94,1610612756,Regular Season,3190.0,,,205,17
22000650,2021-03-21 20:00:00+00:00,New York,Knicks,1610612752,Philadelphia,76ers,1610612755,100,101,1610612755,Regular Season,1981.0,,,201,1
22000647,2021-03-21 19:00:00+00:00,Brooklyn,Nets,1610612751,Washington,Wizards,1610612764,113,106,1610612751,Regular Season,1773.0,,,219,7
22000649,2021-03-21 19:00:00+00:00,Detroit,Pistons,1610612765,Chicago,Bulls,1610612741,86,100,1610612741,Regular Season,750.0,,,186,14
22000648,2021-03-21 19:00:00+00:00,Cleveland,Cavaliers,1610612739,Toronto,Raptors,1610612761,116,105,1610612739,Regular Season,18024.0,,,221,11
22000167,2021-03-21 15:30:00+00:00,Boston,Celtics,1610612738,Orlando,Magic,1610612753,112,96,1610612738,Regular Season,18024.0,,,208,16
22000646,2021-03-21 15:00:00+00:00,Denver,Nuggets,1610612743,New Orleans,Pelicans,1610612740,108,113,1610612740,Regular Season,18024.0,,,221,5
22000016,2021-03-21 14:00:00+00:00,Houston,Rockets,1610612745,Oklahoma City,Thunder,1610612760,112,114,1610612760,Regular Season,3297.0,,,226,2
22000645,2021-03-21 13:00:00+00:00,Miami,Heat,1610612748,Indiana,Pacers,1610612754,106,109,1610612754,Regular Season,18024.0,,,215,3
22000644,2021-03-20 22:00:00+00:00,Los Angeles,Clippers,1610612746,Charlotte,Hornets,1610612766,125,98,1610612746,Regular Season,18024.0,,,223,27
22000643,2021-03-20 21:00:00+00:00,Milwaukee,Bucks,1610612749,San Antonio,Spurs,1610612759,120,113,1610612749,Regular Season,3280.0,,,233,7
22000642,2021-03-20 20:00:00+00:00,Memphis,Grizzlies,1610612763,Golden State,Warriors,1610612744,111,103,1610612763,Regular Season,18024.0,,,214,8
22000641,2021-03-20 20:00:00+00:00,Philadelphia,76ers,1610612755,Sacramento,Kings,1610612758,129,105,1610612755,Regular Season,3071.0,,,234,24
22000640,2021-03-20 15:30:00+00:00,Los Angeles,Lakers,1610612747,Atlanta,Hawks,1610612737,94,99,1610612737,Regular Season,18024.0,,,193,5
22000639,2021-03-19 22:00:00+00:00,Portland,Trail Blazers,1610612757,Dallas,Mavericks,1610612742,125,119,1610612757,Regular Season,18024.0,,,244,6
22000638,2021-03-19 22:00:00+00:00,Phoenix,Suns,1610612756,Minnesota,Timberwolves,1610612750,113,101,1610612756,Regular Season,3124.0,,,214,12
22000637,2021-03-19 21:00:00+00:00,Denver,Nuggets,1610612743,Chicago,Bulls,1610612741,131,127,1610612743,Regular Season,18024.0,,,258,4
22000632,2021-03-19 20:00:00+00:00,Miami,Heat,1610612748,Indiana,Pacers,1610612754,110,137,1610612754,Regular Season,18024.0,,,247,27
22000636,2021-03-19 20:00:00+00:00,Memphis,Grizzlies,1610612763,Golden State,Warriors,1610612744,103,116,1610612744,Regular Season,2716.0,,,219,13
22000633,2021-03-19 20:00:00+00:00,Orlando,Magic,1610612753,Brooklyn,Nets,1610612751,121,113,1610612753,Regular Season,3665.0,,,234,8
22000635,2021-03-19 20:00:00+00:00,Houston,Rockets,1610612745,Detroit,Pistons,1610612765,100,113,1610612765,Regular Season,3061.0,,,213,13
22000634,2021-03-19 20:00:00+00:00,Toronto,Raptors,1610612761,Utah,Jazz,1610612762,112,115,1610612762,Regular Season,18024.0,,,227,3
22000435,2021-03-19 19:30:00+00:00,Cleveland,Cavaliers,1610612739,San Antonio,Spurs,1610612759,110,116,1610612759,Regular Season,18024.0,,,226,6
22000631,2021-03-19 19:30:00+00:00,Boston,Celtics,1610612738,Sacramento,Kings,1610612758,96,107,1610612758,Regular Season,18024.0,,,203,11
22000630,2021-03-18 22:30:00+00:00,Los Angeles,Lakers,1610612747,Charlotte,Hornets,1610612766,116,105,1610612747,Regular Season,18024.0,,,221,11
22000629,2021-03-18 22:00:00+00:00,Portland,Trail Blazers,1610612757,New Orleans,Pelicans,1610612740,101,93,1610612757,Regular Season,18024.0,,,194,8
22000628,2021-03-18 22:00:00+00:00,Phoenix,Suns,1610612756,Minnesota,Timberwolves,1610612750,119,123,1610612750,Regular Season,3172.0,,,242,4
22000627,2021-03-18 19:30:00+00:00,New York,Knicks,1610612752,Orlando,Magic,1610612753,94,93,1610612752,Regular Season,1531.0,,,187,1
22000626,2021-03-18 19:30:00+00:00,Atlanta,Hawks,1610612737,Oklahoma City,Thunder,1610612760,116,93,1610612737,Regular Season,2621.0,,,209,23
22000166,2021-03-18 19:00:00+00:00,Washington,Wizards,1610612764,Utah,Jazz,1610612762,131,122,1610612764,Regular Season,18024.0,,,253,9
22000625,2021-03-17 21:30:00+00:00,Dallas,Mavericks,1610612742,Los Angeles,Clippers,1610612746,105,89,1610612742,Regular Season,3975.0,,,194,16
22000623,2021-03-17 21:00:00+00:00,Memphis,Grizzlies,1610612763,Miami,Heat,1610612748,89,85,1610612763,Regular Season,2217.0,,,174,4
22000624,2021-03-17 21:00:00+00:00,Denver,Nuggets,1610612743,Charlotte,Hornets,1610612766,129,104,1610612743,Regular Season,18024.0,,,233,25
22000622,2021-03-17 20:00:00+00:00,Houston,Rockets,1610612745,Golden State,Warriors,1610612744,94,108,1610612744,Regular Season,3259.0,,,202,14
22000621,2021-03-17 20:00:00+00:00,Chicago,Bulls,1610612741,San Antonio,Spurs,1610612759,99,106,1610612759,Regular Season,18024.0,,,205,7
22000620,2021-03-17 20:00:00+00:00,Cleveland,Cavaliers,1610612739,Boston,Celtics,1610612738,117,110,1610612739,Regular Season,4100.0,,,227,7
22000618,2021-03-17 19:00:00+00:00,Philadelphia,76ers,1610612755,Milwaukee,Bucks,1610612749,105,109,1610612749,Regular Season,3071.0,,,214,4
22000616,2021-03-17 19:00:00+00:00,Detroit,Pistons,1610612765,Toronto,Raptors,1610612761,116,112,1610612765,Regular Season,750.0,,,228,4
22000619,2021-03-17 19:00:00+00:00,Washington,Wizards,1610612764,Sacramento,Kings,1610612758,119,121,1610612758,Regular Season,18024.0,,,240,2
22000617,2021-03-17 19:00:00+00:00,Indiana,Pacers,1610612754,Brooklyn,Nets,1610612751,115,124,1610612751,Regular Season,18024.0,,,239,9
22000615,2021-03-16 22:30:00+00:00,Los Angeles,Lakers,1610612747,Minnesota,Timberwolves,1610612750,137,121,1610612747,Regular Season,18024.0,,,258,16
22000614,2021-03-16 22:00:00+00:00,Portland,Trail Blazers,1610612757,New Orleans,Pelicans,1610612740,125,124,1610612757,Regular Season,18024.0,,,249,1
22000611,2021-03-16 20:00:00+00:00,Philadelphia,76ers,1610612755,New York,Knicks,1610612752,99,96,1610612755,Regular Season,3071.0,,,195,3
22000610,2021-03-16 20:00:00+00:00,Miami,Heat,1610612748,Cleveland,Cavaliers,1610612739,113,98,1610612748,Regular Season,18024.0,,,211,15
22000612,2021-03-16 20:00:00+00:00,Chicago,Bulls,1610612741,Oklahoma City,Thunder,1610612760,123,102,1610612741,Regular Season,18024.0,,,225,21
22000613,2021-03-16 20:00:00+00:00,Houston,Rockets,1610612745,Atlanta,Hawks,1610612737,107,119,1610612737,Regular Season,3069.0,,,226,12
22000609,2021-03-16 19:30:00+00:00,Boston,Celtics,1610612738,Utah,Jazz,1610612762,109,117,1610612762,Regular Season,18024.0,,,226,8
22000608,2021-03-15 22:30:00+00:00,Golden State,Warriors,1610612744,Los Angeles,Lakers,1610612747,97,128,1610612747,Regular Season,18024.0,,,225,31
22000606,2021-03-15 22:00:00+00:00,Denver,Nuggets,1610612743,Indiana,Pacers,1610612754,121,106,1610612743,Regular Season,18024.0,,,227,15
22000607,2021-03-15 22:00:00+00:00,Phoenix,Suns,1610612756,Memphis,Grizzlies,1610612763,122,99,1610612756,Regular Season,3188.0,,,221,23
22000605,2021-03-15 21:00:00+00:00,Dallas,Mavericks,1610612742,Los Angeles,Clippers,1610612746,99,109,1610612746,Regular Season,3945.0,,,208,10
22000604,2021-03-15 20:00:00+00:00,Brooklyn,Nets,1610612751,New York,Knicks,1610612752,117,112,1610612751,Regular Season,1637.0,,,229,5
22000428,2021-03-15 20:00:00+00:00,Detroit,Pistons,1610612765,San Antonio,Spurs,1610612759,99,109,1610612759,Regular Season,18024.0,,,208,10
22000602,2021-03-15 19:00:00+00:00,Charlotte,Hornets,1610612766,Sacramento,Kings,1610612758,122,116,1610612766,Regular Season,2861.0,,,238,6
22000603,2021-03-15 19:00:00+00:00,Washington,Wizards,1610612764,Milwaukee,Bucks,1610612749,122,133,1610612749,Regular Season,18024.0,,,255,11
22000601,2021-03-14 21:00:00+00:00,New Orleans,Pelicans,1610612740,Los Angeles,Clippers,1610612746,135,115,1610612740,Regular Season,3700.0,,,250,20
22000600,2021-03-14 21:00:00+00:00,Chicago,Bulls,1610612741,Toronto,Raptors,1610612761,118,95,1610612741,Regular Season,18024.0,,,213,23
22000598,2021-03-14 20:00:00+00:00,Houston,Rockets,1610612745,Boston,Celtics,1610612738,107,134,1610612738,Regular Season,3264.0,,,241,27
22000599,2021-03-14 20:00:00+00:00,Minnesota,Timberwolves,1610612750,Portland,Trail Blazers,1610612757,114,112,1610612750,Regular Season,18024.0,,,226,2
22000597,2021-03-14 19:30:00+00:00,Atlanta,Hawks,1610612737,Cleveland,Cavaliers,1610612739,100,82,1610612737,Regular Season,2322.0,,,182,18
22000596,2021-03-14 19:00:00+00:00,Orlando,Magic,1610612753,Miami,Heat,1610612748,97,102,1610612748,Regular Season,3264.0,,,199,5
22000595,2021-03-14 18:30:00+00:00,Philadelphia,76ers,1610612755,San Antonio,Spurs,1610612759,134,99,1610612755,Regular Season,3071.0,,,233,35
22000594,2021-03-14 16:00:00+00:00,Golden State,Warriors,1610612744,Utah,Jazz,1610612762,131,119,1610612744,Regular Season,18024.0,,,250,12
22000593,2021-03-14 14:00:00+00:00,Oklahoma City,Thunder,1610612760,Memphis,Grizzlies,1610612763,128,122,1610612760,Regular Season,18024.0,,,250,6
22000592,2021-03-13 22:00:00+00:00,Denver,Nuggets,1610612743,Dallas,Mavericks,1610612742,103,116,1610612742,Regular Season,18024.0,,,219,13
22000194,2021-03-13 22:00:00+00:00,Phoenix,Suns,1610612756,Indiana,Pacers,1610612754,111,122,1610612754,Regular Season,3166.0,,,233,11
22000591,2021-03-13 20:00:00+00:00,Minnesota,Timberwolves,1610612750,Portland,Trail Blazers,1610612757,121,125,1610612757,Regular Season,18024.0,,,246,4
22000590,2021-03-13 19:30:00+00:00,Atlanta,Hawks,1610612737,Sacramento,Kings,1610612758,121,106,1610612737,Regular Season,2347.0,,,227,15
22000589,2021-03-13 19:00:00+00:00,Washington,Wizards,1610612764,Milwaukee,Bucks,1610612749,119,125,1610612749,Regular Season,18024.0,,,244,6
22000588,2021-03-13 19:00:00+00:00,Charlotte,Hornets,1610612766,Toronto,Raptors,1610612761,114,104,1610612766,Regular Season,2861.0,,,218,10
22000587,2021-03-13 19:00:00+00:00,Brooklyn,Nets,1610612751,Detroit,Pistons,1610612765,100,95,1610612751,Regular Season,1364.0,,,195,5
22000586,2021-03-13 14:00:00+00:00,Oklahoma City,Thunder,1610612760,New York,Knicks,1610612752,97,119,1610612752,Regular Season,18024.0,,,216,22
22000585,2021-03-12 22:30:00+00:00,Los Angeles,Lakers,1610612747,Indiana,Pacers,1610612754,105,100,1610612747,Regular Season,18024.0,,,205,5
22000584,2021-03-12 22:00:00+00:00,Utah,Jazz,1610612762,Houston,Rockets,1610612745,114,99,1610612762,Regular Season,5546.0,,,213,15
22000582,2021-03-12 21:00:00+00:00,Chicago,Bulls,1610612741,Miami,Heat,1610612748,90,101,1610612748,Regular Season,18024.0,,,191,11
22000583,2021-03-12 21:00:00+00:00,San Antonio,Spurs,1610612759,Orlando,Magic,1610612753,104,77,1610612759,Regular Season,3241.0,,,181,27
22000581,2021-03-12 20:00:00+00:00,New Orleans,Pelicans,1610612740,Cleveland,Cavaliers,1610612739,116,82,1610612740,Regular Season,3700.0,,,198,34
22000580,2021-03-12 20:00:00+00:00,Memphis,Grizzlies,1610612763,Denver,Nuggets,1610612743,102,103,1610612743,Regular Season,2160.0,,,205,1
22000579,2021-03-12 20:00:00+00:00,Washington,Wizards,1610612764,Philadelphia,76ers,1610612755,101,127,1610612755,Regular Season,18024.0,,,228,26
22000578,2021-03-11 22:00:00+00:00,Sacramento,Kings,1610612758,Houston,Rockets,1610612745,125,105,1610612758,Regular Season,18024.0,,,230,20
22000576,2021-03-11 22:00:00+00:00,Los Angeles,Clippers,1610612746,Golden State,Warriors,1610612744,130,104,1610612746,Regular Season,18024.0,,,234,26
22000577,2021-03-11 22:00:00+00:00,Portland,Trail Blazers,1610612757,Phoenix,Suns,1610612756,121,127,1610612756,Regular Season,18024.0,,,248,6
22000575,2021-03-11 21:00:00+00:00,Oklahoma City,Thunder,1610612760,Dallas,Mavericks,1610612742,116,108,1610612760,Regular Season,18024.0,,,224,8
22000574,2021-03-11 20:00:00+00:00,New Orleans,Pelicans,1610612740,Minnesota,Timberwolves,1610612750,105,135,1610612750,Regular Season,3700.0,,,240,30
22000573,2021-03-11 20:00:00+00:00,Milwaukee,Bucks,1610612749,New York,Knicks,1610612752,134,101,1610612749,Regular Season,1800.0,,,235,33
22000571,2021-03-11 20:00:00+00:00,Miami,Heat,1610612748,Orlando,Magic,1610612753,111,103,1610612748,Regular Season,18024.0,,,214,8
22000572,2021-03-11 20:00:00+00:00,Chicago,Bulls,1610612741,Philadelphia,76ers,1610612755,105,127,1610612755,Regular Season,18024.0,,,232,22
22000570,2021-03-11 19:30:00+00:00,Toronto,Raptors,1610612761,Atlanta,Hawks,1610612737,120,121,1610612737,Regular Season,18024.0,,,241,1
22000569,2021-03-11 19:30:00+00:00,Brooklyn,Nets,1610612751,Boston,Celtics,1610612738,121,109,1610612751,Regular Season,1374.0,,,230,12
22000568,2021-03-11 19:00:00+00:00,Charlotte,Hornets,1610612766,Detroit,Pistons,1610612765,105,102,1610612766,Regular Season,18024.0,,,207,3
22000567,2021-03-10 20:30:00+00:00,Dallas,Mavericks,1610612742,San Antonio,Spurs,1610612759,115,104,1610612742,Regular Season,3813.0,,,219,11
22000566,2021-03-10 20:00:00+00:00,Memphis,Grizzlies,1610612763,Washington,Wizards,1610612764,127,112,1610612763,Regular Season,1912.0,,,239,15
22000185,2021-03-04 22:00:00+00:00,Phoenix,Suns,1610612756,Golden State,Warriors,1610612744,120,98,1610612756,Regular Season,3233.0,,,218,22
22000558,2021-03-04 22:00:00+00:00,Portland,Trail Blazers,1610612757,Sacramento,Kings,1610612758,123,119,1610612757,Regular Season,18024.0,,,242,4
22000556,2021-03-04 21:00:00+00:00,San Antonio,Spurs,1610612759,Oklahoma City,Thunder,1610612760,102,107,1610612760,Regular Season,1000.0,,,209,5
22000557,2021-03-04 20:30:00+00:00,New Orleans,Pelicans,1610612740,Miami,Heat,1610612748,93,103,1610612748,Regular Season,2700.0,,,196,10
22000553,2021-03-04 20:00:00+00:00,Indiana,Pacers,1610612754,Denver,Nuggets,1610612743,103,113,1610612743,Regular Season,18024.0,,,216,10
22000555,2021-03-04 20:00:00+00:00,Memphis,Grizzlies,1610612763,Milwaukee,Bucks,1610612749,111,112,1610612749,Regular Season,1961.0,,,223,1
22000565,2021-03-04 19:30:00+00:00,New York,Knicks,1610612752,Detroit,Pistons,1610612765,114,104,1610612752,Regular Season,1981.0,,,218,10
22000552,2021-03-04 19:00:00+00:00,Boston,Celtics,1610612738,Toronto,Raptors,1610612761,132,125,1610612738,Regular Season,18024.0,,,257,7
22000554,2021-03-04 19:00:00+00:00,Washington,Wizards,1610612764,Los Angeles,Clippers,1610612746,119,117,1610612764,Regular Season,18024.0,,,236,2
22000551,2021-03-03 22:00:00+00:00,Sacramento,Kings,1610612758,Los Angeles,Lakers,1610612747,123,120,1610612758,Regular Season,18024.0,,,243,3
22000550,2021-03-03 22:00:00+00:00,Portland,Trail Blazers,1610612757,Golden State,Warriors,1610612744,108,106,1610612757,Regular Season,18024.0,,,214,2
22000549,2021-03-03 20:30:00+00:00,Dallas,Mavericks,1610612742,Oklahoma City,Thunder,1610612760,87,78,1610612742,Regular Season,3508.0,,,165,9
22000548,2021-03-03 20:00:00+00:00,New Orleans,Pelicans,1610612740,Chicago,Bulls,1610612741,124,128,1610612741,Regular Season,2700.0,,,252,4
22000544,2021-03-03 20:00:00+00:00,Orlando,Magic,1610612753,Atlanta,Hawks,1610612737,112,115,1610612737,Regular Season,3969.0,,,227,3
22000547,2021-03-03 20:00:00+00:00,Minnesota,Timberwolves,1610612750,Charlotte,Hornets,1610612766,102,135,1610612766,Regular Season,18024.0,,,237,33
22000546,2021-03-03 19:30:00+00:00,Houston,Rockets,1610612745,Brooklyn,Nets,1610612751,114,132,1610612751,Regular Season,3615.0,,,246,18
22000539,2021-03-03 19:00:00+00:00,Toronto,Raptors,1610612761,Detroit,Pistons,1610612765,105,129,1610612765,Regular Season,18024.0,,,234,24
22000543,2021-03-03 19:00:00+00:00,Cleveland,Cavaliers,1610612739,Indiana,Pacers,1610612754,111,114,1610612754,Regular Season,2720.0,,,225,3
22000545,2021-03-03 19:00:00+00:00,Philadelphia,76ers,1610612755,Utah,Jazz,1610612762,131,123,1610612755,Regular Season,18024.0,,,254,8
22000542,2021-03-02 22:00:00+00:00,Los Angeles,Lakers,1610612747,Phoenix,Suns,1610612756,104,114,1610612756,Regular Season,18024.0,,,218,10
22000540,2021-03-02 21:00:00+00:00,Milwaukee,Bucks,1610612749,Denver,Nuggets,1610612743,97,128,1610612743,Regular Season,1800.0,,,225,31
22000541,2021-03-02 20:30:00+00:00,San Antonio,Spurs,1610612759,New York,Knicks,1610612752,119,93,1610612759,Regular Season,18024.0,,,212,26
22000537,2021-03-02 19:30:00+00:00,Boston,Celtics,1610612738,Los Angeles,Clippers,1610612746,117,112,1610612738,Regular Season,18024.0,,,229,5
22000538,2021-03-02 19:30:00+00:00,Miami,Heat,1610612748,Atlanta,Hawks,1610612737,80,94,1610612737,Regular Season,18024.0,,,174,14
22000536,2021-03-02 19:00:00+00:00,Washington,Wizards,1610612764,Memphis,Grizzlies,1610612763,111,125,1610612763,Regular Season,18024.0,,,236,14
22000535,2021-03-01 22:30:00+00:00,Portland,Trail Blazers,1610612757,Charlotte,Hornets,1610612766,123,111,1610612757,Regular Season,18024.0,,,234,12
22000532,2021-03-01 21:00:00+00:00,Houston,Rockets,1610612745,Cleveland,Cavaliers,1610612739,90,101,1610612739,Regular Season,3046.0,,,191,11
22000534,2021-03-01 20:30:00+00:00,San Antonio,Spurs,1610612759,Brooklyn,Nets,1610612751,113,124,1610612751,Regular Season,18024.0,,,237,11
22000533,2021-03-01 20:00:00+00:00,New Orleans,Pelicans,1610612740,Utah,Jazz,1610612762,129,124,1610612740,Regular Season,2700.0,,,253,5
22000531,2021-03-01 20:00:00+00:00,Chicago,Bulls,1610612741,Denver,Nuggets,1610612743,112,118,1610612743,Regular Season,18024.0,,,230,6
22000529,2021-03-01 19:00:00+00:00,Orlando,Magic,1610612753,Dallas,Mavericks,1610612742,124,130,1610612742,Regular Season,3766.0,,,254,6
22000530,2021-03-01 19:00:00+00:00,Philadelphia,76ers,1610612755,Indiana,Pacers,1610612754,130,114,1610612755,Regular Season,18024.0,,,244,16
22000528,2021-02-28 22:00:00+00:00,Sacramento,Kings,1610612758,Charlotte,Hornets,1610612766,126,127,1610612766,Regular Season,18024.0,,,253,1
22000526,2021-02-28 21:00:00+00:00,Minnesota,Timberwolves,1610612750,Phoenix,Suns,1610612756,99,118,1610612756,Regular Season,18024.0,,,217,19
22000525,2021-02-28 20:00:00+00:00,Houston,Rockets,1610612745,Memphis,Grizzlies,1610612763,84,133,1610612763,Regular Season,3284.0,,,217,49
22000521,2021-02-28 20:00:00+00:00,Detroit,Pistons,1610612765,New York,Knicks,1610612752,90,109,1610612752,Regular Season,18024.0,,,199,19
22000527,2021-02-28 20:00:00+00:00,Los Angeles,Lakers,1610612747,Golden State,Warriors,1610612744,117,91,1610612747,Regular Season,18024.0,,,208,26
22000522,2021-02-28 20:00:00+00:00,Miami,Heat,1610612748,Atlanta,Hawks,1610612737,109,99,1610612748,Regular Season,18024.0,,,208,10
22000524,2021-02-28 19:00:00+00:00,Boston,Celtics,1610612738,Washington,Wizards,1610612764,111,110,1610612738,Regular Season,18024.0,,,221,1
22000520,2021-02-28 15:30:00+00:00,Milwaukee,Bucks,1610612749,Los Angeles,Clippers,1610612746,105,100,1610612749,Regular Season,1800.0,,,205,5
22000519,2021-02-27 20:30:00+00:00,Brooklyn,Nets,1610612751,Dallas,Mavericks,1610612742,98,115,1610612742,Regular Season,684.0,,,213,17
22000514,2021-02-27 20:00:00+00:00,San Antonio,Spurs,1610612759,New Orleans,Pelicans,1610612740,117,114,1610612759,Regular Season,18024.0,,,231,3
22000515,2021-02-27 20:00:00+00:00,New York,Knicks,1610612752,Indiana,Pacers,1610612754,110,107,1610612752,Regular Season,1981.0,,,217,3
22000518,2021-02-27 20:00:00+00:00,Oklahoma City,Thunder,1610612760,Denver,Nuggets,1610612743,96,126,1610612743,Regular Season,18024.0,,,222,30
22000516,2021-02-27 20:00:00+00:00,Orlando,Magic,1610612753,Utah,Jazz,1610612762,109,124,1610612762,Regular Season,4242.0,,,233,15
22000513,2021-02-27 19:00:00+00:00,Philadelphia,76ers,1610612755,Cleveland,Cavaliers,1610612739,109,112,1610612739,Regular Season,18024.0,,,221,3
22000517,2021-02-27 19:00:00+00:00,Washington,Wizards,1610612764,Minnesota,Timberwolves,1610612750,128,112,1610612764,Regular Season,18024.0,,,240,16
22000512,2021-02-26 22:00:00+00:00,Los Angeles,Lakers,1610612747,Portland,Trail Blazers,1610612757,102,93,1610612747,Regular Season,18024.0,,,195,9
22000511,2021-02-26 22:00:00+00:00,Golden State,Warriors,1610612744,Charlotte,Hornets,1610612766,130,121,1610612744,Regular Season,18024.0,,,251,9
22000510,2021-02-26 20:00:00+00:00,Oklahoma City,Thunder,1610612760,Atlanta,Hawks,1610612737,118,109,1610612760,Regular Season,18024.0,,,227,9
22000509,2021-02-26 20:00:00+00:00,Memphis,Grizzlies,1610612763,Los Angeles,Clippers,1610612746,99,119,1610612746,Regular Season,2039.0,,,218,20
22000504,2021-02-26 20:00:00+00:00,Detroit,Pistons,1610612765,Sacramento,Kings,1610612758,107,110,1610612758,Regular Season,18024.0,,,217,3
22000507,2021-02-26 20:00:00+00:00,Miami,Heat,1610612748,Utah,Jazz,1610612762,124,116,1610612748,Regular Season,18024.0,,,240,8
22000508,2021-02-26 20:00:00+00:00,Chicago,Bulls,1610612741,Phoenix,Suns,1610612756,97,106,1610612756,Regular Season,18024.0,,,203,9
22000505,2021-02-26 19:30:00+00:00,Boston,Celtics,1610612738,Indiana,Pacers,1610612754,118,112,1610612738,Regular Season,18024.0,,,230,6
22000506,2021-02-26 19:30:00+00:00,Toronto,Raptors,1610612761,Houston,Rockets,1610612745,122,111,1610612761,Regular Season,18024.0,,,233,11
22000503,2021-02-25 21:30:00+00:00,Milwaukee,Bucks,1610612749,New Orleans,Pelicans,1610612740,129,125,1610612749,Regular Season,1800.0,,,254,4
22000502,2021-02-25 21:00:00+00:00,Denver,Nuggets,1610612743,Washington,Wizards,1610612764,110,112,1610612764,Regular Season,18024.0,,,222,2
22000501,2021-02-25 20:00:00+00:00,Memphis,Grizzlies,1610612763,Los Angeles,Clippers,1610612746,122,94,1610612763,Regular Season,1896.0,,,216,28
22000500,2021-02-25 19:30:00+00:00,New York,Knicks,1610612752,Sacramento,Kings,1610612758,140,121,1610612752,Regular Season,1981.0,,,261,19
22000499,2021-02-25 19:30:00+00:00,Brooklyn,Nets,1610612751,Orlando,Magic,1610612753,129,92,1610612751,Regular Season,327.0,,,221,37
22000498,2021-02-25 19:00:00+00:00,Philadelphia,76ers,1610612755,Dallas,Mavericks,1610612742,111,97,1610612755,Regular Season,18024.0,,,208,14
22000497,2021-02-24 22:00:00+00:00,Utah,Jazz,1610612762,Los Angeles,Lakers,1610612747,114,89,1610612762,Regular Season,4912.0,,,203,25
22000496,2021-02-24 21:00:00+00:00,Phoenix,Suns,1610612756,Charlotte,Hornets,1610612766,121,124,1610612766,Regular Season,3296.0,,,245,3
22000495,2021-02-24 20:00:00+00:00,Oklahoma City,Thunder,1610612760,San Antonio,Spurs,1610612759,102,99,1610612760,Regular Season,18024.0,,,201,3
22000494,2021-02-24 20:00:00+00:00,New Orleans,Pelicans,1610612740,Detroit,Pistons,1610612765,128,118,1610612740,Regular Season,2700.0,,,246,10
22000493,2021-02-24 20:00:00+00:00,Chicago,Bulls,1610612741,Minnesota,Timberwolves,1610612750,133,126,1610612741,Regular Season,18024.0,,,259,7
22000492,2021-02-24 20:00:00+00:00,Miami,Heat,1610612748,Toronto,Raptors,1610612761,116,108,1610612748,Regular Season,18024.0,,,224,8
22000490,2021-02-24 19:30:00+00:00,Atlanta,Hawks,1610612737,Boston,Celtics,1610612738,127,112,1610612737,Regular Season,1537.0,,,239,15
22000491,2021-02-24 19:30:00+00:00,Cleveland,Cavaliers,1610612739,Houston,Rockets,1610612745,112,96,1610612739,Regular Season,2720.0,,,208,16
22000489,2021-02-24 19:30:00+00:00,Indiana,Pacers,1610612754,Golden State,Warriors,1610612744,107,111,1610612744,Regular Season,18024.0,,,218,4
22000487,2021-02-23 22:00:00+00:00,Denver,Nuggets,1610612743,Portland,Trail Blazers,1610612757,111,106,1610612743,Regular Season,18024.0,,,217,5
22000488,2021-02-23 22:00:00+00:00,Los Angeles,Clippers,1610612746,Washington,Wizards,1610612764,135,116,1610612746,Regular Season,18024.0,,,251,19
22000486,2021-02-23 20:00:00+00:00,Milwaukee,Bucks,1610612749,Minnesota,Timberwolves,1610612750,139,112,1610612749,Regular Season,1800.0,,,251,27
22000482,2021-02-23 19:30:00+00:00,Brooklyn,Nets,1610612751,Sacramento,Kings,1610612758,127,118,1610612751,Regular Season,324.0,,,245,9
22000484,2021-02-23 19:30:00+00:00,Toronto,Raptors,1610612761,Philadelphia,76ers,1610612755,102,109,1610612755,Regular Season,18024.0,,,211,7
22000483,2021-02-23 19:30:00+00:00,New York,Knicks,1610612752,Golden State,Warriors,1610612744,106,114,1610612744,Regular Season,1981.0,,,220,8
22000485,2021-02-23 19:30:00+00:00,Dallas,Mavericks,1610612742,Boston,Celtics,1610612738,110,107,1610612742,Regular Season,3338.0,,,217,3
22000481,2021-02-23 19:00:00+00:00,Orlando,Magic,1610612753,Detroit,Pistons,1610612765,93,105,1610612765,Regular Season,3631.0,,,198,12
22000480,2021-02-23 19:00:00+00:00,Cleveland,Cavaliers,1610612739,Atlanta,Hawks,1610612737,112,111,1610612739,Regular Season,2720.0,,,223,1
22000479,2021-02-22 22:00:00+00:00,Los Angeles,Lakers,1610612747,Washington,Wizards,1610612764,124,127,1610612764,Regular Season,18024.0,,,251,3
22000475,2021-02-22 21:00:00+00:00,Oklahoma City,Thunder,1610612760,Miami,Heat,1610612748,94,108,1610612748,Regular Season,18024.0,,,202,14
22000478,2021-02-22 21:00:00+00:00,Utah,Jazz,1610612762,Charlotte,Hornets,1610612766,132,110,1610612762,Regular Season,3902.0,,,242,22
22000477,2021-02-22 21:00:00+00:00,Phoenix,Suns,1610612756,Portland,Trail Blazers,1610612757,132,100,1610612756,Regular Season,3213.0,,,232,32
22000476,2021-02-22 20:30:00+00:00,Dallas,Mavericks,1610612742,Memphis,Grizzlies,1610612763,102,92,1610612742,Regular Season,2099.0,,,194,10
22000474,2021-02-22 20:00:00+00:00,Houston,Rockets,1610612745,Chicago,Bulls,1610612741,100,120,1610612741,Regular Season,3025.0,,,220,20
22000471,2021-02-21 21:00:00+00:00,Milwaukee,Bucks,1610612749,Sacramento,Kings,1610612758,128,115,1610612749,Regular Season,1800.0,,,243,13
22000472,2021-02-21 20:00:00+00:00,Los Angeles,Clippers,1610612746,Brooklyn,Nets,1610612751,108,112,1610612751,Regular Season,18024.0,,,220,4
22000470,2021-02-21 19:30:00+00:00,Atlanta,Hawks,1610612737,Denver,Nuggets,1610612743,123,115,1610612737,Regular Season,1362.0,,,238,8
22000469,2021-02-21 19:00:00+00:00,New York,Knicks,1610612752,Minnesota,Timberwolves,1610612750,103,99,1610612752,Regular Season,18024.0,,,202,4
22000467,2021-02-21 19:00:00+00:00,Orlando,Magic,1610612753,Detroit,Pistons,1610612765,105,96,1610612753,Regular Season,4002.0,,,201,9
22000468,2021-02-21 19:00:00+00:00,Toronto,Raptors,1610612761,Philadelphia,76ers,1610612755,110,103,1610612761,Regular Season,18024.0,,,213,7
22000466,2021-02-21 19:00:00+00:00,Cleveland,Cavaliers,1610612739,Oklahoma City,Thunder,1610612760,101,117,1610612760,Regular Season,2720.0,,,218,16
22000465,2021-02-21 15:30:00+00:00,New Orleans,Pelicans,1610612740,Boston,Celtics,1610612738,120,115,1610612740,Regular Season,1940.0,,,235,5
22000464,2021-02-20 22:00:00+00:00,Portland,Trail Blazers,1610612757,Washington,Wizards,1610612764,111,118,1610612764,Regular Season,18024.0,,,229,7
22000462,2021-02-20 21:00:00+00:00,Memphis,Grizzlies,1610612763,Phoenix,Suns,1610612756,97,128,1610612756,Regular Season,1994.0,,,225,31
22000460,2021-02-20 21:00:00+00:00,Chicago,Bulls,1610612741,Sacramento,Kings,1610612758,122,114,1610612741,Regular Season,18024.0,,,236,8
22000463,2021-02-20 20:30:00+00:00,Los Angeles,Lakers,1610612747,Miami,Heat,1610612748,94,96,1610612748,Regular Season,18024.0,,,190,2
22000459,2021-02-20 20:00:00+00:00,Charlotte,Hornets,1610612766,Golden State,Warriors,1610612744,102,100,1610612766,Regular Season,18024.0,,,202,2
22000457,2021-02-19 22:00:00+00:00,Los Angeles,Clippers,1610612746,Utah,Jazz,1610612762,116,112,1610612746,Regular Season,18024.0,,,228,4
22000454,2021-02-19 21:00:00+00:00,Minnesota,Timberwolves,1610612750,Toronto,Raptors,1610612761,81,86,1610612761,Regular Season,18024.0,,,167,5
22000452,2021-02-19 20:00:00+00:00,Memphis,Grizzlies,1610612763,Detroit,Pistons,1610612765,109,95,1610612763,Regular Season,1795.0,,,204,14
22000455,2021-02-19 20:00:00+00:00,New Orleans,Pelicans,1610612740,Phoenix,Suns,1610612756,114,132,1610612756,Regular Season,1940.0,,,246,18
22000453,2021-02-19 20:00:00+00:00,Milwaukee,Bucks,1610612749,Oklahoma City,Thunder,1610612760,98,85,1610612749,Regular Season,750.0,,,183,13
22000450,2021-02-19 19:30:00+00:00,Philadelphia,76ers,1610612755,Chicago,Bulls,1610612741,112,105,1610612755,Regular Season,18024.0,,,217,7
22000451,2021-02-19 19:30:00+00:00,Boston,Celtics,1610612738,Atlanta,Hawks,1610612737,121,109,1610612738,Regular Season,18024.0,,,230,12
22000563,2021-02-19 19:00:00+00:00,Cleveland,Cavaliers,1610612739,Denver,Nuggets,1610612743,103,120,1610612743,Regular Season,2720.0,,,223,17
22000449,2021-02-19 19:00:00+00:00,Orlando,Magic,1610612753,Golden State,Warriors,1610612744,124,120,1610612753,Regular Season,4287.0,,,244,4
22000447,2021-02-18 22:00:00+00:00,Sacramento,Kings,1610612758,Miami,Heat,1610612748,110,118,1610612748,Regular Season,18024.0,,,228,8
22000446,2021-02-18 22:00:00+00:00,Los Angeles,Lakers,1610612747,Brooklyn,Nets,1610612751,98,109,1610612751,Regular Season,18024.0,,,207,11
22000445,2021-02-18 19:30:00+00:00,Milwaukee,Bucks,1610612749,Toronto,Raptors,1610612761,96,110,1610612761,Regular Season,500.0,,,206,14
22000443,2021-02-17 22:00:00+00:00,Golden State,Warriors,1610612744,Miami,Heat,1610612748,120,112,1610612744,Regular Season,18024.0,,,232,8
22000444,2021-02-17 22:00:00+00:00,Los Angeles,Clippers,1610612746,Utah,Jazz,1610612762,96,114,1610612762,Regular Season,18024.0,,,210,18
22000562,2021-02-17 21:00:00+00:00,Memphis,Grizzlies,1610612763,Oklahoma City,Thunder,1610612760,122,113,1610612763,Regular Season,18024.0,,,235,9
22000441,2021-02-17 21:00:00+00:00,New Orleans,Pelicans,1610612740,Portland,Trail Blazers,1610612757,124,126,1610612757,Regular Season,1940.0,,,250,2
22000564,2021-02-17 20:00:00+00:00,Chicago,Bulls,1610612741,Detroit,Pistons,1610612765,105,102,1610612741,Regular Season,18024.0,,,207,3
22000440,2021-02-17 20:00:00+00:00,Minnesota,Timberwolves,1610612750,Indiana,Pacers,1610612754,128,134,1610612754,Regular Season,18024.0,,,262,6
22000437,2021-02-17 20:00:00+00:00,Washington,Wizards,1610612764,Denver,Nuggets,1610612743,130,128,1610612764,Regular Season,18024.0,,,258,2
22000438,2021-02-17 19:30:00+00:00,Boston,Celtics,1610612738,Atlanta,Hawks,1610612737,114,122,1610612737,Regular Season,18024.0,,,236,8
22000439,2021-02-17 19:30:00+00:00,Philadelphia,76ers,1610612755,Houston,Rockets,1610612745,118,113,1610612755,Regular Season,18024.0,,,231,5
22000436,2021-02-17 19:00:00+00:00,Orlando,Magic,1610612753,New York,Knicks,1610612752,107,89,1610612753,Regular Season,4249.0,,,196,18
22000433,2021-02-16 22:30:00+00:00,Phoenix,Suns,1610612756,Brooklyn,Nets,1610612751,124,128,1610612751,Regular Season,3181.0,,,252,4
22000431,2021-02-16 20:00:00+00:00,Minnesota,Timberwolves,1610612750,Los Angeles,Lakers,1610612747,104,112,1610612747,Regular Season,18024.0,,,216,8
22000432,2021-02-16 20:00:00+00:00,Oklahoma City,Thunder,1610612760,Portland,Trail Blazers,1610612757,104,115,1610612757,Regular Season,18024.0,,,219,11
22000429,2021-02-16 20:00:00+00:00,Memphis,Grizzlies,1610612763,New Orleans,Pelicans,1610612740,113,144,1610612740,Regular Season,1982.0,,,257,31
22000430,2021-02-16 20:00:00+00:00,Milwaukee,Bucks,1610612749,Toronto,Raptors,1610612761,113,124,1610612761,Regular Season,250.0,,,237,11
22000427,2021-02-16 19:00:00+00:00,Boston,Celtics,1610612738,Denver,Nuggets,1610612743,112,99,1610612738,Regular Season,18024.0,,,211,13
22000426,2021-02-15 22:00:00+00:00,Sacramento,Kings,1610612758,Brooklyn,Nets,1610612751,125,136,1610612751,Regular Season,18024.0,,,261,11
22000425,2021-02-15 22:00:00+00:00,Los Angeles,Clippers,1610612746,Miami,Heat,1610612748,125,118,1610612746,Regular Season,18024.0,,,243,7
22000424,2021-02-15 22:00:00+00:00,Golden State,Warriors,1610612744,Cleveland,Cavaliers,1610612739,129,98,1610612744,Regular Season,18024.0,,,227,31
22000423,2021-02-15 21:00:00+00:00,Utah,Jazz,1610612762,Philadelphia,76ers,1610612755,134,123,1610612762,Regular Season,3902.0,,,257,11
22000422,2021-02-15 19:30:00+00:00,New York,Knicks,1610612752,Atlanta,Hawks,1610612737,123,112,1610612752,Regular Season,18024.0,,,235,11
22000421,2021-02-15 19:00:00+00:00,Washington,Wizards,1610612764,Houston,Rockets,1610612745,131,119,1610612764,Regular Season,18024.0,,,250,12
22000420,2021-02-15 19:00:00+00:00,Indiana,Pacers,1610612754,Chicago,Bulls,1610612741,112,120,1610612741,Regular Season,18024.0,,,232,8
22000416,2021-02-14 22:00:00+00:00,Denver,Nuggets,1610612743,Los Angeles,Lakers,1610612747,122,105,1610612743,Regular Season,18024.0,,,227,17
22000419,2021-02-14 22:00:00+00:00,Los Angeles,Clippers,1610612746,Cleveland,Cavaliers,1610612739,128,111,1610612746,Regular Season,18024.0,,,239,17
22000418,2021-02-14 22:00:00+00:00,Sacramento,Kings,1610612758,Memphis,Grizzlies,1610612763,110,124,1610612763,Regular Season,18024.0,,,234,14
22000417,2021-02-14 21:00:00+00:00,Phoenix,Suns,1610612756,Orlando,Magic,1610612753,109,90,1610612756,Regular Season,1732.0,,,199,19
22000415,2021-02-14 20:00:00+00:00,Oklahoma City,Thunder,1610612760,Milwaukee,Bucks,1610612749,114,109,1610612760,Regular Season,18024.0,,,223,5
22000411,2021-02-14 19:30:00+00:00,Dallas,Mavericks,1610612742,Portland,Trail Blazers,1610612757,118,121,1610612757,Regular Season,2211.0,,,239,3
22000561,2021-02-14 19:00:00+00:00,Detroit,Pistons,1610612765,New Orleans,Pelicans,1610612740,123,112,1610612765,Regular Season,18024.0,,,235,11
22000413,2021-02-14 19:00:00+00:00,Toronto,Raptors,1610612761,Minnesota,Timberwolves,1610612750,112,116,1610612750,Regular Season,18024.0,,,228,4
22000414,2021-02-14 19:00:00+00:00,Charlotte,Hornets,1610612766,San Antonio,Spurs,1610612759,110,122,1610612759,Regular Season,18024.0,,,232,12
22000560,2021-02-14 13:00:00+00:00,Washington,Wizards,1610612764,Boston,Celtics,1610612738,104,91,1610612764,Regular Season,18024.0,,,195,13
22000410,2021-02-13 21:00:00+00:00,Utah,Jazz,1610612762,Miami,Heat,1610612748,112,94,1610612762,Regular Season,3902.0,,,206,18
22000409,2021-02-13 20:30:00+00:00,Golden State,Warriors,1610612744,Brooklyn,Nets,1610612751,117,134,1610612751,Regular Season,18024.0,,,251,17
22000408,2021-02-13 20:00:00+00:00,New York,Knicks,1610612752,Houston,Rockets,1610612745,121,99,1610612752,Regular Season,18024.0,,,220,22
22000407,2021-02-13 19:30:00+00:00,Atlanta,Hawks,1610612737,Indiana,Pacers,1610612754,113,125,1610612754,Regular Season,1393.0,,,238,12
22000406,2021-02-13 15:00:00+00:00,Phoenix,Suns,1610612756,Philadelphia,76ers,1610612755,120,111,1610612756,Regular Season,1652.0,,,231,9
22000403,2021-02-12 22:00:00+00:00,Los Angeles,Lakers,1610612747,Memphis,Grizzlies,1610612763,115,105,1610612747,Regular Season,18024.0,,,220,10
22000404,2021-02-12 22:00:00+00:00,Portland,Trail Blazers,1610612757,Cleveland,Cavaliers,1610612739,129,110,1610612757,Regular Season,18024.0,,,239,19
22000405,2021-02-12 22:00:00+00:00,Sacramento,Kings,1610612758,Orlando,Magic,1610612753,112,123,1610612753,Regular Season,18024.0,,,235,11
22000401,2021-02-12 21:00:00+00:00,Denver,Nuggets,1610612743,Oklahoma City,Thunder,1610612760,97,95,1610612743,Regular Season,18024.0,,,192,2
22000402,2021-02-12 21:00:00+00:00,Utah,Jazz,1610612762,Milwaukee,Bucks,1610612749,129,115,1610612762,Regular Season,3902.0,,,244,14
22000412,2021-02-12 20:00:00+00:00,Boston,Celtics,1610612738,Detroit,Pistons,1610612765,102,108,1610612765,Regular Season,18024.0,,,210,6
22000400,2021-02-12 20:00:00+00:00,Chicago,Bulls,1610612741,Los Angeles,Clippers,1610612746,106,125,1610612746,Regular Season,18024.0,,,231,19
22000399,2021-02-12 19:30:00+00:00,Dallas,Mavericks,1610612742,New Orleans,Pelicans,1610612740,143,130,1610612742,Regular Season,1514.0,,,273,13
22000397,2021-02-12 19:30:00+00:00,Atlanta,Hawks,1610612737,San Antonio,Spurs,1610612759,114,125,1610612759,Regular Season,1451.0,,,239,11
22000395,2021-02-12 19:00:00+00:00,Charlotte,Hornets,1610612766,Minnesota,Timberwolves,1610612750,120,114,1610612766,Regular Season,18024.0,,,234,6
22000396,2021-02-12 19:00:00+00:00,Washington,Wizards,1610612764,New York,Knicks,1610612752,91,109,1610612752,Regular Season,18024.0,,,200,18
22000394,2021-02-11 22:00:00+00:00,Portland,Trail Blazers,1610612757,Philadelphia,76ers,1610612755,118,114,1610612757,Regular Season,18024.0,,,232,4
22000393,2021-02-11 22:00:00+00:00,Golden State,Warriors,1610612744,Orlando,Magic,1610612753,111,105,1610612744,Regular Season,18024.0,,,216,6
22000391,2021-02-11 20:00:00+00:00,Detroit,Pistons,1610612765,Indiana,Pacers,1610612754,95,111,1610612754,Regular Season,18024.0,,,206,16
22000398,2021-02-11 19:30:00+00:00,Boston,Celtics,1610612738,Toronto,Raptors,1610612761,120,106,1610612738,Regular Season,18024.0,,,226,14
22000392,2021-02-11 19:30:00+00:00,Houston,Rockets,1610612745,Miami,Heat,1610612748,94,101,1610612748,Regular Season,3251.0,,,195,7
22000390,2021-02-10 22:00:00+00:00,Los Angeles,Lakers,1610612747,Oklahoma City,Thunder,1610612760,114,113,1610612747,Regular Season,18024.0,,,227,1
22000389,2021-02-10 22:00:00+00:00,Phoenix,Suns,1610612756,Milwaukee,Bucks,1610612749,125,124,1610612756,Regular Season,1491.0,,,249,1
22000385,2021-02-10 21:00:00+00:00,Chicago,Bulls,1610612741,New Orleans,Pelicans,1610612740,129,116,1610612741,Regular Season,18024.0,,,245,13
22000388,2021-02-10 21:00:00+00:00,Denver,Nuggets,1610612743,Cleveland,Cavaliers,1610612739,133,95,1610612743,Regular Season,18024.0,,,228,38
22000387,2021-02-10 20:00:00+00:00,Minnesota,Timberwolves,1610612750,Los Angeles,Clippers,1610612746,112,119,1610612746,Regular Season,18024.0,,,231,7
22000383,2021-02-10 20:00:00+00:00,Brooklyn,Nets,1610612751,Indiana,Pacers,1610612754,104,94,1610612751,Regular Season,18024.0,,,198,10
22000386,2021-02-10 20:00:00+00:00,Memphis,Grizzlies,1610612763,Charlotte,Hornets,1610612766,130,114,1610612763,Regular Season,1830.0,,,244,16
22000384,2021-02-10 19:30:00+00:00,Dallas,Mavericks,1610612742,Atlanta,Hawks,1610612737,118,117,1610612742,Regular Season,1000.0,,,235,1
22000382,2021-02-10 19:00:00+00:00,Washington,Wizards,1610612764,Toronto,Raptors,1610612761,115,137,1610612761,Regular Season,18024.0,,,252,22
22000379,2021-02-09 22:00:00+00:00,Utah,Jazz,1610612762,Boston,Celtics,1610612738,122,108,1610612762,Regular Season,3902.0,,,230,14
22000380,2021-02-09 22:00:00+00:00,Portland,Trail Blazers,1610612757,Orlando,Magic,1610612753,106,97,1610612757,Regular Season,18024.0,,,203,9
22000381,2021-02-09 22:00:00+00:00,Sacramento,Kings,1610612758,Philadelphia,76ers,1610612755,111,119,1610612755,Regular Season,18024.0,,,230,8
22000378,2021-02-09 20:30:00+00:00,San Antonio,Spurs,1610612759,Golden State,Warriors,1610612744,91,114,1610612744,Regular Season,18024.0,,,205,23
22000377,2021-02-09 19:30:00+00:00,New Orleans,Pelicans,1610612740,Houston,Rockets,1610612745,130,101,1610612740,Regular Season,1900.0,,,231,29
22000376,2021-02-09 19:30:00+00:00,Miami,Heat,1610612748,New York,Knicks,1610612752,98,96,1610612748,Regular Season,18024.0,,,194,2
22000375,2021-02-09 19:00:00+00:00,Detroit,Pistons,1610612765,Brooklyn,Nets,1610612751,122,111,1610612765,Regular Season,18024.0,,,233,11
22000374,2021-02-08 22:00:00+00:00,Los Angeles,Lakers,1610612747,Oklahoma City,Thunder,1610612760,119,112,1610612747,Regular Season,18024.0,,,231,7
22000373,2021-02-08 21:30:00+00:00,Denver,Nuggets,1610612743,Milwaukee,Bucks,1610612749,112,125,1610612749,Regular Season,18024.0,,,237,13
22000372,2021-02-08 21:00:00+00:00,Phoenix,Suns,1610612756,Cleveland,Cavaliers,1610612739,119,113,1610612756,Regular Season,1485.0,,,232,6
22000371,2021-02-08 20:30:00+00:00,San Antonio,Spurs,1610612759,Golden State,Warriors,1610612744,105,100,1610612759,Regular Season,18024.0,,,205,5
22000370,2021-02-08 20:30:00+00:00,Dallas,Mavericks,1610612742,Minnesota,Timberwolves,1610612750,127,122,1610612742,Regular Season,1000.0,,,249,5
22000368,2021-02-08 20:00:00+00:00,Chicago,Bulls,1610612741,Washington,Wizards,1610612764,101,105,1610612764,Regular Season,18024.0,,,206,4
22000369,2021-02-08 20:00:00+00:00,Memphis,Grizzlies,1610612763,Toronto,Raptors,1610612761,113,128,1610612761,Regular Season,1844.0,,,241,15
22000367,2021-02-08 19:00:00+00:00,Charlotte,Hornets,1610612766,Houston,Rockets,1610612745,119,94,1610612766,Regular Season,18024.0,,,213,25
22000366,2021-02-07 15:00:00+00:00,Los Angeles,Clippers,1610612746,Sacramento,Kings,1610612758,110,113,1610612758,Regular Season,18024.0,,,223,3
22000365,2021-02-07 14:00:00+00:00,Phoenix,Suns,1610612756,Boston,Celtics,1610612738,100,91,1610612756,Regular Season,1493.0,,,191,9
22000364,2021-02-07 13:00:00+00:00,New York,Knicks,1610612752,Miami,Heat,1610612748,103,109,1610612748,Regular Season,18024.0,,,212,6
22000215,2021-02-07 13:00:00+00:00,Charlotte,Hornets,1610612766,Washington,Wizards,1610612764,119,97,1610612766,Regular Season,18024.0,,,216,22
22000363,2021-02-07 13:00:00+00:00,Indiana,Pacers,1610612754,Utah,Jazz,1610612762,95,103,1610612762,Regular Season,18024.0,,,198,8
22000361,2021-02-06 22:00:00+00:00,Los Angeles,Lakers,1610612747,Detroit,Pistons,1610612765,135,129,1610612747,Regular Season,18024.0,,,264,6
22000355,2021-02-06 21:00:00+00:00,New Orleans,Pelicans,1610612740,Memphis,Grizzlies,1610612763,118,109,1610612740,Regular Season,1440.0,,,227,9
22000360,2021-02-06 20:30:00+00:00,Dallas,Mavericks,1610612742,Golden State,Warriors,1610612744,134,132,1610612742,Regular Season,18024.0,,,266,2
22000354,2021-02-06 20:00:00+00:00,Philadelphia,76ers,1610612755,Brooklyn,Nets,1610612751,124,108,1610612755,Regular Season,18024.0,,,232,16
22000358,2021-02-06 20:00:00+00:00,Houston,Rockets,1610612745,San Antonio,Spurs,1610612759,106,111,1610612759,Regular Season,3313.0,,,217,5
22000359,2021-02-06 20:00:00+00:00,Oklahoma City,Thunder,1610612760,Minnesota,Timberwolves,1610612750,120,118,1610612760,Regular Season,18024.0,,,238,2
22000356,2021-02-06 20:00:00+00:00,Atlanta,Hawks,1610612737,Toronto,Raptors,1610612761,132,121,1610612737,Regular Season,991.0,,,253,11
22000357,2021-02-06 20:00:00+00:00,Cleveland,Cavaliers,1610612739,Milwaukee,Bucks,1610612749,99,124,1610612749,Regular Season,2720.0,,,223,25
22000353,2021-02-06 19:00:00+00:00,Orlando,Magic,1610612753,Chicago,Bulls,1610612741,92,118,1610612741,Regular Season,3880.0,,,210,26
22000352,2021-02-06 17:00:00+00:00,Sacramento,Kings,1610612758,Denver,Nuggets,1610612743,119,114,1610612758,Regular Season,18024.0,,,233,5
22000351,2021-02-06 13:00:00+00:00,New York,Knicks,1610612752,Portland,Trail Blazers,1610612757,110,99,1610612752,Regular Season,18024.0,,,209,11
22000350,2021-02-05 22:00:00+00:00,Los Angeles,Clippers,1610612746,Boston,Celtics,1610612738,115,119,1610612738,Regular Season,18024.0,,,234,4
22000349,2021-02-05 21:00:00+00:00,Phoenix,Suns,1610612756,Detroit,Pistons,1610612765,109,92,1610612756,Regular Season,18024.0,,,201,17
22000342,2021-02-05 20:00:00+00:00,Charlotte,Hornets,1610612766,Utah,Jazz,1610612762,121,138,1610612762,Regular Season,18024.0,,,259,17
22000348,2021-02-05 20:00:00+00:00,Oklahoma City,Thunder,1610612760,Minnesota,Timberwolves,1610612750,103,106,1610612750,Regular Season,18024.0,,,209,3
22000347,2021-02-05 20:00:00+00:00,Miami,Heat,1610612748,Washington,Wizards,1610612764,122,95,1610612748,Regular Season,18024.0,,,217,27
22000345,2021-02-05 19:30:00+00:00,Brooklyn,Nets,1610612751,Toronto,Raptors,1610612761,117,123,1610612761,Regular Season,18024.0,,,240,6
22000346,2021-02-05 19:30:00+00:00,Cleveland,Cavaliers,1610612739,Milwaukee,Bucks,1610612749,105,123,1610612749,Regular Season,2720.0,,,228,18
22000344,2021-02-05 19:00:00+00:00,Orlando,Magic,1610612753,Chicago,Bulls,1610612741,123,119,1610612753,Regular Season,3535.0,,,242,4
22000343,2021-02-05 19:00:00+00:00,Indiana,Pacers,1610612754,New Orleans,Pelicans,1610612740,113,114,1610612740,Regular Season,18024.0,,,227,1
22000341,2021-02-04 22:00:00+00:00,Los Angeles,Lakers,1610612747,Denver,Nuggets,1610612743,114,93,1610612747,Regular Season,18024.0,,,207,21
22000340,2021-02-04 21:00:00+00:00,Memphis,Grizzlies,1610612763,Houston,Rockets,1610612745,103,115,1610612745,Regular Season,1762.0,,,218,12
22000337,2021-02-04 20:00:00+00:00,Philadelphia,76ers,1610612755,Portland,Trail Blazers,1610612757,105,121,1610612757,Regular Season,18024.0,,,226,16
22000338,2021-02-04 19:30:00+00:00,Atlanta,Hawks,1610612737,Utah,Jazz,1610612762,91,112,1610612762,Regular Season,1261.0,,,203,21
22000339,2021-02-04 19:30:00+00:00,Dallas,Mavericks,1610612742,Golden State,Warriors,1610612744,116,147,1610612744,Regular Season,18024.0,,,263,31
22000336,2021-02-03 22:00:00+00:00,Sacramento,Kings,1610612758,Boston,Celtics,1610612738,116,111,1610612758,Regular Season,18024.0,,,227,5
22000335,2021-02-03 21:30:00+00:00,New Orleans,Pelicans,1610612740,Phoenix,Suns,1610612756,123,101,1610612740,Regular Season,1440.0,,,224,22
22000334,2021-02-03 20:30:00+00:00,San Antonio,Spurs,1610612759,Minnesota,Timberwolves,1610612750,111,108,1610612759,Regular Season,18024.0,,,219,3
22000331,2021-02-03 20:00:00+00:00,Miami,Heat,1610612748,Washington,Wizards,1610612764,100,103,1610612764,Regular Season,18024.0,,,203,3
22000333,2021-02-03 20:00:00+00:00,Oklahoma City,Thunder,1610612760,Houston,Rockets,1610612745,104,87,1610612760,Regular Season,18024.0,,,191,17
22000332,2021-02-03 20:00:00+00:00,Chicago,Bulls,1610612741,New York,Knicks,1610612752,103,107,1610612752,Regular Season,18024.0,,,210,4
22000328,2021-02-03 20:00:00+00:00,Cleveland,Cavaliers,1610612739,Los Angeles,Clippers,1610612746,99,121,1610612746,Regular Season,1944.0,,,220,22
22000330,2021-02-03 19:30:00+00:00,Atlanta,Hawks,1610612737,Dallas,Mavericks,1610612742,116,122,1610612742,Regular Season,1259.0,,,238,6
22000327,2021-02-03 19:00:00+00:00,Charlotte,Hornets,1610612766,Philadelphia,76ers,1610612755,111,118,1610612755,Regular Season,18024.0,,,229,7
22000329,2021-02-03 19:00:00+00:00,Milwaukee,Bucks,1610612749,Indiana,Pacers,1610612754,130,110,1610612749,Regular Season,18024.0,,,240,20
22000326,2021-02-02 22:00:00+00:00,Golden State,Warriors,1610612744,Boston,Celtics,1610612738,107,111,1610612738,Regular Season,18024.0,,,218,4
22000325,2021-02-02 22:00:00+00:00,Utah,Jazz,1610612762,Detroit,Pistons,1610612765,117,105,1610612762,Regular Season,3902.0,,,222,12
22000322,2021-02-02 20:00:00+00:00,Indiana,Pacers,1610612754,Memphis,Grizzlies,1610612763,134,116,1610612754,Regular Season,18024.0,,,250,18
22000559,2021-02-02 20:00:00+00:00,Washington,Wizards,1610612764,Portland,Trail Blazers,1610612757,121,132,1610612757,Regular Season,18024.0,,,253,11
22000324,2021-02-02 19:30:00+00:00,Brooklyn,Nets,1610612751,Los Angeles,Clippers,1610612746,124,120,1610612751,Regular Season,18024.0,,,244,4
22000323,2021-02-02 19:00:00+00:00,Orlando,Magic,1610612753,Toronto,Raptors,1610612761,108,123,1610612761,Regular Season,3211.0,,,231,15
22000320,2021-02-01 20:30:00+00:00,San Antonio,Spurs,1610612759,Memphis,Grizzlies,1610612763,102,133,1610612763,Regular Season,18024.0,,,235,31
22000319,2021-02-01 20:30:00+00:00,Dallas,Mavericks,1610612742,Phoenix,Suns,1610612756,108,109,1610612756,Regular Season,18024.0,,,217,1
22000312,2021-02-01 20:00:00+00:00,Cleveland,Cavaliers,1610612739,Minnesota,Timberwolves,1610612750,100,98,1610612739,Regular Season,18024.0,,,198,2
22000315,2021-02-01 20:00:00+00:00,Chicago,Bulls,1610612741,New York,Knicks,1610612752,110,102,1610612741,Regular Season,18024.0,,,212,8
22000317,2021-02-01 20:00:00+00:00,New Orleans,Pelicans,1610612740,Sacramento,Kings,1610612758,109,118,1610612758,Regular Season,1440.0,,,227,9
22000316,2021-02-01 20:00:00+00:00,Milwaukee,Bucks,1610612749,Portland,Trail Blazers,1610612757,134,106,1610612749,Regular Season,18024.0,,,240,28
22000318,2021-02-01 20:00:00+00:00,Oklahoma City,Thunder,1610612760,Houston,Rockets,1610612745,106,136,1610612745,Regular Season,18024.0,,,242,30
22000313,2021-02-01 19:30:00+00:00,Atlanta,Hawks,1610612737,Los Angeles,Lakers,1610612747,99,107,1610612747,Regular Season,1341.0,,,206,8
22000314,2021-02-01 19:30:00+00:00,Miami,Heat,1610612748,Charlotte,Hornets,1610612766,121,129,1610612766,Regular Season,18024.0,,,250,8
22000311,2021-01-31 20:00:00+00:00,Minnesota,Timberwolves,1610612750,Cleveland,Cavaliers,1610612739,109,104,1610612750,Regular Season,18024.0,,,213,5
22000310,2021-01-31 19:00:00+00:00,Washington,Wizards,1610612764,Brooklyn,Nets,1610612751,149,146,1610612764,Regular Season,18024.0,,,295,3
22000309,2021-01-31 19:00:00+00:00,Toronto,Raptors,1610612761,Orlando,Magic,1610612753,115,102,1610612761,Regular Season,18024.0,,,217,13
22000307,2021-01-31 19:00:00+00:00,Indiana,Pacers,1610612754,Philadelphia,76ers,1610612755,110,119,1610612755,Regular Season,18024.0,,,229,9
22000306,2021-01-31 15:30:00+00:00,Denver,Nuggets,1610612743,Utah,Jazz,1610612762,128,117,1610612743,Regular Season,18024.0,,,245,11
22000308,2021-01-31 13:00:00+00:00,New York,Knicks,1610612752,Los Angeles,Clippers,1610612746,115,129,1610612746,Regular Season,18024.0,,,244,14
22000305,2021-01-30 22:00:00+00:00,Golden State,Warriors,1610612744,Detroit,Pistons,1610612765,118,91,1610612744,Regular Season,18024.0,,,209,27
22000303,2021-01-30 21:00:00+00:00,Dallas,Mavericks,1610612742,Phoenix,Suns,1610612756,105,111,1610612756,Regular Season,18024.0,,,216,6
22000302,2021-01-30 20:30:00+00:00,Boston,Celtics,1610612738,Los Angeles,Lakers,1610612747,95,96,1610612747,Regular Season,18024.0,,,191,1
22000304,2021-01-30 20:30:00+00:00,San Antonio,Spurs,1610612759,Memphis,Grizzlies,1610612763,112,129,1610612763,Regular Season,18024.0,,,241,17
22000300,2021-01-30 20:00:00+00:00,New Orleans,Pelicans,1610612740,Houston,Rockets,1610612745,112,126,1610612745,Regular Season,1440.0,,,238,14
22000301,2021-01-30 20:00:00+00:00,Miami,Heat,1610612748,Sacramento,Kings,1610612758,105,104,1610612748,Regular Season,18024.0,,,209,1
22000299,2021-01-30 20:00:00+00:00,Charlotte,Hornets,1610612766,Milwaukee,Bucks,1610612749,126,114,1610612766,Regular Season,18024.0,,,240,12
22000298,2021-01-30 20:00:00+00:00,Chicago,Bulls,1610612741,Portland,Trail Blazers,1610612757,122,123,1610612757,Regular Season,18024.0,,,245,1
22000297,2021-01-29 22:00:00+00:00,Utah,Jazz,1610612762,Dallas,Mavericks,1610612742,120,101,1610612762,Regular Season,1932.0,,,221,19
22000296,2021-01-29 20:30:00+00:00,San Antonio,Spurs,1610612759,Denver,Nuggets,1610612743,119,109,1610612759,Regular Season,18024.0,,,228,10
22000289,2021-01-29 20:00:00+00:00,Orlando,Magic,1610612753,Los Angeles,Clippers,1610612746,90,116,1610612746,Regular Season,3763.0,,,206,26
22000294,2021-01-29 20:00:00+00:00,Minnesota,Timberwolves,1610612750,Philadelphia,76ers,1610612755,94,118,1610612755,Regular Season,18024.0,,,212,24
22000295,2021-01-29 20:00:00+00:00,Oklahoma City,Thunder,1610612760,Brooklyn,Nets,1610612751,125,147,1610612751,Regular Season,18024.0,,,272,22
22000293,2021-01-29 19:30:00+00:00,New Orleans,Pelicans,1610612740,Milwaukee,Bucks,1610612749,131,126,1610612740,Regular Season,1440.0,,,257,5
22000292,2021-01-29 19:30:00+00:00,Toronto,Raptors,1610612761,Sacramento,Kings,1610612758,124,126,1610612758,Regular Season,18024.0,,,250,2
22000291,2021-01-29 19:30:00+00:00,New York,Knicks,1610612752,Cleveland,Cavaliers,1610612739,102,81,1610612752,Regular Season,18024.0,,,183,21
22000288,2021-01-29 19:00:00+00:00,Charlotte,Hornets,1610612766,Indiana,Pacers,1610612754,108,105,1610612766,Regular Season,18024.0,,,213,3
22000290,2021-01-29 19:00:00+00:00,Washington,Wizards,1610612764,Atlanta,Hawks,1610612737,100,116,1610612737,Regular Season,18024.0,,,216,16
22000286,2021-01-28 22:00:00+00:00,Phoenix,Suns,1610612756,Golden State,Warriors,1610612744,114,93,1610612756,Regular Season,18024.0,,,207,21
22000285,2021-01-28 20:00:00+00:00,Miami,Heat,1610612748,Los Angeles,Clippers,1610612746,105,109,1610612746,Regular Season,18024.0,,,214,4
22000284,2021-01-28 20:00:00+00:00,Detroit,Pistons,1610612765,Los Angeles,Lakers,1610612747,107,92,1610612765,Regular Season,18024.0,,,199,15
22000287,2021-01-28 19:30:00+00:00,Houston,Rockets,1610612745,Portland,Trail Blazers,1610612757,104,101,1610612745,Regular Season,3154.0,,,205,3
22000283,2021-01-27 22:00:00+00:00,Golden State,Warriors,1610612744,Minnesota,Timberwolves,1610612750,123,111,1610612744,Regular Season,18024.0,,,234,12
22000282,2021-01-27 21:00:00+00:00,Utah,Jazz,1610612762,Dallas,Mavericks,1610612742,116,104,1610612762,Regular Season,18024.0,,,220,12
22000279,2021-01-27 21:00:00+00:00,New Orleans,Pelicans,1610612740,Washington,Wizards,1610612764,124,106,1610612740,Regular Season,750.0,,,230,18
22000281,2021-01-27 21:00:00+00:00,Phoenix,Suns,1610612756,Oklahoma City,Thunder,1610612760,97,102,1610612760,Regular Season,18024.0,,,199,5
22000280,2021-01-27 20:30:00+00:00,San Antonio,Spurs,1610612759,Boston,Celtics,1610612738,110,106,1610612759,Regular Season,18024.0,,,216,4
22000275,2021-01-27 19:30:00+00:00,Miami,Heat,1610612748,Denver,Nuggets,1610612743,82,109,1610612743,Regular Season,18024.0,,,191,27
22000276,2021-01-27 19:30:00+00:00,Philadelphia,76ers,1610612755,Los Angeles,Lakers,1610612747,107,106,1610612755,Regular Season,18024.0,,,213,1
22000277,2021-01-27 19:30:00+00:00,Toronto,Raptors,1610612761,Milwaukee,Bucks,1610612749,108,115,1610612749,Regular Season,18024.0,,,223,7
22000274,2021-01-27 19:30:00+00:00,Atlanta,Hawks,1610612737,Brooklyn,Nets,1610612751,128,132,1610612751,Regular Season,1008.0,,,260,4
22000271,2021-01-27 19:00:00+00:00,Charlotte,Hornets,1610612766,Indiana,Pacers,1610612754,106,116,1610612754,Regular Season,18024.0,,,222,10
22000272,2021-01-27 19:00:00+00:00,Cleveland,Cavaliers,1610612739,Detroit,Pistons,1610612765,122,107,1610612739,Regular Season,1944.0,,,229,15
22000273,2021-01-27 19:00:00+00:00,Orlando,Magic,1610612753,Sacramento,Kings,1610612758,107,121,1610612758,Regular Season,3216.0,,,228,14
22000270,2021-01-26 21:00:00+00:00,Utah,Jazz,1610612762,New York,Knicks,1610612752,108,94,1610612762,Regular Season,1932.0,,,202,14
22000269,2021-01-26 20:00:00+00:00,Houston,Rockets,1610612745,Washington,Wizards,1610612764,107,88,1610612745,Regular Season,2996.0,,,195,19
22000268,2021-01-26 19:30:00+00:00,Atlanta,Hawks,1610612737,Los Angeles,Clippers,1610612746,108,99,1610612737,Regular Season,1180.0,,,207,9
22000267,2021-01-25 22:00:00+00:00,Portland,Trail Blazers,1610612757,Oklahoma City,Thunder,1610612760,122,125,1610612760,Regular Season,18024.0,,,247,3
22000266,2021-01-25 22:00:00+00:00,Golden State,Warriors,1610612744,Minnesota,Timberwolves,1610612750,130,108,1610612744,Regular Season,18024.0,,,238,22
22000262,2021-01-25 21:00:00+00:00,Chicago,Bulls,1610612741,Boston,Celtics,1610612738,103,119,1610612738,Regular Season,18024.0,,,222,16
22000265,2021-01-25 20:30:00+00:00,Dallas,Mavericks,1610612742,Denver,Nuggets,1610612743,113,117,1610612743,Regular Season,18024.0,,,230,4
22000261,2021-01-25 20:00:00+00:00,Cleveland,Cavaliers,1610612739,Los Angeles,Lakers,1610612747,108,115,1610612747,Regular Season,18024.0,,,223,7
22000260,2021-01-25 19:30:00+00:00,Brooklyn,Nets,1610612751,Miami,Heat,1610612748,98,85,1610612751,Regular Season,18024.0,,,183,13
22000257,2021-01-25 19:00:00+00:00,Detroit,Pistons,1610612765,Philadelphia,76ers,1610612755,119,104,1610612765,Regular Season,18024.0,,,223,15
22000259,2021-01-25 19:00:00+00:00,Orlando,Magic,1610612753,Charlotte,Hornets,1610612766,117,108,1610612753,Regular Season,3167.0,,,225,9
22000258,2021-01-25 19:00:00+00:00,Indiana,Pacers,1610612754,Toronto,Raptors,1610612761,129,114,1610612754,Regular Season,18024.0,,,243,15
22000256,2021-01-24 22:00:00+00:00,Portland,Trail Blazers,1610612757,New York,Knicks,1610612752,116,113,1610612757,Regular Season,18024.0,,,229,3
22000254,2021-01-24 20:00:00+00:00,Milwaukee,Bucks,1610612749,Atlanta,Hawks,1610612737,129,115,1610612749,Regular Season,18024.0,,,244,14
22000253,2021-01-24 20:00:00+00:00,San Antonio,Spurs,1610612759,Washington,Wizards,1610612764,121,101,1610612759,Regular Season,18024.0,,,222,20
22000250,2021-01-24 19:00:00+00:00,Boston,Celtics,1610612738,Cleveland,Cavaliers,1610612739,141,103,1610612738,Regular Season,18024.0,,,244,38
22000252,2021-01-24 19:00:00+00:00,Orlando,Magic,1610612753,Charlotte,Hornets,1610612766,104,107,1610612766,Regular Season,18024.0,,,211,3
22000251,2021-01-24 16:00:00+00:00,Los Angeles,Clippers,1610612746,Oklahoma City,Thunder,1610612760,108,100,1610612746,Regular Season,18024.0,,,208,8
22000249,2021-01-24 13:00:00+00:00,Indiana,Pacers,1610612754,Toronto,Raptors,1610612761,102,107,1610612761,Regular Season,18024.0,,,209,5
22000248,2021-01-23 21:00:00+00:00,Phoenix,Suns,1610612756,Denver,Nuggets,1610612743,112,120,1610612743,Regular Season,18024.0,,,232,8
22000247,2021-01-23 21:00:00+00:00,Dallas,Mavericks,1610612742,Houston,Rockets,1610612745,108,133,1610612745,Regular Season,18024.0,,,241,25
22000242,2021-01-23 21:00:00+00:00,Utah,Jazz,1610612762,Golden State,Warriors,1610612744,127,108,1610612762,Regular Season,18024.0,,,235,19
22000245,2021-01-23 21:00:00+00:00,Chicago,Bulls,1610612741,Los Angeles,Lakers,1610612747,90,101,1610612747,Regular Season,18024.0,,,191,11
22000243,2021-01-23 20:00:00+00:00,Detroit,Pistons,1610612765,Philadelphia,76ers,1610612755,110,114,1610612755,Regular Season,18024.0,,,224,4
22000246,2021-01-23 20:00:00+00:00,Minnesota,Timberwolves,1610612750,New Orleans,Pelicans,1610612740,120,110,1610612750,Regular Season,18024.0,,,230,10
22000244,2021-01-23 20:00:00+00:00,Brooklyn,Nets,1610612751,Miami,Heat,1610612748,128,124,1610612751,Regular Season,18024.0,,,252,4
22000238,2021-01-22 22:00:00+00:00,Phoenix,Suns,1610612756,Denver,Nuggets,1610612743,126,130,1610612743,Regular Season,18024.0,,,256,4
22000241,2021-01-22 22:00:00+00:00,Sacramento,Kings,1610612758,New York,Knicks,1610612752,103,94,1610612758,Regular Season,18024.0,,,197,9
22000239,2021-01-22 22:00:00+00:00,Los Angeles,Clippers,1610612746,Oklahoma City,Thunder,1610612760,120,106,1610612746,Regular Season,18024.0,,,226,14
22000237,2021-01-22 20:30:00+00:00,San Antonio,Spurs,1610612759,Dallas,Mavericks,1610612742,117,122,1610612742,Regular Season,18024.0,,,239,5
22000236,2021-01-22 20:00:00+00:00,Minnesota,Timberwolves,1610612750,Atlanta,Hawks,1610612737,98,116,1610612737,Regular Season,18024.0,,,214,18
22000233,2021-01-22 19:30:00+00:00,Philadelphia,76ers,1610612755,Boston,Celtics,1610612738,122,110,1610612755,Regular Season,18024.0,,,232,12
22000234,2021-01-22 19:30:00+00:00,Toronto,Raptors,1610612761,Miami,Heat,1610612748,101,81,1610612761,Regular Season,18024.0,,,182,20
22000232,2021-01-22 19:30:00+00:00,Cleveland,Cavaliers,1610612739,Brooklyn,Nets,1610612751,125,113,1610612739,Regular Season,18024.0,,,238,12
22000229,2021-01-22 19:00:00+00:00,Charlotte,Hornets,1610612766,Chicago,Bulls,1610612741,110,123,1610612741,Regular Season,18024.0,,,233,13
22000230,2021-01-22 19:00:00+00:00,Detroit,Pistons,1610612765,Houston,Rockets,1610612745,102,103,1610612745,Regular Season,18024.0,,,205,1
22000231,2021-01-22 19:00:00+00:00,Indiana,Pacers,1610612754,Orlando,Magic,1610612753,120,118,1610612754,Regular Season,18024.0,,,238,2
22000228,2021-01-21 22:00:00+00:00,Golden State,Warriors,1610612744,New York,Knicks,1610612752,104,119,1610612752,Regular Season,18024.0,,,223,15
22000227,2021-01-21 22:00:00+00:00,Utah,Jazz,1610612762,New Orleans,Pelicans,1610612740,129,118,1610612762,Regular Season,18024.0,,,247,11
22000226,2021-01-21 19:30:00+00:00,Milwaukee,Bucks,1610612749,Los Angeles,Lakers,1610612747,106,113,1610612747,Regular Season,18024.0,,,219,7
22000224,2021-01-20 22:00:00+00:00,Los Angeles,Clippers,1610612746,Sacramento,Kings,1610612758,115,96,1610612746,Regular Season,18024.0,,,211,19
22000223,2021-01-20 22:00:00+00:00,Golden State,Warriors,1610612744,San Antonio,Spurs,1610612759,121,99,1610612744,Regular Season,18024.0,,,220,22
22000222,2021-01-20 21:30:00+00:00,Houston,Rockets,1610612745,Phoenix,Suns,1610612756,103,109,1610612756,Regular Season,18024.0,,,212,6
22000221,2021-01-20 20:00:00+00:00,Minnesota,Timberwolves,1610612750,Orlando,Magic,1610612753,96,97,1610612753,Regular Season,18024.0,,,193,1
22000220,2021-01-20 19:30:00+00:00,Toronto,Raptors,1610612761,Miami,Heat,1610612748,102,111,1610612748,Regular Season,18024.0,,,213,9
22000219,2021-01-20 19:30:00+00:00,Atlanta,Hawks,1610612737,Detroit,Pistons,1610612765,123,115,1610612737,Regular Season,18024.0,,,238,8
22000216,2021-01-20 19:00:00+00:00,Cleveland,Cavaliers,1610612739,Brooklyn,Nets,1610612751,147,135,1610612739,Regular Season,18024.0,,,282,12
22000217,2021-01-20 19:00:00+00:00,Indiana,Pacers,1610612754,Dallas,Mavericks,1610612742,112,124,1610612742,Regular Season,18024.0,,,236,12
22000218,2021-01-20 19:00:00+00:00,Philadelphia,76ers,1610612755,Boston,Celtics,1610612738,117,109,1610612755,Regular Season,18024.0,,,226,8
22000213,2021-01-19 21:00:00+00:00,Denver,Nuggets,1610612743,Oklahoma City,Thunder,1610612760,119,101,1610612743,Regular Season,18024.0,,,220,18
22000214,2021-01-19 21:00:00+00:00,Utah,Jazz,1610612762,New Orleans,Pelicans,1610612740,118,102,1610612762,Regular Season,18024.0,,,220,16
22000212,2021-01-18 22:00:00+00:00,Los Angeles,Lakers,1610612747,Golden State,Warriors,1610612744,113,115,1610612744,Regular Season,18024.0,,,228,2
22000211,2021-01-18 20:00:00+00:00,Chicago,Bulls,1610612741,Houston,Rockets,1610612745,125,120,1610612741,Regular Season,18024.0,,,245,5
22000206,2021-01-18 20:00:00+00:00,Miami,Heat,1610612748,Detroit,Pistons,1610612765,113,107,1610612748,Regular Season,18024.0,,,220,6
22000209,2021-01-18 19:30:00+00:00,Brooklyn,Nets,1610612751,Milwaukee,Bucks,1610612749,125,123,1610612751,Regular Season,18024.0,,,248,2
22000210,2021-01-18 19:30:00+00:00,Toronto,Raptors,1610612761,Dallas,Mavericks,1610612742,116,93,1610612761,Regular Season,18024.0,,,209,23
22000208,2021-01-18 17:00:00+00:00,Memphis,Grizzlies,1610612763,Phoenix,Suns,1610612756,108,104,1610612763,Regular Season,18024.0,,,212,4
22000207,2021-01-18 15:00:00+00:00,Portland,Trail Blazers,1610612757,San Antonio,Spurs,1610612759,104,125,1610612759,Regular Season,18024.0,,,229,21
22000205,2021-01-18 14:30:00+00:00,Atlanta,Hawks,1610612737,Minnesota,Timberwolves,1610612750,108,97,1610612737,Regular Season,18024.0,,,205,11
22000203,2021-01-18 12:00:00+00:00,New York,Knicks,1610612752,Orlando,Magic,1610612753,91,84,1610612752,Regular Season,18024.0,,,175,7
22000202,2021-01-17 22:00:00+00:00,Los Angeles,Clippers,1610612746,Indiana,Pacers,1610612754,129,96,1610612746,Regular Season,18024.0,,,225,33
22000201,2021-01-17 21:00:00+00:00,Sacramento,Kings,1610612758,New Orleans,Pelicans,1610612740,123,128,1610612740,Regular Season,18024.0,,,251,5
22000200,2021-01-17 20:00:00+00:00,Denver,Nuggets,1610612743,Utah,Jazz,1610612762,105,109,1610612762,Regular Season,18024.0,,,214,4
22000198,2021-01-17 15:00:00+00:00,Dallas,Mavericks,1610612742,Chicago,Bulls,1610612741,101,117,1610612741,Regular Season,18024.0,,,218,16
22000196,2021-01-17 13:00:00+00:00,Boston,Celtics,1610612738,New York,Knicks,1610612752,75,105,1610612752,Regular Season,18024.0,,,180,30
22000195,2021-01-16 22:00:00+00:00,Portland,Trail Blazers,1610612757,Atlanta,Hawks,1610612737,112,106,1610612757,Regular Season,18024.0,,,218,6
22000193,2021-01-16 20:00:00+00:00,Memphis,Grizzlies,1610612763,Philadelphia,76ers,1610612755,106,104,1610612763,Regular Season,18024.0,,,210,2
22000192,2021-01-16 20:00:00+00:00,Miami,Heat,1610612748,Detroit,Pistons,1610612765,100,120,1610612765,Regular Season,18024.0,,,220,20
22000191,2021-01-16 19:30:00+00:00,Toronto,Raptors,1610612761,Charlotte,Hornets,1610612766,116,113,1610612761,Regular Season,18024.0,,,229,3
22000190,2021-01-16 18:00:00+00:00,Brooklyn,Nets,1610612751,Orlando,Magic,1610612753,122,115,1610612751,Regular Season,18024.0,,,237,7
22000189,2021-01-16 17:00:00+00:00,San Antonio,Spurs,1610612759,Houston,Rockets,1610612745,103,91,1610612759,Regular Season,18024.0,,,194,12
22000188,2021-01-15 22:00:00+00:00,Sacramento,Kings,1610612758,Los Angeles,Clippers,1610612746,100,138,1610612746,Regular Season,18024.0,,,238,38
22000187,2021-01-15 22:00:00+00:00,Los Angeles,Lakers,1610612747,New Orleans,Pelicans,1610612740,112,95,1610612747,Regular Season,18024.0,,,207,17
22000186,2021-01-15 21:00:00+00:00,Utah,Jazz,1610612762,Atlanta,Hawks,1610612737,116,92,1610612762,Regular Season,18024.0,,,208,24
22000184,2021-01-15 20:00:00+00:00,Oklahoma City,Thunder,1610612760,Chicago,Bulls,1610612741,127,125,1610612760,Regular Season,18024.0,,,252,2
22000180,2021-01-15 19:30:00+00:00,Boston,Celtics,1610612738,Orlando,Magic,1610612753,124,97,1610612738,Regular Season,18024.0,,,221,27
22000181,2021-01-15 19:30:00+00:00,Cleveland,Cavaliers,1610612739,New York,Knicks,1610612752,106,103,1610612739,Regular Season,18024.0,,,209,3
22000182,2021-01-15 19:30:00+00:00,Milwaukee,Bucks,1610612749,Dallas,Mavericks,1610612742,112,109,1610612749,Regular Season,18024.0,,,221,3
22000177,2021-01-14 22:00:00+00:00,Denver,Nuggets,1610612743,Golden State,Warriors,1610612744,114,104,1610612743,Regular Season,18024.0,,,218,10
22000178,2021-01-14 22:00:00+00:00,Portland,Trail Blazers,1610612757,Indiana,Pacers,1610612754,87,111,1610612754,Regular Season,18024.0,,,198,24
22000175,2021-01-14 19:30:00+00:00,Toronto,Raptors,1610612761,Charlotte,Hornets,1610612766,111,108,1610612761,Regular Season,18024.0,,,219,3
22000176,2021-01-14 19:30:00+00:00,San Antonio,Spurs,1610612759,Houston,Rockets,1610612745,105,109,1610612745,Regular Season,18024.0,,,214,4
22000174,2021-01-14 19:00:00+00:00,Philadelphia,76ers,1610612755,Miami,Heat,1610612748,125,108,1610612755,Regular Season,18024.0,,,233,17
22000172,2021-01-13 22:00:00+00:00,Los Angeles,Clippers,1610612746,New Orleans,Pelicans,1610612740,111,106,1610612746,Regular Season,18024.0,,,217,5
22000173,2021-01-13 22:00:00+00:00,Sacramento,Kings,1610612758,Portland,Trail Blazers,1610612757,126,132,1610612757,Regular Season,18024.0,,,258,6
22000169,2021-01-13 20:00:00+00:00,Minnesota,Timberwolves,1610612750,Memphis,Grizzlies,1610612763,107,118,1610612763,Regular Season,18024.0,,,225,11
22000170,2021-01-13 20:00:00+00:00,Oklahoma City,Thunder,1610612760,Los Angeles,Lakers,1610612747,99,128,1610612747,Regular Season,18024.0,,,227,29
22000168,2021-01-13 19:30:00+00:00,New York,Knicks,1610612752,Brooklyn,Nets,1610612751,109,116,1610612751,Regular Season,18024.0,,,225,7
22000165,2021-01-13 19:00:00+00:00,Detroit,Pistons,1610612765,Milwaukee,Bucks,1610612749,101,110,1610612749,Regular Season,18024.0,,,211,9
22000164,2021-01-13 19:00:00+00:00,Charlotte,Hornets,1610612766,Dallas,Mavericks,1610612742,93,104,1610612742,Regular Season,18024.0,,,197,11
22000163,2021-01-12 22:30:00+00:00,Golden State,Warriors,1610612744,Indiana,Pacers,1610612754,95,104,1610612754,Regular Season,18024.0,,,199,9
22000162,2021-01-12 20:00:00+00:00,Oklahoma City,Thunder,1610612760,San Antonio,Spurs,1610612759,102,112,1610612759,Regular Season,18024.0,,,214,10
22000161,2021-01-12 20:00:00+00:00,Houston,Rockets,1610612745,Los Angeles,Lakers,1610612747,100,117,1610612747,Regular Season,18024.0,,,217,17
22000159,2021-01-12 19:30:00+00:00,Cleveland,Cavaliers,1610612739,Utah,Jazz,1610612762,87,117,1610612762,Regular Season,18024.0,,,204,30
22000158,2021-01-12 19:30:00+00:00,Brooklyn,Nets,1610612751,Denver,Nuggets,1610612743,122,116,1610612751,Regular Season,18024.0,,,238,6
22000157,2021-01-12 19:00:00+00:00,Philadelphia,76ers,1610612755,Miami,Heat,1610612748,137,134,1610612755,Regular Season,18024.0,,,271,3
22000155,2021-01-11 22:00:00+00:00,Portland,Trail Blazers,1610612757,Toronto,Raptors,1610612761,112,111,1610612757,Regular Season,18024.0,,,223,1
22000156,2021-01-11 22:00:00+00:00,Sacramento,Kings,1610612758,Indiana,Pacers,1610612754,127,122,1610612758,Regular Season,18024.0,,,249,5
22000153,2021-01-11 19:30:00+00:00,Atlanta,Hawks,1610612737,Philadelphia,76ers,1610612755,112,94,1610612737,Regular Season,18024.0,,,206,18
22000149,2021-01-11 19:00:00+00:00,Charlotte,Hornets,1610612766,New York,Knicks,1610612752,109,88,1610612766,Regular Season,18024.0,,,197,21
22000151,2021-01-11 19:00:00+00:00,Orlando,Magic,1610612753,Milwaukee,Bucks,1610612749,99,121,1610612749,Regular Season,18024.0,,,220,22
22000152,2021-01-11 19:00:00+00:00,Washington,Wizards,1610612764,Phoenix,Suns,1610612756,128,107,1610612764,Regular Season,18024.0,,,235,21
22000150,2021-01-11 19:00:00+00:00,Cleveland,Cavaliers,1610612739,Memphis,Grizzlies,1610612763,91,101,1610612763,Regular Season,18024.0,,,192,10
22000148,2021-01-10 20:30:00+00:00,Golden State,Warriors,1610612744,Toronto,Raptors,1610612761,106,105,1610612744,Regular Season,18024.0,,,211,1
22000147,2021-01-10 20:00:00+00:00,Minnesota,Timberwolves,1610612750,San Antonio,Spurs,1610612759,96,88,1610612750,Regular Season,18024.0,,,184,8
22000146,2021-01-10 19:00:00+00:00,Houston,Rockets,1610612745,Los Angeles,Lakers,1610612747,102,120,1610612747,Regular Season,18024.0,,,222,18
22000144,2021-01-10 18:00:00+00:00,New York,Knicks,1610612752,Denver,Nuggets,1610612743,89,114,1610612743,Regular Season,18024.0,,,203,25
22000143,2021-01-10 18:00:00+00:00,Brooklyn,Nets,1610612751,Oklahoma City,Thunder,1610612760,116,129,1610612760,Regular Season,18024.0,,,245,13
22000142,2021-01-10 16:00:00+00:00,Los Angeles,Clippers,1610612746,Chicago,Bulls,1610612741,130,127,1610612746,Regular Season,18024.0,,,257,3
22000141,2021-01-10 15:00:00+00:00,Detroit,Pistons,1610612765,Utah,Jazz,1610612762,86,96,1610612762,Regular Season,18024.0,,,182,10
22000140,2021-01-09 22:00:00+00:00,Sacramento,Kings,1610612758,Portland,Trail Blazers,1610612757,99,125,1610612757,Regular Season,18024.0,,,224,26
22000139,2021-01-09 20:30:00+00:00,Dallas,Mavericks,1610612742,Orlando,Magic,1610612753,112,98,1610612742,Regular Season,18024.0,,,210,14
22000137,2021-01-09 20:00:00+00:00,Milwaukee,Bucks,1610612749,Cleveland,Cavaliers,1610612739,100,90,1610612749,Regular Season,18024.0,,,190,10
22000138,2021-01-09 20:00:00+00:00,Minnesota,Timberwolves,1610612750,San Antonio,Spurs,1610612759,122,125,1610612759,Regular Season,18024.0,,,247,3
22000134,2021-01-09 19:00:00+00:00,Charlotte,Hornets,1610612766,Atlanta,Hawks,1610612737,113,105,1610612766,Regular Season,18024.0,,,218,8
22000135,2021-01-09 19:00:00+00:00,Indiana,Pacers,1610612754,Phoenix,Suns,1610612756,117,125,1610612756,Regular Season,18024.0,,,242,8
22000136,2021-01-09 19:00:00+00:00,Washington,Wizards,1610612764,Miami,Heat,1610612748,124,128,1610612748,Regular Season,18024.0,,,252,4
22000133,2021-01-09 15:00:00+00:00,Philadelphia,76ers,1610612755,Denver,Nuggets,1610612743,103,115,1610612743,Regular Season,18024.0,,,218,12
22000131,2021-01-08 22:00:00+00:00,Los Angeles,Lakers,1610612747,Chicago,Bulls,1610612741,117,115,1610612747,Regular Season,18024.0,,,232,2
22000132,2021-01-08 22:00:00+00:00,Sacramento,Kings,1610612758,Toronto,Raptors,1610612761,123,144,1610612761,Regular Season,18024.0,,,267,21
22000130,2021-01-08 22:00:00+00:00,Golden State,Warriors,1610612744,Los Angeles,Clippers,1610612746,115,105,1610612744,Regular Season,18024.0,,,220,10
22000127,2021-01-08 20:00:00+00:00,Houston,Rockets,1610612745,Orlando,Magic,1610612753,132,90,1610612745,Regular Season,18024.0,,,222,42
22000129,2021-01-08 20:00:00+00:00,Milwaukee,Bucks,1610612749,Utah,Jazz,1610612762,118,131,1610612762,Regular Season,18024.0,,,249,13
22000128,2021-01-08 20:00:00+00:00,Memphis,Grizzlies,1610612763,Brooklyn,Nets,1610612751,115,110,1610612763,Regular Season,18024.0,,,225,5
22000125,2021-01-08 19:30:00+00:00,New York,Knicks,1610612752,Oklahoma City,Thunder,1610612760,89,101,1610612760,Regular Season,18024.0,,,190,12
22000124,2021-01-08 19:30:00+00:00,Boston,Celtics,1610612738,Washington,Wizards,1610612764,116,107,1610612738,Regular Season,18024.0,,,223,9
22000126,2021-01-08 19:30:00+00:00,New Orleans,Pelicans,1610612740,Charlotte,Hornets,1610612766,110,118,1610612766,Regular Season,18024.0,,,228,8
22000123,2021-01-08 19:00:00+00:00,Detroit,Pistons,1610612765,Phoenix,Suns,1610612756,110,105,1610612765,Regular Season,18024.0,,,215,5
22000120,2021-01-07 22:00:00+00:00,Denver,Nuggets,1610612743,Dallas,Mavericks,1610612742,117,124,1610612742,Regular Season,18024.0,,,241,7
22000121,2021-01-07 22:00:00+00:00,Los Angeles,Lakers,1610612747,San Antonio,Spurs,1610612759,109,118,1610612759,Regular Season,18024.0,,,227,9
22000122,2021-01-07 22:00:00+00:00,Portland,Trail Blazers,1610612757,Minnesota,Timberwolves,1610612750,135,117,1610612757,Regular Season,18024.0,,,252,18
22000119,2021-01-07 20:00:00+00:00,Memphis,Grizzlies,1610612763,Cleveland,Cavaliers,1610612739,90,94,1610612739,Regular Season,18024.0,,,184,4
22000118,2021-01-07 19:30:00+00:00,Brooklyn,Nets,1610612751,Philadelphia,76ers,1610612755,122,109,1610612751,Regular Season,18024.0,,,231,13
22000117,2021-01-06 22:00:00+00:00,Sacramento,Kings,1610612758,Chicago,Bulls,1610612741,128,124,1610612758,Regular Season,18024.0,,,252,4
22000116,2021-01-06 22:00:00+00:00,Golden State,Warriors,1610612744,Los Angeles,Clippers,1610612746,101,108,1610612746,Regular Season,18024.0,,,209,7
22000115,2021-01-06 21:00:00+00:00,Phoenix,Suns,1610612756,Toronto,Raptors,1610612761,123,115,1610612756,Regular Season,18024.0,,,238,8
22000113,2021-01-06 20:00:00+00:00,Milwaukee,Bucks,1610612749,Detroit,Pistons,1610612765,130,115,1610612749,Regular Season,18024.0,,,245,15
22000114,2021-01-06 20:00:00+00:00,New Orleans,Pelicans,1610612740,Oklahoma City,Thunder,1610612760,110,111,1610612760,Regular Season,18024.0,,,221,1
22000112,2021-01-06 19:30:00+00:00,New York,Knicks,1610612752,Utah,Jazz,1610612762,112,100,1610612752,Regular Season,18024.0,,,212,12
22000110,2021-01-06 19:30:00+00:00,Atlanta,Hawks,1610612737,Charlotte,Hornets,1610612766,94,102,1610612766,Regular Season,18024.0,,,196,8
22000111,2021-01-06 19:30:00+00:00,Miami,Heat,1610612748,Boston,Celtics,1610612738,105,107,1610612738,Regular Season,18024.0,,,212,2
22000108,2021-01-06 19:00:00+00:00,Orlando,Magic,1610612753,Cleveland,Cavaliers,1610612739,105,94,1610612753,Regular Season,18024.0,,,199,11
22000107,2021-01-06 19:00:00+00:00,Indiana,Pacers,1610612754,Houston,Rockets,1610612745,114,107,1610612754,Regular Season,18024.0,,,221,7
22000109,2021-01-06 19:00:00+00:00,Philadelphia,76ers,1610612755,Washington,Wizards,1610612764,141,136,1610612755,Regular Season,18024.0,,,277,5
22000106,2021-01-05 22:30:00+00:00,Portland,Trail Blazers,1610612757,Chicago,Bulls,1610612741,108,111,1610612741,Regular Season,18024.0,,,219,3
22000105,2021-01-05 22:00:00+00:00,Los Angeles,Clippers,1610612746,San Antonio,Spurs,1610612759,113,116,1610612759,Regular Season,18024.0,,,229,3
22000104,2021-01-05 21:00:00+00:00,Denver,Nuggets,1610612743,Minnesota,Timberwolves,1610612750,123,116,1610612743,Regular Season,18024.0,,,239,7
22000103,2021-01-05 20:00:00+00:00,Memphis,Grizzlies,1610612763,Los Angeles,Lakers,1610612747,92,94,1610612747,Regular Season,18024.0,,,186,2
22000102,2021-01-05 19:30:00+00:00,Brooklyn,Nets,1610612751,Utah,Jazz,1610612762,130,96,1610612751,Regular Season,18024.0,,,226,34
22000101,2021-01-04 22:00:00+00:00,Golden State,Warriors,1610612744,Sacramento,Kings,1610612758,137,106,1610612744,Regular Season,18024.0,,,243,31
22000100,2021-01-04 20:00:00+00:00,New Orleans,Pelicans,1610612740,Indiana,Pacers,1610612754,116,118,1610612754,Regular Season,18024.0,,,234,2
22000098,2021-01-04 20:00:00+00:00,Houston,Rockets,1610612745,Dallas,Mavericks,1610612742,100,113,1610612742,Regular Season,18024.0,,,213,13
22000099,2021-01-04 20:00:00+00:00,Milwaukee,Bucks,1610612749,Detroit,Pistons,1610612765,125,115,1610612749,Regular Season,18024.0,,,240,10
22000096,2021-01-04 19:30:00+00:00,Miami,Heat,1610612748,Oklahoma City,Thunder,1610612760,118,90,1610612748,Regular Season,18024.0,,,208,28
22000097,2021-01-04 19:30:00+00:00,Toronto,Raptors,1610612761,Boston,Celtics,1610612738,114,126,1610612738,Regular Season,18024.0,,,240,12
22000095,2021-01-04 19:30:00+00:00,Atlanta,Hawks,1610612737,New York,Knicks,1610612752,108,113,1610612752,Regular Season,18024.0,,,221,5
22000094,2021-01-04 19:00:00+00:00,Philadelphia,76ers,1610612755,Charlotte,Hornets,1610612766,118,101,1610612755,Regular Season,18024.0,,,219,17
22000093,2021-01-04 19:00:00+00:00,Orlando,Magic,1610612753,Cleveland,Cavaliers,1610612739,103,83,1610612753,Regular Season,18024.0,,,186,20
22000092,2021-01-03 20:30:00+00:00,Golden State,Warriors,1610612744,Portland,Trail Blazers,1610612757,137,122,1610612744,Regular Season,18024.0,,,259,15
22000090,2021-01-03 20:00:00+00:00,Chicago,Bulls,1610612741,Dallas,Mavericks,1610612742,118,108,1610612741,Regular Season,18024.0,,,226,10
22000091,2021-01-03 20:00:00+00:00,Phoenix,Suns,1610612756,Los Angeles,Clippers,1610612746,107,112,1610612746,Regular Season,18024.0,,,219,5
22000089,2021-01-03 19:00:00+00:00,San Antonio,Spurs,1610612759,Utah,Jazz,1610612762,109,130,1610612762,Regular Season,18024.0,,,239,21
22000088,2021-01-03 19:00:00+00:00,Minnesota,Timberwolves,1610612750,Denver,Nuggets,1610612743,109,124,1610612743,Regular Season,18024.0,,,233,15
22000086,2021-01-03 18:00:00+00:00,Brooklyn,Nets,1610612751,Washington,Wizards,1610612764,122,123,1610612764,Regular Season,18024.0,,,245,1
22000087,2021-01-03 18:00:00+00:00,Memphis,Grizzlies,1610612763,Los Angeles,Lakers,1610612747,94,108,1610612747,Regular Season,18024.0,,,202,14
22000085,2021-01-03 15:00:00+00:00,Detroit,Pistons,1610612765,Boston,Celtics,1610612738,120,122,1610612738,Regular Season,18024.0,,,242,2
22000084,2021-01-02 19:30:00+00:00,New Orleans,Pelicans,1610612740,Toronto,Raptors,1610612761,120,116,1610612740,Regular Season,18024.0,,,236,4
22000083,2021-01-02 19:30:00+00:00,Atlanta,Hawks,1610612737,Cleveland,Cavaliers,1610612739,91,96,1610612739,Regular Season,18024.0,,,187,5
22000080,2021-01-02 19:00:00+00:00,Indiana,Pacers,1610612754,New York,Knicks,1610612752,102,106,1610612752,Regular Season,18024.0,,,208,4
22000082,2021-01-02 19:00:00+00:00,Philadelphia,76ers,1610612755,Charlotte,Hornets,1610612766,127,112,1610612755,Regular Season,18024.0,,,239,15
22000081,2021-01-02 19:00:00+00:00,Orlando,Magic,1610612753,Oklahoma City,Thunder,1610612760,99,108,1610612760,Regular Season,18024.0,,,207,9
22000079,2021-01-02 17:00:00+00:00,Houston,Rockets,1610612745,Sacramento,Kings,1610612758,102,94,1610612745,Regular Season,18024.0,,,196,8
22000078,2021-01-01 22:30:00+00:00,Golden State,Warriors,1610612744,Portland,Trail Blazers,1610612757,98,123,1610612757,Regular Season,18024.0,,,221,25
22000076,2021-01-01 21:00:00+00:00,Denver,Nuggets,1610612743,Phoenix,Suns,1610612756,103,106,1610612756,Regular Season,18024.0,,,209,3
22000077,2021-01-01 21:00:00+00:00,Utah,Jazz,1610612762,Los Angeles,Clippers,1610612746,106,100,1610612762,Regular Season,18024.0,,,206,6
22000074,2021-01-01 20:00:00+00:00,Minnesota,Timberwolves,1610612750,Washington,Wizards,1610612764,109,130,1610612764,Regular Season,18024.0,,,239,21
22000075,2021-01-01 20:00:00+00:00,San Antonio,Spurs,1610612759,Los Angeles,Lakers,1610612747,103,109,1610612747,Regular Season,18024.0,,,212,6
22000073,2021-01-01 20:00:00+00:00,Milwaukee,Bucks,1610612749,Chicago,Bulls,1610612741,126,96,1610612749,Regular Season,18024.0,,,222,30
22000072,2021-01-01 19:30:00+00:00,Brooklyn,Nets,1610612751,Atlanta,Hawks,1610612737,96,114,1610612737,Regular Season,18024.0,,,210,18
22000071,2021-01-01 19:00:00+00:00,Dallas,Mavericks,1610612742,Miami,Heat,1610612748,93,83,1610612742,Regular Season,18024.0,,,176,10
22000069,2021-01-01 19:00:00+00:00,Charlotte,Hornets,1610612766,Memphis,Grizzlies,1610612763,93,108,1610612763,Regular Season,18024.0,,,201,15
22000070,2021-01-01 19:00:00+00:00,Detroit,Pistons,1610612765,Boston,Celtics,1610612738,96,93,1610612765,Regular Season,18024.0,,,189,3
